ID	version	restart base fast	restart base slow	file	vars	clauses	conflicts	learned	decisions	propagations	restarts	restarts unstable	restarts stable	learned avg. size	learnt stack avg	learnt stack stable counter	learnt stack unstable counter	answer	cpu time
1	cadical_v21	3	1280	C:/Users/cball/OneDrive/Documentos/Pessoal/ITA/SAT/Competições/SATRace2019-2/Benchmark/eqsparrc14spctbk14.cnf	4136	12323	14947002	14816855	19558884	1971128767	507987	495407	12580	       35.63	       -0.03	19937	4132195	IND	     4992.06
2	cadical_v21	3	1280	C:/Users/cball/OneDrive/Documentos/Pessoal/ITA/SAT/Competições/SATRace2019-2/Benchmark/eqsparrc16spwtcl16.cnf	6576	19630	15653338	15510931	20035328	2990212547	480788	467007	13781	       45.83	       -0.02	21685	4218712	IND	     4996.48
3	cadical_v21	3	1280	C:/Users/cball/OneDrive/Documentos/Pessoal/ITA/SAT/Competições/SATRace2019-2/Benchmark/eqspctbk12bpwtrc12.cnf	3001	8931	14994935	14883227	18481975	1674577438	518605	505644	12961	       33.92	       -0.03	20356	4099417	IND	     4997.31
4	cadical_v21	3	1280	C:/Users/cball/OneDrive/Documentos/Pessoal/ITA/SAT/Competições/SATRace2019-2/Benchmark/eqspctbk14sparcl14.cnf	4344	12948	15797353	15666959	19487889	2235017076	501910	488293	13617	       37.01	       -0.02	21633	4128819	IND	     4996.03
5	cadical_v21	3	1280	C:/Users/cball/OneDrive/Documentos/Pessoal/ITA/SAT/Competições/SATRace2019-2/Benchmark/eqspctbk14spwtcl14.cnf	4699	14013	14167997	14042663	19991881	1780881545	484259	471923	12336	       44.11	       -0.03	19086	4207563	IND	     4992.08
6	cadical_v21	3	1280	C:/Users/cball/OneDrive/Documentos/Pessoal/ITA/SAT/Competições/SATRace2019-2/Benchmark/eqspdtlf14bpwtrc14.cnf	4292	12790	14555034	14442990	18472007	1769491674	521411	508717	12694	       48.00	       -0.03	19744	4055981	IND	     4996.12
7	cadical_v21	3	1280	C:/Users/cball/OneDrive/Documentos/Pessoal/ITA/SAT/Competições/SATRace2019-2/Benchmark/eqspwtcl14bpwtcl14.cnf	5418	16168	12257082	12160830	15562242	2113883407	539946	530571	9375	       50.92	       -0.02	14646	3998003	IND	     4995.83
8	cadical_v21	3	1280	C:/Users/cball/OneDrive/Documentos/Pessoal/ITA/SAT/Competições/SATRace2019-2/Benchmark/eqspwtrc16bparrc16.cnf	5702	17010	13791801	13666805	17897069	2133714945	505920	493903	12017	       61.26	       -0.03	18475	4096383	IND	     4995.53
9	cadical_v21	3	1280	C:/Users/cball/OneDrive/Documentos/Pessoal/ITA/SAT/Competições/SATRace2019-2/Benchmark/ex051_9-sc2018.cnf	51315	485537	7710030	7480679	19393055	1790774705	359443	355576	3867	       26.03	       -0.11	5985	5842647	UNSAT	     2312.89
10	cadical_v21	3	1280	C:/Users/cball/OneDrive/Documentos/Pessoal/ITA/SAT/Competições/SATRace2019-2/Benchmark/ex145_11-sc2018.cnf	39544	294276	19136859	18674665	50993102	3719520528	663610	646530	17080	       26.16	       -0.09	25539	10518893	IND	     4998.84
11	cadical_v21	3	1280	C:/Users/cball/OneDrive/Documentos/Pessoal/ITA/SAT/Competições/SATRace2019-2/Benchmark/ex175_17-sc2018.cnf	895721	17688050	5958506	5792784	16541353	6901396853	234740	230617	4123	       25.81	       -0.11	6240	4151257	IND	     4999.22
12	cadical_v21	3	1280	C:/Users/cball/OneDrive/Documentos/Pessoal/ITA/SAT/Competições/SATRace2019-2/Benchmark/ex175_18-sc2018.cnf	895721	17648874	2447893	2376134	7710840	4062661214	102896	101300	1596	       24.05	       -0.11	2438	1929806	SAT	     2602.09
13	cadical_v21	3	1280	C:/Users/cball/OneDrive/Documentos/Pessoal/ITA/SAT/Competições/SATRace2019-2/Benchmark/ezfact64_6.shuffled-as.sat03-1522-sc2002.cnf	3073	19610	636969	630303	1113874	173752622	32232	31796	436	       26.98	       -0.07	668	273768	SAT	      109.52
14	cadical_v21	3	1280	C:/Users/cball/OneDrive/Documentos/Pessoal/ITA/SAT/Competições/SATRace2019-2/Benchmark/ezfact64_8.shuffled-as.sat03-1524-sc2002.cnf	3073	19636	792893	785718	1233876	211740453	30681	29999	682	       27.52	       -0.06	1035	278773	SAT	      143.20
15	cadical_v21	3	1280	C:/Users/cball/OneDrive/Documentos/Pessoal/ITA/SAT/Competições/SATRace2019-2/Benchmark/f10nidw-sc2012.cnf	824210	2459565	1352591	1312378	11369061	756152538	53934	52878	1056	       37.71	       -0.13	1585	3051709	UNSAT	      395.53
16	cadical_v21	3	1280	C:/Users/cball/OneDrive/Documentos/Pessoal/ITA/SAT/Competições/SATRace2019-2/Benchmark/f6nidw-sc2012.cnf	190399	564772	33016	32010	328504	13763671	2410	2398	12	       16.07	       -0.20	23	69534	UNSAT	       11.36
17	cadical_v21	3	1280	C:/Users/cball/OneDrive/Documentos/Pessoal/ITA/SAT/Competições/SATRace2019-2/Benchmark/frb-40-19-1-mgd_c18.cnf	760	37548	50009	48733	77261	4564562	1138	1103	35	       46.77	       -0.05	59	22569	SAT	        3.78
18	cadical_v21	3	1280	C:/Users/cball/OneDrive/Documentos/Pessoal/ITA/SAT/Competições/SATRace2019-2/Benchmark/frb59-26-1.used-as.sat04-891-sc2011.cnf	1534	132295	19053968	18617008	29276875	2258662110	417093	401834	15259	       76.98	       -0.05	23718	8209094	IND	     4998.94
19	cadical_v21	3	1280	C:/Users/cball/OneDrive/Documentos/Pessoal/ITA/SAT/Competições/SATRace2019-2/Benchmark/gensys-icl005.shuffled-as.sat05-3826-sc2011.cnf	2703	17985	1799062	1774544	2713385	131539937	67097	66191	906	       29.90	       -0.05	1437	999160	UNSAT	      412.72
20	cadical_v21	3	1280	C:/Users/cball/OneDrive/Documentos/Pessoal/ITA/SAT/Competições/SATRace2019-2/Benchmark/gss-20-s100-sc2009.cnf	31503	94548	679672	679444	685689	2683697838	18305	17879	426	       34.36	       -0.00	691	290420	SAT	      731.73
21	cadical_v21	3	1280	C:/Users/cball/OneDrive/Documentos/Pessoal/ITA/SAT/Competições/SATRace2019-2/Benchmark/gss-33-s100-sc2009.cnf	32402	97364	5430637	5416198	5990714	9898015348	174503	170668	3835	       55.92	       -0.01	5955	2244809	IND	     4998.73
22	cadical_v21	3	1280	C:/Users/cball/OneDrive/Documentos/Pessoal/ITA/SAT/Competições/SATRace2019-2/Benchmark/gto_p60c238-sc2018.cnf	1043	2829	5376785	5318979	6166718	81699798	162233	158604	3629	       22.96	       -0.03	5748	2247257	UNSAT	      346.56
23	cadical_v21	3	1280	C:/Users/cball/OneDrive/Documentos/Pessoal/ITA/SAT/Competições/SATRace2019-2/Benchmark/gus-md5-14-sc2009.cnf	69641	226367	2435174	2410540	6035101	10032006392	98743	96727	2016	      112.48	       -0.05	2845	1293245	IND	     4998.91
24	cadical_v21	3	1280	C:/Users/cball/OneDrive/Documentos/Pessoal/ITA/SAT/Competições/SATRace2019-2/Benchmark/hcp_CP14_14.cnf	47040	178880	2449052	2388987	24271862	5518367300	86017	84362	1655	       93.22	       -0.09	2498	2363929	SAT	      915.58
25	cadical_v21	3	1280	C:/Users/cball/OneDrive/Documentos/Pessoal/ITA/SAT/Competições/SATRace2019-2/Benchmark/hcp_CP16_16.cnf	77824	282013	8552012	8346975	121000568	26017475627	348320	343769	4551	       79.77	       -0.10	6948	10738532	IND	     4999.41
26	cadical_v21	3	1280	C:/Users/cball/OneDrive/Documentos/Pessoal/ITA/SAT/Competições/SATRace2019-2/Benchmark/hcp_CP18_18.cnf	122472	440385	2346713	2287253	42046199	9768195875	99970	98593	1377	       69.69	       -0.11	2140	3354592	SAT	     1307.86
27	cadical_v21	3	1280	C:/Users/cball/OneDrive/Documentos/Pessoal/ITA/SAT/Competições/SATRace2019-2/Benchmark/hcp_CP20_20.cnf	183200	637206	4007352	3922461	57371293	17875588592	109756	106143	3613	       82.59	       -0.08	5663	3910142	SAT	     2331.59
28	cadical_v21	3	1280	C:/Users/cball/OneDrive/Documentos/Pessoal/ITA/SAT/Competições/SATRace2019-2/Benchmark/hcp_CP22_22.cnf	264264	895141	5370211	5244479	120639461	35137352827	202203	198535	3668	       76.89	       -0.10	5786	8157144	IND	     4995.41
29	cadical_v21	3	1280	C:/Users/cball/OneDrive/Documentos/Pessoal/ITA/SAT/Competições/SATRace2019-2/Benchmark/hcp_CP24_24.cnf	370944	1254550	4657650	4551673	104886704	35672496648	146700	143039	3661	       81.60	       -0.09	5779	7193347	IND	     4995.06
30	cadical_v21	3	1280	C:/Users/cball/OneDrive/Documentos/Pessoal/ITA/SAT/Competições/SATRace2019-2/Benchmark/hcp_CP26_26.cnf	505648	1677281	3794468	3706055	92988873	34994605283	107833	104704	3129	       83.98	       -0.08	5015	5988321	IND	     4995.17
31	cadical_v21	3	1280	C:/Users/cball/OneDrive/Documentos/Pessoal/ITA/SAT/Competições/SATRace2019-2/Benchmark/hcp_bij16_16.cnf	81920	16496017	7383350	6678440	272217157	4165227815	235993	229423	6570	      357.13	       -0.07	8634	59971308	IND	     4997.08
32	cadical_v21	3	1280	C:/Users/cball/OneDrive/Documentos/Pessoal/ITA/SAT/Competições/SATRace2019-2/Benchmark/hcp_d12_12.cnf	23345	49263	51678	50150	513583	10619502	3733	3692	41	       52.38	       -0.17	67	30550	SAT	        5.64
33	cadical_v21	3	1280	C:/Users/cball/OneDrive/Documentos/Pessoal/ITA/SAT/Competições/SATRace2019-2/Benchmark/hcp_d14_14.cnf	41961	70118	17064078	16742763	87670439	3068654749	388373	372323	16050	      100.92	       -0.08	24512	10476756	IND	     4996.84
34	cadical_v21	3	1280	C:/Users/cball/OneDrive/Documentos/Pessoal/ITA/SAT/Competições/SATRace2019-2/Benchmark/hcp_d16_16.cnf	70675	106388	17678927	17299664	123020067	2959870668	460278	444553	15725	       90.12	       -0.09	24188	15312270	IND	     4995.12
35	cadical_v21	3	1280	C:/Users/cball/OneDrive/Documentos/Pessoal/ITA/SAT/Competições/SATRace2019-2/Benchmark/hcp_d18_18.cnf	111475	138053	18232536	17818626	165453004	3240718440	529928	514534	15394	       80.77	       -0.10	23858	21267631	IND	     4996.84
36	cadical_v21	3	1280	C:/Users/cball/OneDrive/Documentos/Pessoal/ITA/SAT/Competições/SATRace2019-2/Benchmark/hcp_d20_20.cnf	168019	173814	18621792	18181261	206517715	3714461922	573462	558714	14748	       79.84	       -0.11	23213	28471449	IND	     4996.77
37	cadical_v21	3	1280	C:/Users/cball/OneDrive/Documentos/Pessoal/ITA/SAT/Competições/SATRace2019-2/Benchmark/hcp_d22_22.cnf	243955	213707	19153800	18686697	260206548	4254269438	635154	620803	14351	       78.42	       -0.12	22819	37645734	IND	     4998.44
38	cadical_v21	3	1280	C:/Users/cball/OneDrive/Documentos/Pessoal/ITA/SAT/Competições/SATRace2019-2/Benchmark/hcp_d24_24.cnf	344469	286016	19227177	18745737	299228624	4858203516	651435	637285	14150	       77.30	       -0.13	22619	46144407	IND	     4996.28
39	cadical_v21	3	1280	C:/Users/cball/OneDrive/Documentos/Pessoal/ITA/SAT/Competições/SATRace2019-2/Benchmark/hcp_r20_20.cnf	323138	21567424	42	42	488000	577871	0	0	0	        9.19	       -0.74	0	487781	SAT	       26.36
40	cadical_v21	3	1280	C:/Users/cball/OneDrive/Documentos/Pessoal/ITA/SAT/Competições/SATRace2019-2/Benchmark/hcp_r26_26.cnf	919562	103439854	0	0	0	230180	0	0	0	        0.00	        0.00	0	0	SAT	      132.56
41	cadical_v21	3	1280	C:/Users/cball/OneDrive/Documentos/Pessoal/ITA/SAT/Competições/SATRace2019-2/Benchmark/hitag2-8-60-0-0x880693399044612-25-SAT-sc2013.cnf	2316	30945	7067249	7027016	10340178	392479939	330976	327501	3475	       22.68	       -0.04	5596	3424643	SAT	     1740.31
42	cadical_v21	3	1280	C:/Users/cball/OneDrive/Documentos/Pessoal/ITA/SAT/Competições/SATRace2019-2/Benchmark/hwb-n26-01-S1957858365.shuffled-as.sat03-1622-sc2002.cnf	172	832	9213930	9153905	11751363	193783708	401857	397176	4681	       18.80	       -0.04	7596	4474733	UNSAT	     1073.33
43	cadical_v21	3	1280	C:/Users/cball/OneDrive/Documentos/Pessoal/ITA/SAT/Competições/SATRace2019-2/Benchmark/hwb-n26-03-S540351185.sat05-490.reshuffled-07-sc2007.cnf	172	832	14291326	14201647	17933287	335517738	449021	437767	11254	       18.91	       -0.03	18106	4340028	UNSAT	     2046.59
44	cadical_v21	3	1280	C:/Users/cball/OneDrive/Documentos/Pessoal/ITA/SAT/Competições/SATRace2019-2/Benchmark/hwmcc10-timeframe-expansion-k45-pdtpmspalu-tseitin-sc2011.cnf	89190	265715	9711589	9505680	85338769	1818066308	556081	549763	6318	       33.73	       -0.15	9613	11963709	UNSAT	     2186.44
45	cadical_v21	3	1280	C:/Users/cball/OneDrive/Documentos/Pessoal/ITA/SAT/Competições/SATRace2019-2/Benchmark/hwmcc15deep-6s516r-k18-sc2017.cnf	51996	147555	12256086	12197700	136018524	1350031770	337207	323841	13366	       47.33	       -0.03	18609	48489945	UNSAT	     1012.08
46	cadical_v21	3	1280	C:/Users/cball/OneDrive/Documentos/Pessoal/ITA/SAT/Competições/SATRace2019-2/Benchmark/hwmcc15deep-oski15a10b10s-k22-sc2017.cnf	569318	1484813	5622309	5411805	36711526	3571348097	287867	283935	3932	       36.21	       -0.13	6049	7012574	UNSAT	     1923.42
47	cadical_v21	3	1280	C:/Users/cball/OneDrive/Documentos/Pessoal/ITA/SAT/Competições/SATRace2019-2/Benchmark/jgiraldezlevy.2200.9086.08.40.149-sr2015.cnf	2200	9086	143645	138733	685790	28012744	15797	15706	91	       22.24	       -0.20	138	57635	SAT	       13.12
48	cadical_v21	3	1280	C:/Users/cball/OneDrive/Documentos/Pessoal/ITA/SAT/Competições/SATRace2019-2/Benchmark/k_unsat-sc2013.cnf	7021	95854	12011742	11876380	20141203	3521833566	418974	409722	9252	       28.44	       -0.06	14331	4583452	IND	     4999.38
49	cadical_v21	3	1280	C:/Users/cball/OneDrive/Documentos/Pessoal/ITA/SAT/Competições/SATRace2019-2/Benchmark/knight_14.cnf	4680	39640	2457719	2382802	24576475	496773890	128273	126684	1589	       66.13	       -0.15	2439	2571445	SAT	      437.45
50	cadical_v21	3	1280	C:/Users/cball/OneDrive/Documentos/Pessoal/ITA/SAT/Competições/SATRace2019-2/Benchmark/knight_16.cnf	81119	804926	6975492	4861192	312720716	9820596480	192388	188908	3480	      521.15	       -0.18	5577	36705577	IND	     4999.14
51	cadical_v21	3	1280	C:/Users/cball/OneDrive/Documentos/Pessoal/ITA/SAT/Competições/SATRace2019-2/Benchmark/knight_18.cnf	126152	1297025	6300615	4151193	334180523	11244636123	149890	146294	3596	      585.22	       -0.17	5676	40013196	IND	     4999.19
52	cadical_v21	3	1280	C:/Users/cball/OneDrive/Documentos/Pessoal/ITA/SAT/Competições/SATRace2019-2/Benchmark/knight_20.cnf	189446	2004246	6005717	3665845	339590365	12095654611	119935	116659	3276	      610.07	       -0.16	5340	45565760	IND	     4998.77
53	cadical_v21	3	1280	C:/Users/cball/OneDrive/Documentos/Pessoal/ITA/SAT/Competições/SATRace2019-2/Benchmark/le450_15b.col.15-sc2018.cnf	6300	114816	34261155	33986783	38547567	2309210868	1167474	1147629	19845	       53.57	       -0.03	29454	19376250	IND	     4999.28
54	cadical_v21	3	1280	C:/Users/cball/OneDrive/Documentos/Pessoal/ITA/SAT/Competições/SATRace2019-2/Benchmark/li-exam-63.shuffled-as.sat03-368-sc2002.cnf	28147	108399	8129102	7742118	117701418	6349327114	519856	516353	3503	      176.81	       -0.17	5621	6623382	IND	     4995.36
55	cadical_v21	3	1280	C:/Users/cball/OneDrive/Documentos/Pessoal/ITA/SAT/Competições/SATRace2019-2/Benchmark/li-test4-99.shuffled-as.sat03-377-sc2002.cnf	36809	142448	7417510	6994225	239412740	7580064971	430031	426719	3312	      272.98	       -0.19	5431	12114489	IND	     4993.69
56	cadical_v21	3	1280	C:/Users/cball/OneDrive/Documentos/Pessoal/ITA/SAT/Competições/SATRace2019-2/Benchmark/manthey_DimacsSorter_37_3-sr2015.cnf	6634	23392	2306667	2258949	5198104	725755666	84985	83539	1446	       70.82	       -0.06	2177	1179863	SAT	      487.59
57	cadical_v21	3	1280	C:/Users/cball/OneDrive/Documentos/Pessoal/ITA/SAT/Competições/SATRace2019-2/Benchmark/manthey_single-ordered-initialized-w50-b7-sr2015.cnf	10675	84849	4343878	4263869	6474268	1037560193	97191	93540	3651	       29.57	       -0.04	5767	1617506	UNSAT	     1254.13
58	cadical_v21	3	1280	C:/Users/cball/OneDrive/Documentos/Pessoal/ITA/SAT/Competições/SATRace2019-2/Benchmark/maxxor032-sc2011.cnf	13240	39135	409309	396780	1493363	63167953	25849	25575	274	       35.16	       -0.14	407	262308	UNSAT	       34.22
59	cadical_v21	3	1280	C:/Users/cball/OneDrive/Documentos/Pessoal/ITA/SAT/Competições/SATRace2019-2/Benchmark/minxorminand128-sc2009.cnf	153834	459957	5469550	5252664	45052974	825076626	159736	155053	4683	      130.34	       -0.07	6791	14538726	UNSAT	     1302.41
60	cadical_v21	3	1280	C:/Users/cball/OneDrive/Documentos/Pessoal/ITA/SAT/Competições/SATRace2019-2/Benchmark/mod2c-3cage-unsat-10-2.sat05-2567.reshuffled-07-sc2007.cnf	140	560	55013607	54990529	70324401	374511711	1333034	1289462	43572	       17.06	       -0.03	69309	21613956	UNSAT	     3128.94
61	cadical_v21	3	1280	C:/Users/cball/OneDrive/Documentos/Pessoal/ITA/SAT/Competições/SATRace2019-2/Benchmark/mod2c-3cage-unsat-10-3.sat05-2568.reshuffled-07-sc2007.cnf	140	560	41248413	41227716	52265571	244929371	1252931	1226819	26112	       17.84	       -0.03	41169	21558848	UNSAT	     1743.17
62	cadical_v21	3	1280	C:/Users/cball/OneDrive/Documentos/Pessoal/ITA/SAT/Competições/SATRace2019-2/Benchmark/mod4block_2vars_10gates_u2_autoenc-sc2009.cnf	479	123439	3640060	3577656	10405107	106695877	168618	165662	2956	       27.78	       -0.10	4722	1066709	SAT	      464.81
63	cadical_v21	3	1280	C:/Users/cball/OneDrive/Documentos/Pessoal/ITA/SAT/Competições/SATRace2019-2/Benchmark/mrpp_6x6#12_24-sc2013.cnf	12197	78363	252118	243665	2829667	21255344	10800	10631	169	       16.02	       -0.19	301	473366	SAT	       13.16
64	cadical_v21	3	1280	C:/Users/cball/OneDrive/Documentos/Pessoal/ITA/SAT/Competições/SATRace2019-2/Benchmark/mrpp_8x8#20_24-sc2014.cnf	22022	172772	2844253	2748143	29340808	308426506	136294	134565	1729	       22.77	       -0.19	2880	5825700	SAT	      280.16
65	cadical_v21	3	1280	C:/Users/cball/OneDrive/Documentos/Pessoal/ITA/SAT/Competições/SATRace2019-2/Benchmark/mulhs016-sc2009.cnf	4656	13868	10404917	10256462	20940190	2150797480	461173	454854	6319	       40.29	       -0.06	10156	4343075	IND	     4998.09
66	cadical_v21	3	1280	C:/Users/cball/OneDrive/Documentos/Pessoal/ITA/SAT/Competições/SATRace2019-2/Benchmark/ndhf_xits_16_UNKNOWN-sc2009.cnf	3366	362797	29466308	28977606	39208803	2638764999	941922	925065	16857	       74.38	       -0.03	25308	17215824	IND	     4992.00
67	cadical_v21	3	1280	C:/Users/cball/OneDrive/Documentos/Pessoal/ITA/SAT/Competições/SATRace2019-2/Benchmark/ndhf_xits_19_UNKNOWN-sc2011.cnf	4020	466486	2776350	2735327	3572122	341887779	71922	69636	2286	       93.01	       -0.03	3379	1266743	SAT	      415.63
68	cadical_v21	3	1280	C:/Users/cball/OneDrive/Documentos/Pessoal/ITA/SAT/Competições/SATRace2019-2/Benchmark/newton.2.3.i.smt2-cvc4-sc2016.cnf	302737	1309727	1413789	1384450	2163803	10516862359	49461	48505	956	       50.54	       -0.04	1487	757652	UNSAT	     3223.27
69	cadical_v21	3	1280	C:/Users/cball/OneDrive/Documentos/Pessoal/ITA/SAT/Competições/SATRace2019-2/Benchmark/par32-1-c.shuffled-as.sat03-1531-sc2002.cnf	1315	5254	22640096	22465497	35655802	1719534354	1017511	1003728	13783	       23.41	       -0.05	22257	8914825	IND	     4994.38
70	cadical_v21	3	1280	C:/Users/cball/OneDrive/Documentos/Pessoal/ITA/SAT/Competições/SATRace2019-2/Benchmark/partial-10-11-s-sc2007.cnf	189456	835275	202366	179695	1815920	457998241	6293	6096	197	      422.76	       -0.10	290	153885	SAT	      149.89
71	cadical_v21	3	1280	C:/Users/cball/OneDrive/Documentos/Pessoal/ITA/SAT/Competições/SATRace2019-2/Benchmark/partial-10-11-u-sc2007.cnf	188962	825894	6515472	6190864	51417290	8409613249	231088	226673	4415	      304.76	       -0.08	6527	4055246	IND	     4997.47
72	cadical_v21	3	1280	C:/Users/cball/OneDrive/Documentos/Pessoal/ITA/SAT/Competições/SATRace2019-2/Benchmark/partial-5-11-u-sc2007.cnf	164158	717440	11612978	11178012	64516412	7153227485	369626	359707	9919	      158.26	       -0.07	14675	5053456	IND	     4996.75
73	cadical_v21	3	1280	C:/Users/cball/OneDrive/Documentos/Pessoal/ITA/SAT/Competições/SATRace2019-2/Benchmark/partial-5-17-s-sc2007.cnf	252328	1169843	6420533	6127918	66499065	9732198106	263454	259100	4354	      249.18	       -0.10	6466	4565641	SAT	     4690.41
74	cadical_v21	3	1280	C:/Users/cball/OneDrive/Documentos/Pessoal/ITA/SAT/Competições/SATRace2019-2/Benchmark/partial-5-19-u-sc2007.cnf	262368	1226585	6049136	5740742	77713989	9580115079	255218	250760	4458	      320.44	       -0.11	6569	4644966	IND	     4999.13
75	cadical_v21	3	1280	C:/Users/cball/OneDrive/Documentos/Pessoal/ITA/SAT/Competições/SATRace2019-2/Benchmark/pb_300_10_lb_08-sc2014.cnf	139915	590682	414636	392417	1765937	264610013	20091	19880	211	       37.36	       -0.16	345	352718	UNSAT	      117.03
76	cadical_v21	3	1280	C:/Users/cball/OneDrive/Documentos/Pessoal/ITA/SAT/Competições/SATRace2019-2/Benchmark/ps_5000_21250_3_0_0.7_0_1.45_4-sc2017.cnf	5000	21250	19807878	19327752	46490581	3745744339	630141	616309	13832	       35.39	       -0.06	22302	7667832	IND	     4999.16
77	cadical_v21	3	1280	C:/Users/cball/OneDrive/Documentos/Pessoal/ITA/SAT/Competições/SATRace2019-2/Benchmark/ps_5000_21250_3_0_0.8_0_1.55_2-sc2017.cnf	5000	21250	10522018	10296927	18070064	1770495168	403007	396795	6212	       20.27	       -0.06	10140	4637269	UNSAT	     1763.70
78	cadical_v21	3	1280	C:/Users/cball/OneDrive/Documentos/Pessoal/ITA/SAT/Competições/SATRace2019-2/Benchmark/rbcl_xits_11_UNKNOWN-sc2009.cnf	1740	104640	19160420	18874587	39976912	1436608749	695476	680020	15456	       32.26	       -0.06	23920	6798188	IND	     4998.72
79	cadical_v21	3	1280	C:/Users/cball/OneDrive/Documentos/Pessoal/ITA/SAT/Competições/SATRace2019-2/Benchmark/rbcl_xits_13_UNKNOWN-sc2009.cnf	2058	133055	20667374	20383858	47392232	1667521625	751897	736337	15560	       38.11	       -0.06	24022	8276744	IND	     4999.23
80	cadical_v21	3	1280	C:/Users/cball/OneDrive/Documentos/Pessoal/ITA/SAT/Competições/SATRace2019-2/Benchmark/rbsat-v2100c215164g4-sc2011.cnf	2100	215164	19271742	18794143	33130399	2820327198	407299	392128	15171	       98.23	       -0.05	23631	8692119	IND	     4999.36
81	cadical_v21	3	1280	C:/Users/cball/OneDrive/Documentos/Pessoal/ITA/SAT/Competições/SATRace2019-2/Benchmark/rbsat-v2400c266431g5-sc2009.cnf	2400	266431	20301431	19783462	35398999	2758238205	375166	359717	15449	      127.19	       -0.05	23909	10062689	IND	     4999.19
82	cadical_v21	3	1280	C:/Users/cball/OneDrive/Documentos/Pessoal/ITA/SAT/Competições/SATRace2019-2/Benchmark/rbsat-v945c61409gyes9-sc2009.cnf	945	61409	3461570	3396726	4508521	336069699	78956	76084	2872	       58.68	       -0.04	4498	1295343	SAT	      709.76
83	cadical_v21	3	1280	C:/Users/cball/OneDrive/Documentos/Pessoal/ITA/SAT/Competições/SATRace2019-2/Benchmark/rphp5_100_shuffled-sc2016.cnf	1000	21405	86340808	61425275	876117289	11066800027	454987	321892	133095	       35.44	       -0.04	165279	237449239	IND	     4998.98
84	cadical_v21	3	1280	C:/Users/cball/OneDrive/Documentos/Pessoal/ITA/SAT/Competições/SATRace2019-2/Benchmark/rpoc_xits_11_UNKNOWN-sc2009.cnf	1740	114011	19783696	19516076	37000967	1330222153	699227	684274	14953	       29.41	       -0.06	23419	7375995	IND	     4999.30
85	cadical_v21	3	1280	C:/Users/cball/OneDrive/Documentos/Pessoal/ITA/SAT/Competições/SATRace2019-2/Benchmark/rpoc_xits_12_UNKNOWN-sc2009.cnf	1898	128735	19730466	19471541	37639268	1363314732	660467	645360	15107	       31.86	       -0.06	23573	7479905	IND	     4999.28
86	cadical_v21	3	1280	C:/Users/cball/OneDrive/Documentos/Pessoal/ITA/SAT/Competições/SATRace2019-2/Benchmark/rubikcube701-sc2017.cnf	3066	59739	7102069	7016862	11459208	1348078243	327684	324215	3469	       20.80	       -0.06	5588	3492513	UNSAT	     2769.73
87	cadical_v21	3	1280	C:/Users/cball/OneDrive/Documentos/Pessoal/ITA/SAT/Competições/SATRace2019-2/Benchmark/rubikcube912-sc2017.cnf	3090	59825	7543279	7468884	15684937	1124077385	410167	406739	3428	       26.01	       -0.08	5547	3652064	IND	     4998.70
88	cadical_v21	3	1280	C:/Users/cball/OneDrive/Documentos/Pessoal/ITA/SAT/Competições/SATRace2019-2/Benchmark/safe-30-h29-unsat-sc2007.cnf	130928	437704	29550189	29228605	115069655	4041306161	1655139	1639415	15724	       47.42	       -0.09	24187	14817946	IND	     4998.52
89	cadical_v21	3	1280	C:/Users/cball/OneDrive/Documentos/Pessoal/ITA/SAT/Competições/SATRace2019-2/Benchmark/satcoin-genesis-SAT-10-sc2018.cnf	134780	648622	1012	978	30271	1634482	45	45	0	       26.63	       -0.24	1	4694	SAT	        2.11
90	cadical_v21	3	1280	C:/Users/cball/OneDrive/Documentos/Pessoal/ITA/SAT/Competições/SATRace2019-2/Benchmark/sgen1-sat-180-100-sc2009.cnf	180	432	19914776	19608534	28928337	457220472	624670	610791	13879	       23.51	       -0.05	22349	7394385	IND	     4998.42
91	cadical_v21	3	1280	C:/Users/cball/OneDrive/Documentos/Pessoal/ITA/SAT/Competições/SATRace2019-2/Benchmark/sgen1-unsat-109-100-sc2009.cnf	109	228	36140522	35857473	47287009	544282239	1896480	1878243	18237	       20.46	       -0.04	29326	16786863	IND	     4999.20
92	cadical_v21	3	1280	C:/Users/cball/OneDrive/Documentos/Pessoal/ITA/SAT/Competições/SATRace2019-2/Benchmark/sha1r17m145ABCD.cnf	3831	15062	6742172	6644765	13510138	796002458	369855	366433	3422	       38.51	       -0.08	5543	3143216	SAT	     2908.27
93	cadical_v21	3	1280	C:/Users/cball/OneDrive/Documentos/Pessoal/ITA/SAT/Competições/SATRace2019-2/Benchmark/sha1r17m145ABCD_p.cnf	2715	11371	3599008	3549253	6611878	422082718	133911	131139	2772	       39.25	       -0.07	4508	1079595	SAT	     1012.23
94	cadical_v21	3	1280	C:/Users/cball/OneDrive/Documentos/Pessoal/ITA/SAT/Competições/SATRace2019-2/Benchmark/sha1r17m146ABCD.cnf	3835	15069	6956110	6854576	13793250	806538642	381801	378386	3415	       37.73	       -0.08	5535	3329507	SAT	     3108.53
95	cadical_v21	3	1280	C:/Users/cball/OneDrive/Documentos/Pessoal/ITA/SAT/Competições/SATRace2019-2/Benchmark/sha1r17m146ABCD_p.cnf	2719	11388	6307969	6217561	12414950	727103011	327966	324588	3378	       38.17	       -0.08	5499	2814170	SAT	     2599.66
96	cadical_v21	3	1280	C:/Users/cball/OneDrive/Documentos/Pessoal/ITA/SAT/Competições/SATRace2019-2/Benchmark/sha1r17m147ABCD.cnf	3836	15071	2985929	2940654	5930001	364171762	128346	126296	2050	       37.97	       -0.08	3310	1103298	SAT	      727.00
97	cadical_v21	3	1280	C:/Users/cball/OneDrive/Documentos/Pessoal/ITA/SAT/Competições/SATRace2019-2/Benchmark/sha1r17m147ABCD_p.cnf	2720	11392	3566106	3516483	6603518	415133459	134634	131894	2740	       37.93	       -0.07	4451	1077040	SAT	      992.05
98	cadical_v21	3	1280	C:/Users/cball/OneDrive/Documentos/Pessoal/ITA/SAT/Competições/SATRace2019-2/Benchmark/sha1r17m148ABCD.cnf	3837	15085	2273590	2233680	5239803	288285533	129003	127907	1096	       38.09	       -0.10	1804	1096036	SAT	      485.48
99	cadical_v21	3	1280	C:/Users/cball/OneDrive/Documentos/Pessoal/ITA/SAT/Competições/SATRace2019-2/Benchmark/sha1r17m148ABCD_p.cnf	2721	11396	7544156	7432509	15401776	882698806	439703	436279	3424	       37.64	       -0.09	5545	3772474	SAT	     3569.62
100	cadical_v21	3	1280	C:/Users/cball/OneDrive/Documentos/Pessoal/ITA/SAT/Competições/SATRace2019-2/Benchmark/sha1r17m149ABCD.cnf	3838	15113	4004442	3952665	6997954	461572317	133444	130181	3263	       37.81	       -0.06	5314	1085084	SAT	     1220.17
101	cadical_v21	3	1280	C:/Users/cball/OneDrive/Documentos/Pessoal/ITA/SAT/Competições/SATRace2019-2/Benchmark/sha1r17m149ABCD_p.cnf	2722	11400	2778361	2736288	5613686	323493565	129300	127513	1787	       38.16	       -0.08	2887	1094853	SAT	      713.42
102	cadical_v21	3	1280	C:/Users/cball/OneDrive/Documentos/Pessoal/ITA/SAT/Competições/SATRace2019-2/Benchmark/sha1r17m63a.cnf	3559	14096	3139827	3096016	5722589	292942311	125708	123508	2200	       35.23	       -0.07	3580	1081885	SAT	      495.05
103	cadical_v21	3	1280	C:/Users/cball/OneDrive/Documentos/Pessoal/ITA/SAT/Competições/SATRace2019-2/Benchmark/sha1r17m63a_p.cnf	2470	10585	2522435	2484958	5100495	243676693	128036	126582	1454	       34.66	       -0.08	2355	1068957	SAT	      405.95
104	cadical_v21	3	1280	C:/Users/cball/OneDrive/Documentos/Pessoal/ITA/SAT/Competições/SATRace2019-2/Benchmark/sha1r17m66a.cnf	3566	14138	586222	575173	1344348	93588837	31133	30804	329	       33.77	       -0.09	522	280772	SAT	       69.97
105	cadical_v21	3	1280	C:/Users/cball/OneDrive/Documentos/Pessoal/ITA/SAT/Competições/SATRace2019-2/Benchmark/sha1r17m66a_p.cnf	2477	10608	640543	628663	1382210	84405631	30167	29767	400	       31.99	       -0.09	635	287986	SAT	       68.02
106	cadical_v21	3	1280	C:/Users/cball/OneDrive/Documentos/Pessoal/ITA/SAT/Competições/SATRace2019-2/Benchmark/sha1r17m67a.cnf	3573	14128	419277	410677	994052	65611426	22890	22655	235	       32.62	       -0.10	369	208804	SAT	       44.56
107	cadical_v21	3	1280	C:/Users/cball/OneDrive/Documentos/Pessoal/ITA/SAT/Competições/SATRace2019-2/Benchmark/sha1r17m67a_p.cnf	2484	10627	3348316	3314163	5509351	340391791	124424	121856	2568	       34.07	       -0.05	4110	1083613	SAT	      671.75
108	cadical_v21	3	1280	C:/Users/cball/OneDrive/Documentos/Pessoal/ITA/SAT/Competições/SATRace2019-2/Benchmark/sha1r17m72a.cnf	3593	14282	2673816	2632102	5193508	259465619	122909	121309	1600	       34.91	       -0.08	2619	1087184	SAT	      404.45
109	cadical_v21	3	1280	C:/Users/cball/OneDrive/Documentos/Pessoal/ITA/SAT/Competições/SATRace2019-2/Benchmark/sha1r17m72a_p.cnf	2504	10705	2414843	2381828	4632706	250395499	124559	123227	1332	       34.36	       -0.08	2150	1082947	SAT	      410.56
110	cadical_v21	3	1280	C:/Users/cball/OneDrive/Documentos/Pessoal/ITA/SAT/Competições/SATRace2019-2/Benchmark/sha1r17m75a.cnf	3603	14304	2667901	2634780	4944286	273537854	126068	124324	1744	       33.84	       -0.07	2757	1077628	SAT	      478.61
111	cadical_v21	3	1280	C:/Users/cball/OneDrive/Documentos/Pessoal/ITA/SAT/Competições/SATRace2019-2/Benchmark/sha1r17m75a_p.cnf	2514	10733	1046735	1032790	1871487	116287026	35057	34156	901	       32.87	       -0.06	1433	302640	SAT	      124.72
112	cadical_v21	3	1280	C:/Users/cball/OneDrive/Documentos/Pessoal/ITA/SAT/Competições/SATRace2019-2/Benchmark/sha2.shuffled-as.sat03-442-sc2002.cnf	61377	235249	3949890	3891781	11295610	6917454809	84019	78824	5195	      434.10	       -0.04	7193	1903614	IND	     4999.16
113	cadical_v21	3	1280	C:/Users/cball/OneDrive/Documentos/Pessoal/ITA/SAT/Competições/SATRace2019-2/Benchmark/sin.c.75.smt2-cvc4-sc2016.cnf	7916927	32591905	2788772	2707033	14777863	2540160692	130463	128505	1958	       25.32	       -0.15	3064	2557520	IND	     4999.20
114	cadical_v21	3	1280	C:/Users/cball/OneDrive/Documentos/Pessoal/ITA/SAT/Competições/SATRace2019-2/Benchmark/size_4_4_4_i0418_r8.cnf	1140	4253	2933728	2899902	4586061	116664447	114131	112145	1986	       18.78	       -0.06	3205	1107543	UNSAT	      277.58
115	cadical_v21	3	1280	C:/Users/cball/OneDrive/Documentos/Pessoal/ITA/SAT/Competições/SATRace2019-2/Benchmark/size_4_4_4_i0566_r8.cnf	1140	4253	5062746	5009392	7375948	205958326	174403	170906	3497	       19.80	       -0.05	5618	1944333	UNSAT	      607.17
116	cadical_v21	3	1280	C:/Users/cball/OneDrive/Documentos/Pessoal/ITA/SAT/Competições/SATRace2019-2/Benchmark/size_4_4_4_i2704_r8.cnf	1140	4253	2747113	2715452	4434389	128692864	110531	108745	1786	       20.77	       -0.06	2860	1109760	UNSAT	      314.64
117	cadical_v21	3	1280	C:/Users/cball/OneDrive/Documentos/Pessoal/ITA/SAT/Competições/SATRace2019-2/Benchmark/size_4_4_4_i3499_r8.cnf	1140	4253	3326008	3288366	4977786	145774623	108272	105770	2502	       20.33	       -0.06	4026	1123497	UNSAT	      353.40
118	cadical_v21	3	1280	C:/Users/cball/OneDrive/Documentos/Pessoal/ITA/SAT/Competições/SATRace2019-2/Benchmark/size_4_4_4_i4096_r8.cnf	1140	4253	4224070	4179394	5993407	178943879	113957	110553	3404	       19.65	       -0.05	5524	1243334	UNSAT	      452.87
119	cadical_v21	3	1280	C:/Users/cball/OneDrive/Documentos/Pessoal/ITA/SAT/Competições/SATRace2019-2/Benchmark/size_4_4_4_i4295_r8.cnf	1140	4253	2046738	2020992	3540975	89945789	105323	104452	871	       19.34	       -0.08	1402	1125603	UNSAT	      192.53
120	cadical_v21	3	1280	C:/Users/cball/OneDrive/Documentos/Pessoal/ITA/SAT/Competições/SATRace2019-2/Benchmark/size_4_4_4_i4473_r8.cnf	1140	4253	2983102	2948949	4661452	125007639	111604	109537	2067	       20.03	       -0.06	3325	1106553	UNSAT	      303.12
121	cadical_v21	3	1280	C:/Users/cball/OneDrive/Documentos/Pessoal/ITA/SAT/Competições/SATRace2019-2/Benchmark/size_4_4_4_i4828_r8.cnf	1140	4253	2613278	2582000	4293025	112138013	111457	109821	1636	       20.19	       -0.07	2607	1110882	UNSAT	      267.86
122	cadical_v21	3	1280	C:/Users/cball/OneDrive/Documentos/Pessoal/ITA/SAT/Competições/SATRace2019-2/Benchmark/size_5_5_5_i003_r12.cnf	3220	12314	11262764	11101722	28179709	762781599	452045	444245	7800	       35.16	       -0.08	12301	4933306	SAT	     1654.78
123	cadical_v21	3	1280	C:/Users/cball/OneDrive/Documentos/Pessoal/ITA/SAT/Competições/SATRace2019-2/Benchmark/size_5_5_5_i044_r12.cnf	3220	12314	15655460	15452829	32758169	1062186576	470678	457120	13558	       38.73	       -0.07	21464	4870273	SAT	     2452.76
124	cadical_v21	3	1280	C:/Users/cball/OneDrive/Documentos/Pessoal/ITA/SAT/Competições/SATRace2019-2/Benchmark/size_5_5_5_i063_r12.cnf	3220	12314	9020411	8878890	27722682	604214726	472341	467445	4896	       33.42	       -0.10	7658	4885931	SAT	     1457.17
125	cadical_v21	3	1280	C:/Users/cball/OneDrive/Documentos/Pessoal/ITA/SAT/Competições/SATRace2019-2/Benchmark/size_5_5_5_i116_r12.cnf	3220	12314	783690	771313	2503701	58843794	36590	35981	609	       33.37	       -0.10	955	295252	SAT	       55.81
126	cadical_v21	3	1280	C:/Users/cball/OneDrive/Documentos/Pessoal/ITA/SAT/Competições/SATRace2019-2/Benchmark/size_5_5_5_i171_r12.cnf	3220	12314	10631408	10478915	28640604	747491425	483572	476510	7062	       35.55	       -0.09	11073	4744927	SAT	     1778.56
127	cadical_v21	3	1280	C:/Users/cball/OneDrive/Documentos/Pessoal/ITA/SAT/Competições/SATRace2019-2/Benchmark/size_5_5_5_i198_r12.cnf	3220	12314	12146554	11976272	30267449	869850644	462377	453457	8920	       36.38	       -0.08	14105	4900796	SAT	     2006.55
128	cadical_v21	3	1280	C:/Users/cball/OneDrive/Documentos/Pessoal/ITA/SAT/Competições/SATRace2019-2/Benchmark/size_5_5_5_i218_r12.cnf	3220	12314	4068517	4011199	9809053	290271436	133391	129797	3594	       37.89	       -0.08	5693	1198307	SAT	      431.53
129	cadical_v21	3	1280	C:/Users/cball/OneDrive/Documentos/Pessoal/ITA/SAT/Competições/SATRace2019-2/Benchmark/size_5_5_5_i223_r12.cnf	3220	12314	2863482	2819466	8855724	212120571	140169	138151	2018	       35.80	       -0.10	3183	1159340	SAT	      301.28
130	cadical_v21	3	1280	C:/Users/cball/OneDrive/Documentos/Pessoal/ITA/SAT/Competições/SATRace2019-2/Benchmark/size_5_5_5_i235_r12.cnf	3220	12314	2932492	2887709	8563996	201396703	133663	131553	2110	       35.67	       -0.09	3328	1193223	SAT	      285.72
131	cadical_v21	3	1280	C:/Users/cball/OneDrive/Documentos/Pessoal/ITA/SAT/Competições/SATRace2019-2/Benchmark/size_5_5_5_i251_r12.cnf	3220	12314	16238270	16022309	35887838	1095287861	486690	472383	14307	       39.81	       -0.07	22665	4831048	SAT	     2697.41
132	cadical_v21	3	1280	C:/Users/cball/OneDrive/Documentos/Pessoal/ITA/SAT/Competições/SATRace2019-2/Benchmark/size_5_5_5_i260_r12.cnf	3220	12314	9306401	9165082	29088430	623362140	496187	490994	5193	       31.72	       -0.10	8177	4706089	SAT	     1567.38
133	cadical_v21	3	1280	C:/Users/cball/OneDrive/Documentos/Pessoal/ITA/SAT/Competições/SATRace2019-2/Benchmark/size_5_5_5_i272_r12.cnf	3220	12314	2354333	2315530	7959045	169199273	129769	128434	1335	       33.18	       -0.11	2105	1180785	SAT	      234.88
134	cadical_v21	3	1280	C:/Users/cball/OneDrive/Documentos/Pessoal/ITA/SAT/Competições/SATRace2019-2/Benchmark/slp-synthesis-aes-bottom13-sc2011.cnf	19995	62866	361796	353090	772643	86600693	14086	13839	247	       32.81	       -0.08	381	170076	UNSAT	       39.61
135	cadical_v21	3	1280	C:/Users/cball/OneDrive/Documentos/Pessoal/ITA/SAT/Competições/SATRace2019-2/Benchmark/slp-synthesis-aes-bottom18-sc2011.cnf	36410	115054	16260549	15970833	36531111	4218297295	481177	466014	15163	       67.63	       -0.06	23528	4538010	IND	     4999.39
136	cadical_v21	3	1280	C:/Users/cball/OneDrive/Documentos/Pessoal/ITA/SAT/Competições/SATRace2019-2/Benchmark/slp-synthesis-aes-bottom22-sc2011.cnf	53118	168346	14830664	14526614	46268434	5953637269	490846	477246	13600	       76.08	       -0.08	20858	4858315	IND	     4999.09
137	cadical_v21	3	1280	C:/Users/cball/OneDrive/Documentos/Pessoal/ITA/SAT/Competições/SATRace2019-2/Benchmark/slp-synthesis-aes-bottom26-sc2011.cnf	73074	231921	14234561	13933266	50255456	6807275710	477648	464896	12752	       82.66	       -0.08	19548	5046845	IND	     4999.23
138	cadical_v21	3	1280	C:/Users/cball/OneDrive/Documentos/Pessoal/ITA/SAT/Competições/SATRace2019-2/Benchmark/slp-synthesis-aes-top21-sc2011.cnf	51138	153348	21308529	20998995	33418230	2418017778	772065	758323	13742	       26.07	       -0.05	22213	8927601	UNSAT	     4912.03
139	cadical_v21	3	1280	C:/Users/cball/OneDrive/Documentos/Pessoal/ITA/SAT/Competições/SATRace2019-2/Benchmark/slp-synthesis-aes-top26-sc2011.cnf	76943	231299	602910	589449	2747099	292152368	41419	41040	379	       39.77	       -0.16	585	379898	SAT	      109.06
140	cadical_v21	3	1280	C:/Users/cball/OneDrive/Documentos/Pessoal/ITA/SAT/Competições/SATRace2019-2/Benchmark/smtlib-qfbv-aigs-countbits128-tseitin-sc2011.cnf	95810	287043	5477575	5373526	14457967	1941997860	221704	217955	3749	       79.30	       -0.09	5867	2770362	UNSAT	     1168.45
141	cadical_v21	3	1280	C:/Users/cball/OneDrive/Documentos/Pessoal/ITA/SAT/Competições/SATRace2019-2/Benchmark/smulo032-sc2012.cnf	11785	35160	1431572	1403483	3289111	254524964	75342	74399	943	       26.36	       -0.10	1474	650838	UNSAT	      182.11
142	cadical_v21	3	1280	C:/Users/cball/OneDrive/Documentos/Pessoal/ITA/SAT/Competições/SATRace2019-2/Benchmark/snw_13_8_pre-sc2016.cnf	20446	689272	1982253	1934790	3474428	3820717564	85971	85087	884	       26.28	       -0.08	1415	1245519	UNSAT	     1755.66
143	cadical_v21	3	1280	C:/Users/cball/OneDrive/Documentos/Pessoal/ITA/SAT/Competições/SATRace2019-2/Benchmark/snw_16_8_nopre-sc2016.cnf	103136	4673415	1283569	1245959	2351040	6254450872	38639	37719	920	       26.35	       -0.08	1451	689260	UNSAT	     3354.41
144	cadical_v21	3	1280	C:/Users/cball/OneDrive/Documentos/Pessoal/ITA/SAT/Competições/SATRace2019-2/Benchmark/snw_16_8_pre-sc2016.cnf	76006	3192315	1355214	1317686	2379065	6656352693	44188	43293	895	       27.39	       -0.08	1426	725074	UNSAT	     3488.94
145	cadical_v21	3	1280	C:/Users/cball/OneDrive/Documentos/Pessoal/ITA/SAT/Competições/SATRace2019-2/Benchmark/sokoban-p16.sas.ex.15-sc2016.cnf	2343808	5010575	1293424	1168040	10158460	1389605676	23500	22241	1259	      407.07	       -0.07	1787	1670017	UNSAT	     1437.86
146	cadical_v21	3	1280	C:/Users/cball/OneDrive/Documentos/Pessoal/ITA/SAT/Competições/SATRace2019-2/Benchmark/sokoban-p16.sas.ex.19-sc2016.cnf	2929760	6277585	3472468	3136638	32093845	4215730752	53934	49950	3984	      613.18	       -0.07	5607	4016566	IND	     4999.22
147	cadical_v21	3	1280	C:/Users/cball/OneDrive/Documentos/Pessoal/ITA/SAT/Competições/SATRace2019-2/Benchmark/sokoban-p16.sas.ex.21-sc2016.cnf	3222736	6910393	3334126	2986503	38329292	4197050651	56269	52588	3681	      685.69	       -0.07	5197	4556484	IND	     4999.28
148	cadical_v21	3	1280	C:/Users/cball/OneDrive/Documentos/Pessoal/ITA/SAT/Competições/SATRace2019-2/Benchmark/sokoban-p16.sas.ex.23-sc2016.cnf	3515712	7543854	3510281	3140093	42913427	4415178281	60408	56355	4053	      671.61	       -0.08	5703	5153955	IND	     4999.09
149	cadical_v21	3	1280	C:/Users/cball/OneDrive/Documentos/Pessoal/ITA/SAT/Competições/SATRace2019-2/Benchmark/sokoban-p20.sas.cr.35-sc2016.cnf	172512	1477968	3492501	3060545	33419682	9760331378	52211	48420	3791	      660.65	       -0.07	5429	3440012	IND	     4998.97
150	cadical_v21	3	1280	C:/Users/cball/OneDrive/Documentos/Pessoal/ITA/SAT/Competições/SATRace2019-2/Benchmark/sokoban-p20.sas.ex.15-sc2016.cnf	2430976	5169846	3293446	2968167	35208641	3802977903	55850	52178	3672	      642.78	       -0.07	5157	4115895	IND	     4999.30
151	cadical_v21	3	1280	C:/Users/cball/OneDrive/Documentos/Pessoal/ITA/SAT/Competições/SATRace2019-2/Benchmark/sokoban-p20.sas.ex.17-sc2016.cnf	2734848	5821656	3486528	3120046	42527692	3834622824	59631	55683	3948	      679.21	       -0.07	5582	4963857	IND	     4998.99
152	cadical_v21	3	1280	C:/Users/cball/OneDrive/Documentos/Pessoal/ITA/SAT/Competições/SATRace2019-2/Benchmark/sokoban-p20.sas.ex.23-sc2016.cnf	3646464	7777501	3629489	3217199	50637492	4100460291	57867	53630	4237	      627.42	       -0.08	5977	6864074	IND	     4999.11
153	cadical_v21	3	1280	C:/Users/cball/OneDrive/Documentos/Pessoal/ITA/SAT/Competições/SATRace2019-2/Benchmark/squ_ali_s10x10_c39_abix_SAT-sc2017.cnf	1672	5262	3383218	3326858	6624947	207584503	128113	125475	2638	       25.47	       -0.07	4205	1085294	SAT	      360.84
154	cadical_v21	3	1280	C:/Users/cball/OneDrive/Documentos/Pessoal/ITA/SAT/Competições/SATRace2019-2/Benchmark/squ_any_s09x07_c27_abio_UNS-sc2017.cnf	851	2702	7352548	7260782	10396138	244936539	348998	345611	3387	       17.40	       -0.06	5507	3728962	UNSAT	     1210.36
155	cadical_v21	3	1280	C:/Users/cball/OneDrive/Documentos/Pessoal/ITA/SAT/Competições/SATRace2019-2/Benchmark/srhd-sgi-m62-q1504.5-n60-p30-s88600538-sc2011.cnf	3651	926696	14954310	14698951	17950807	1895061882	275494	259517	15977	      203.68	       -0.02	23314	5389030	IND	     4999.22
156	cadical_v21	3	1280	C:/Users/cball/OneDrive/Documentos/Pessoal/ITA/SAT/Competições/SATRace2019-2/Benchmark/stable-400-0.1-4-9876543214004-sc2014.cnf	400	30664	17391487	16926440	21609425	459405624	310240	293777	16463	       79.30	       -0.04	24909	6429688	IND	     4999.19
157	cadical_v21	3	1280	C:/Users/cball/OneDrive/Documentos/Pessoal/ITA/SAT/Competições/SATRace2019-2/Benchmark/sted1_0x0-380-sc2018.cnf	13431	335655	8811065	8543902	30893895	3440445615	419296	414621	4675	       56.33	       -0.10	7273	4816264	IND	     4999.10
158	cadical_v21	3	1280	C:/Users/cball/OneDrive/Documentos/Pessoal/ITA/SAT/Competições/SATRace2019-2/Benchmark/stone-width3chain-nmarkers-20_shuffled-sc2016.cnf	3906	13611728	13041909	12837320	189417531	419777698	202637	183349	19288	       68.87	       -0.02	25066	77773493	IND	     4999.56
159	cadical_v21	3	1280	C:/Users/cball/OneDrive/Documentos/Pessoal/ITA/SAT/Competições/SATRace2019-2/Benchmark/sv-comp19_prop-reachsafety.25_stack_longest_false-unreach-call.i-witness.cnf	3738383	16651874	1833	1626	2108250	23026303	71	71	0	       20.67	       -0.22	1	3992	SAT	       53.56
160	cadical_v21	3	1280	C:/Users/cball/OneDrive/Documentos/Pessoal/ITA/SAT/Competições/SATRace2019-2/Benchmark/sv-comp19_prop-reachsafety.26_stack_cas_longer_false-unreach-call.i-witness.cnf	2633376	12055676	2483	2327	594857	17460821	126	126	0	      101.56	       -0.23	2	9823	SAT	       44.97
161	cadical_v21	3	1280	C:/Users/cball/OneDrive/Documentos/Pessoal/ITA/SAT/Competições/SATRace2019-2/Benchmark/sv-comp19_prop-reachsafety.barrier_3t_true-unreach-call.i-witness.cnf	9582411	46593859	36537	33806	3908172	674809655	1842	1836	6	      178.46	       -0.25	19	1487540	SAT	     1433.09
162	cadical_v21	3	1280	C:/Users/cball/OneDrive/Documentos/Pessoal/ITA/SAT/Competições/SATRace2019-2/Benchmark/sv-comp19_prop-reachsafety.fib_bench_longest_false-unreach-call.i-witness.cnf	33721	157681	1794017	1715254	7454905	578177031	57430	56472	958	       73.15	       -0.10	1489	1467248	SAT	      326.75
163	cadical_v21	3	1280	C:/Users/cball/OneDrive/Documentos/Pessoal/ITA/SAT/Competições/SATRace2019-2/Benchmark/sv-comp19_prop-reachsafety.newton_2_2_true-unreach-call_true-termination.i-witness.cnf	110108	506714	225006	218091	410560	1149226009	4072	3839	233	       98.26	       -0.06	343	113229	UNSAT	      340.72
164	cadical_v21	3	1280	C:/Users/cball/OneDrive/Documentos/Pessoal/ITA/SAT/Competições/SATRace2019-2/Benchmark/sv-comp19_prop-reachsafety.newton_2_3_true-unreach-call_true-termination.i-witness.cnf	110108	506718	225554	218627	522343	1003326598	7517	7309	208	       99.45	       -0.08	319	106421	UNSAT	      286.00
165	cadical_v21	3	1280	C:/Users/cball/OneDrive/Documentos/Pessoal/ITA/SAT/Competições/SATRace2019-2/Benchmark/sv-comp19_prop-reachsafety.newton_2_4_true-unreach-call_true-termination.i-witness.cnf	110108	506714	239749	231914	566731	848313889	6189	5933	256	       85.43	       -0.09	378	112959	UNSAT	      254.94
166	cadical_v21	3	1280	C:/Users/cball/OneDrive/Documentos/Pessoal/ITA/SAT/Competições/SATRace2019-2/Benchmark/sv-comp19_prop-reachsafety.newton_2_6_false-unreach-call_true-termination.i-witness.cnf	110108	506718	124323	119025	282568	517144821	4943	4889	54	       69.39	       -0.09	88	112588	SAT	      161.12
167	cadical_v21	3	1280	C:/Users/cball/OneDrive/Documentos/Pessoal/ITA/SAT/Competições/SATRace2019-2/Benchmark/sv-comp19_prop-reachsafety.newton_2_8_false-unreach-call_true-termination.i-witness.cnf	110079	506624	76250	72685	220868	199530718	2106	2049	57	       97.92	       -0.09	91	55340	SAT	       70.73
168	cadical_v21	3	1280	C:/Users/cball/OneDrive/Documentos/Pessoal/ITA/SAT/Competições/SATRace2019-2/Benchmark/sv-comp19_prop-reachsafety.newton_3_6_false-unreach-call_true-termination.i-witness.cnf	164916	759313	545290	526270	1144194	2155856882	16937	16597	340	      101.10	       -0.08	500	448040	SAT	      672.61
169	cadical_v21	3	1280	C:/Users/cball/OneDrive/Documentos/Pessoal/ITA/SAT/Competições/SATRace2019-2/Benchmark/sv-comp19_prop-reachsafety.newton_3_7_false-unreach-call_true-termination.i-witness.cnf	164915	759314	136457	130008	446399	271508636	4906	4845	61	       58.74	       -0.13	103	136662	SAT	      101.69
170	cadical_v21	3	1280	C:/Users/cball/OneDrive/Documentos/Pessoal/ITA/SAT/Competições/SATRace2019-2/Benchmark/sv-comp19_prop-reachsafety.newton_3_8_false-unreach-call_true-termination.i-witness.cnf	164887	759228	180979	172327	413685	679474047	4608	4438	170	      113.24	       -0.08	245	117727	SAT	      215.14
171	cadical_v21	3	1280	C:/Users/cball/OneDrive/Documentos/Pessoal/ITA/SAT/Competições/SATRace2019-2/Benchmark/sv-comp19_prop-reachsafety.queue_longer_false-unreach-call.i-witness.cnf	8043699	39376148	21199	20030	3193393	578470046	595	589	6	       60.43	       -0.19	14	1929217	SAT	     1330.27
172	cadical_v21	3	1280	C:/Users/cball/OneDrive/Documentos/Pessoal/ITA/SAT/Competições/SATRace2019-2/Benchmark/sv-comp19_prop-reachsafety.race-4_2-thread_local_vars_false-unreach-call.i-witness.cnf	693001	3661576	9619	8924	1045295	23276745	477	477	0	       28.18	       -0.21	5	801333	SAT	       51.66
173	cadical_v21	3	1280	C:/Users/cball/OneDrive/Documentos/Pessoal/ITA/SAT/Competições/SATRace2019-2/Benchmark/sv-comp19_prop-reachsafety.sigma_false-unreach-call.i-witness.cnf	1094922	5009021	659852	627720	17753685	2393699269	48143	47911	232	       60.89	       -0.27	482	1106938	SAT	      832.94
174	cadical_v21	3	1280	C:/Users/cball/OneDrive/Documentos/Pessoal/ITA/SAT/Competições/SATRace2019-2/Benchmark/sv-comp19_prop-reachsafety.sine_8_true-unreach-call_true-termination.i-witness.cnf	26421	122125	66241	65337	96207	351652765	3777	3724	53	       34.28	       -0.03	87	20622	UNSAT	       85.59
175	cadical_v21	3	1280	C:/Users/cball/OneDrive/Documentos/Pessoal/ITA/SAT/Competições/SATRace2019-2/Benchmark/sv-comp19_prop-reachsafety.square_5_true-unreach-call_true-termination.i-witness.cnf	26275	121056	275755	273639	329873	1304494002	9014	8782	232	       25.57	       -0.02	366	88388	UNSAT	      320.41
176	cadical_v21	3	1280	C:/Users/cball/OneDrive/Documentos/Pessoal/ITA/SAT/Competições/SATRace2019-2/Benchmark/sv-comp19_prop-reachsafety.triangular-longer_false-unreach-call.i-witness.cnf	20965	93387	1863110	1772981	7244978	296880799	65488	64392	1096	       64.44	       -0.10	1627	1694123	SAT	      285.33
177	cadical_v21	3	1280	C:/Users/cball/OneDrive/Documentos/Pessoal/ITA/SAT/Competições/SATRace2019-2/Benchmark/test_v7_r12_vr10_c1_s18160.smt2-stp212-sc2016.cnf	314295	1258522	5904166	5735227	21111067	9019301564	284090	280336	3754	       70.63	       -0.15	5872	4254960	IND	     4994.38
178	cadical_v21	3	1280	C:/Users/cball/OneDrive/Documentos/Pessoal/ITA/SAT/Competições/SATRace2019-2/Benchmark/total-10-15-s-sc2007.cnf	270120	1227441	673097	649136	2170689	498206255	13814	13327	487	      138.05	       -0.05	746	339708	SAT	      207.27
179	cadical_v21	3	1280	C:/Users/cball/OneDrive/Documentos/Pessoal/ITA/SAT/Competições/SATRace2019-2/Benchmark/total-10-15-u-sc2007.cnf	269416	1214079	20951148	20574477	38785168	5819364007	684724	668984	15740	       42.13	       -0.05	24199	8610481	IND	     4994.58
180	cadical_v21	3	1280	C:/Users/cball/OneDrive/Documentos/Pessoal/ITA/SAT/Competições/SATRace2019-2/Benchmark/toughsat_22bits_0.cnf	600	16790	57638	57059	91895	3714995	1905	1854	51	       20.60	       -0.06	81	18334	SAT	        4.33
181	cadical_v21	3	1280	C:/Users/cball/OneDrive/Documentos/Pessoal/ITA/SAT/Competições/SATRace2019-2/Benchmark/toughsat_22bits_1.cnf	600	16668	293906	291232	514706	18727102	12561	12305	256	       20.18	       -0.07	390	100187	SAT	       30.52
182	cadical_v21	3	1280	C:/Users/cball/OneDrive/Documentos/Pessoal/ITA/SAT/Competições/SATRace2019-2/Benchmark/toughsat_23bits_0.cnf	679	18374	181895	180150	290523	13913271	7854	7706	148	       21.22	       -0.06	225	72045	SAT	       16.55
183	cadical_v21	3	1280	C:/Users/cball/OneDrive/Documentos/Pessoal/ITA/SAT/Competições/SATRace2019-2/Benchmark/toughsat_23bits_1.cnf	679	18401	690868	685203	1140937	63008256	36894	36397	497	       20.64	       -0.06	771	255527	SAT	      118.41
184	cadical_v21	3	1280	C:/Users/cball/OneDrive/Documentos/Pessoal/ITA/SAT/Competições/SATRace2019-2/Benchmark/toughsat_23bits_2.cnf	679	18422	893602	887669	1331926	83353890	35880	35093	787	       21.44	       -0.05	1218	262174	SAT	      161.63
185	cadical_v21	3	1280	C:/Users/cball/OneDrive/Documentos/Pessoal/ITA/SAT/Competições/SATRace2019-2/Benchmark/toughsat_23bits_3.cnf	679	18292	629681	624462	1049160	54925918	36155	35740	415	       21.56	       -0.07	641	257745	SAT	       98.70
186	cadical_v21	3	1280	C:/Users/cball/OneDrive/Documentos/Pessoal/ITA/SAT/Competições/SATRace2019-2/Benchmark/toughsat_24bits_0.cnf	686	19093	1290915	1281884	1984537	128413385	58638	57730	908	       20.81	       -0.06	1439	473983	SAT	      293.92
187	cadical_v21	3	1280	C:/Users/cball/OneDrive/Documentos/Pessoal/ITA/SAT/Competições/SATRace2019-2/Benchmark/toughsat_24bits_1.cnf	687	19618	819213	813146	1298488	79258303	36575	35914	661	       21.90	       -0.06	1034	259143	SAT	      147.02
188	cadical_v21	3	1280	C:/Users/cball/OneDrive/Documentos/Pessoal/ITA/SAT/Competições/SATRace2019-2/Benchmark/toughsat_24bits_2.cnf	686	19096	731017	725618	1175530	68473859	35374	34836	538	       21.21	       -0.06	843	261525	SAT	      126.31
189	cadical_v21	3	1280	C:/Users/cball/OneDrive/Documentos/Pessoal/ITA/SAT/Competições/SATRace2019-2/Benchmark/toughsat_24bits_3.cnf	687	19681	1044296	1037214	1558520	100830061	38961	38018	943	       22.89	       -0.05	1474	277376	SAT	      212.59
190	cadical_v21	3	1280	C:/Users/cball/OneDrive/Documentos/Pessoal/ITA/SAT/Competições/SATRace2019-2/Benchmark/toughsat_25bits_0.cnf	827	20662	1152521	1143661	1862424	128025185	51676	50697	979	       23.53	       -0.06	1510	351728	SAT	      243.45
191	cadical_v21	3	1280	C:/Users/cball/OneDrive/Documentos/Pessoal/ITA/SAT/Competições/SATRace2019-2/Benchmark/toughsat_25bits_1.cnf	827	20629	2613585	2593929	4541608	291688932	142314	140588	1726	       24.22	       -0.07	2697	1022500	SAT	      841.30
192	cadical_v21	3	1280	C:/Users/cball/OneDrive/Documentos/Pessoal/ITA/SAT/Competições/SATRace2019-2/Benchmark/toughsat_25bits_2.cnf	827	20669	979624	972098	1479955	108432873	35350	34431	919	       23.45	       -0.05	1417	263826	SAT	      178.91
193	cadical_v21	3	1280	C:/Users/cball/OneDrive/Documentos/Pessoal/ITA/SAT/Competições/SATRace2019-2/Benchmark/toughsat_25bits_3.cnf	827	20730	1796791	1779797	3314159	190421055	115519	114562	957	       22.71	       -0.08	1488	838977	SAT	      532.81
194	cadical_v21	3	1280	C:/Users/cball/OneDrive/Documentos/Pessoal/ITA/SAT/Competições/SATRace2019-2/Benchmark/toughsat_26bits_0.cnf	895	20751	1764682	1750115	2976599	190801070	106246	105248	998	       25.65	       -0.06	1529	834138	SAT	      427.34
195	cadical_v21	3	1280	C:/Users/cball/OneDrive/Documentos/Pessoal/ITA/SAT/Competições/SATRace2019-2/Benchmark/toughsat_26bits_1.cnf	895	20847	927849	920780	1383044	93651792	33877	33004	873	       25.42	       -0.05	1331	268643	SAT	      157.48
196	cadical_v21	3	1280	C:/Users/cball/OneDrive/Documentos/Pessoal/ITA/SAT/Competições/SATRace2019-2/Benchmark/toughsat_26bits_2.cnf	895	20756	2898198	2878076	4413152	341942597	134499	132364	2135	       25.51	       -0.05	3326	1055416	SAT	      919.91
197	cadical_v21	3	1280	C:/Users/cball/OneDrive/Documentos/Pessoal/ITA/SAT/Competições/SATRace2019-2/Benchmark/toughsat_26bits_3.cnf	895	20818	650522	644798	1054385	60680200	33811	33326	485	       23.89	       -0.06	728	268010	SAT	       94.62
198	cadical_v21	3	1280	C:/Users/cball/OneDrive/Documentos/Pessoal/ITA/SAT/Competições/SATRace2019-2/Benchmark/toughsat_27bits_0.cnf	984	22937	3705244	3682385	5717859	644286091	136950	133786	3164	       26.79	       -0.05	4981	1057533	SAT	     1584.28
199	cadical_v21	3	1280	C:/Users/cball/OneDrive/Documentos/Pessoal/ITA/SAT/Competições/SATRace2019-2/Benchmark/toughsat_28bits_0.cnf	1046	22804	7772716	7715842	14481317	1071221292	486841	483022	3819	       28.48	       -0.07	5938	3862011	IND	     4996.39
200	cadical_v21	3	1280	C:/Users/cball/OneDrive/Documentos/Pessoal/ITA/SAT/Competições/SATRace2019-2/Benchmark/toughsat_29bits_0.cnf	1085	25464	8716699	8639158	18321694	1075494104	471817	467091	4726	       31.88	       -0.07	7253	4395772	IND	     4995.86
201	cadical_v21	3	1280	C:/Users/cball/OneDrive/Documentos/Pessoal/ITA/SAT/Competições/SATRace2019-2/Benchmark/toughsat_30bits_0.cnf	1110	27596	9260776	9194379	15650195	1088548449	512203	506447	5756	       30.98	       -0.06	8703	4247485	IND	     4997.67
202	cadical_v21	3	1280	C:/Users/cball/OneDrive/Documentos/Pessoal/ITA/SAT/Competições/SATRace2019-2/Benchmark/tseitingrid7x160_shuffled-sc2016.cnf	2240	8960	120079281	120041039	692356522	1666576813	5450250	5364322	85928	       21.83	       -0.04	119722	157672400	IND	     4999.03
203	cadical_v21	3	1280	C:/Users/cball/OneDrive/Documentos/Pessoal/ITA/SAT/Competições/SATRace2019-2/Benchmark/uniqinv47prop-sc2018.cnf	17349	51071	17447702	17293984	44126147	3097562221	554182	539485	14697	       46.22	       -0.06	23171	6461352	IND	     4998.61
204	cadical_v21	3	1280	C:/Users/cball/OneDrive/Documentos/Pessoal/ITA/SAT/Competições/SATRace2019-2/Benchmark/unsat-set-a-fclqcolor-20-13-14.sat05-1278.reshuffled-07-sc2007.cnf	730	43124	86946568	68628250	248231755	2406269081	738576	675470	63106	       51.85	       -0.04	96923	137887662	IND	     4999.47
205	cadical_v21	3	1280	C:/Users/cball/OneDrive/Documentos/Pessoal/ITA/SAT/Competições/SATRace2019-2/Benchmark/vmpc_30-sc2007.cnf	900	133080	9021687	8707784	18689942	1001400257	299327	293340	5987	       49.81	       -0.06	8738	7885118	SAT	     3515.47
206	cadical_v21	3	1280	C:/Users/cball/OneDrive/Documentos/Pessoal/ITA/SAT/Competições/SATRace2019-2/Benchmark/vmpc_31-sc2007.cnf	961	146909	12104691	11702553	24177893	1429794127	304518	292815	11703	       54.09	       -0.05	16830	8189353	IND	     4998.78
207	cadical_v21	3	1280	C:/Users/cball/OneDrive/Documentos/Pessoal/ITA/SAT/Competições/SATRace2019-2/Benchmark/vmpc_34.shuffled-as.sat05-1958-sc2005.cnf	1156	194072	13085632	12636479	27530825	1731974431	298968	285946	13022	       63.02	       -0.06	18908	8804831	IND	     4999.14
208	cadical_v21	3	1280	C:/Users/cball/OneDrive/Documentos/Pessoal/ITA/SAT/Competições/SATRace2019-2/Benchmark/vmpc_36.renamed-as.sat05-1922-sc2005.cnf	1296	230544	4303377	4159324	9577683	627392633	88475	83953	4522	       61.87	       -0.06	6632	2746302	SAT	      938.97
209	cadical_v21	3	1280	C:/Users/cball/OneDrive/Documentos/Pessoal/ITA/SAT/Competições/SATRace2019-2/Benchmark/x2_128.shuffled-as.sat03-1598-sc2002.cnf	382	1018	75541903	75520675	122666805	631541800	1621103	1554219	66884	       40.56	       -0.03	100755	34157249	IND	     4999.30
