ID	version	restart base fast	restart base slow	file	vars	clauses	conflicts	learned	decisions	propagations	restarts	restarts unstable	restarts stable	learned avg. size	learnt stack avg	learnt stack stable counter	learnt stack unstable counter	answer	cpu time
1	cadical_v21	15	320	C:/Users/cball/OneDrive/Documentos/Pessoal/ITA/SAT/Competições/SATRace2019-2/Benchmark/sgen1-sat-180-100-sc2009.cnf	180	432	19123558	18827298	27654554	441845757	664481	555551	108930	       23.23	       -0.05	137155	6749701	IND	     4998.50
2	cadical_v21	15	320	C:/Users/cball/OneDrive/Documentos/Pessoal/ITA/SAT/Competições/SATRace2019-2/Benchmark/sgen1-unsat-109-100-sc2009.cnf	109	228	36168771	35878550	47246428	541762258	2043983	1886786	157197	       20.23	       -0.04	193516	16761132	IND	     4998.73
3	cadical_v21	15	320	C:/Users/cball/OneDrive/Documentos/Pessoal/ITA/SAT/Competições/SATRace2019-2/Benchmark/sha1r17m145ABCD.cnf	3831	15062	7127835	7024858	14345951	838156284	427042	401463	25579	       38.94	       -0.08	32733	3430828	SAT	     3375.45
4	cadical_v21	15	320	C:/Users/cball/OneDrive/Documentos/Pessoal/ITA/SAT/Competições/SATRace2019-2/Benchmark/sha1r17m145ABCD_p.cnf	2715	11371	7195089	7091253	14550510	839355757	431876	406706	25170	       38.27	       -0.08	32343	3490055	SAT	     3375.64
5	cadical_v21	15	320	C:/Users/cball/OneDrive/Documentos/Pessoal/ITA/SAT/Competições/SATRace2019-2/Benchmark/sha1r17m146ABCD.cnf	3835	15069	8623855	8502800	16975727	1004420608	525291	494937	30354	       37.54	       -0.08	38603	4259687	SAT	     4665.67
6	cadical_v21	15	320	C:/Users/cball/OneDrive/Documentos/Pessoal/ITA/SAT/Competições/SATRace2019-2/Benchmark/sha1r17m146ABCD_p.cnf	2719	11388	4536053	4475017	8249306	523684317	195806	170201	25605	       38.54	       -0.07	32755	1426845	SAT	     1606.00
7	cadical_v21	15	320	C:/Users/cball/OneDrive/Documentos/Pessoal/ITA/SAT/Competições/SATRace2019-2/Benchmark/sha1r17m147ABCD.cnf	3836	15071	8966311	8841713	17656814	1067977237	535149	501167	33982	       38.13	       -0.08	43108	4246640	IND	     4999.11
8	cadical_v21	15	320	C:/Users/cball/OneDrive/Documentos/Pessoal/ITA/SAT/Competições/SATRace2019-2/Benchmark/sha1r17m147ABCD_p.cnf	2720	11392	7031307	6928653	14137801	817974606	413843	388420	25423	       38.04	       -0.08	32583	3375568	SAT	     3403.94
9	cadical_v21	15	320	C:/Users/cball/OneDrive/Documentos/Pessoal/ITA/SAT/Competições/SATRace2019-2/Benchmark/sha1r17m148ABCD.cnf	3837	15085	2710736	2668484	5618987	314477136	140874	128879	11995	       37.52	       -0.08	15553	1089025	SAT	      669.08
10	cadical_v21	15	320	C:/Users/cball/OneDrive/Documentos/Pessoal/ITA/SAT/Competições/SATRace2019-2/Benchmark/sha1r17m148ABCD_p.cnf	2721	11396	7623590	7511960	15426533	887386441	463306	437889	25417	       37.95	       -0.09	32577	3844916	SAT	     3730.55
11	cadical_v21	15	320	C:/Users/cball/OneDrive/Documentos/Pessoal/ITA/SAT/Competições/SATRace2019-2/Benchmark/sha1r17m149ABCD.cnf	3838	15113	8916361	8790267	17561248	1072133933	530640	497223	33417	       37.90	       -0.08	42414	4264117	IND	     4999.31
12	cadical_v21	15	320	C:/Users/cball/OneDrive/Documentos/Pessoal/ITA/SAT/Competições/SATRace2019-2/Benchmark/sha1r17m149ABCD_p.cnf	2722	11400	523056	512341	1411021	76864653	34987	33552	1435	       35.14	       -0.13	1928	283209	SAT	       65.12
13	cadical_v21	15	320	C:/Users/cball/OneDrive/Documentos/Pessoal/ITA/SAT/Competições/SATRace2019-2/Benchmark/sha1r17m63a.cnf	3559	14096	550412	539401	1348069	79727217	35352	32991	2361	       32.15	       -0.11	2891	276164	SAT	       62.14
14	cadical_v21	15	320	C:/Users/cball/OneDrive/Documentos/Pessoal/ITA/SAT/Competições/SATRace2019-2/Benchmark/sha1r17m63a_p.cnf	2470	10585	144468	141200	359173	22765099	8219	7664	555	       30.66	       -0.11	713	74075	SAT	       12.33
15	cadical_v21	15	320	C:/Users/cball/OneDrive/Documentos/Pessoal/ITA/SAT/Competições/SATRace2019-2/Benchmark/sha1r17m66a.cnf	3566	14138	569151	557989	1378956	97103955	35681	33214	2467	       34.02	       -0.10	3050	268768	SAT	       71.38
16	cadical_v21	15	320	C:/Users/cball/OneDrive/Documentos/Pessoal/ITA/SAT/Competições/SATRace2019-2/Benchmark/sha1r17m66a_p.cnf	2477	10608	731739	719602	1500535	90636187	34409	30193	4216	       32.25	       -0.08	5213	286556	SAT	       79.02
17	cadical_v21	15	320	C:/Users/cball/OneDrive/Documentos/Pessoal/ITA/SAT/Competições/SATRace2019-2/Benchmark/sha1r17m67a.cnf	3573	14128	3460373	3424529	5720441	352055830	149060	123577	25483	       34.36	       -0.06	30676	1079703	SAT	      741.47
18	cadical_v21	15	320	C:/Users/cball/OneDrive/Documentos/Pessoal/ITA/SAT/Competições/SATRace2019-2/Benchmark/sha1r17m67a_p.cnf	2484	10627	2113596	2082274	4346678	219280415	131586	123251	8335	       33.69	       -0.09	10233	1077916	SAT	      368.69
19	cadical_v21	15	320	C:/Users/cball/OneDrive/Documentos/Pessoal/ITA/SAT/Competições/SATRace2019-2/Benchmark/sha1r17m72a.cnf	3593	14282	149154	145811	333091	22957473	6809	6262	547	       31.52	       -0.10	720	79943	SAT	       12.53
20	cadical_v21	15	320	C:/Users/cball/OneDrive/Documentos/Pessoal/ITA/SAT/Competições/SATRace2019-2/Benchmark/sha1r17m72a_p.cnf	2504	10705	2866898	2832424	5076580	301039068	139214	120943	18271	       34.30	       -0.07	21994	1090642	SAT	      549.20
21	cadical_v21	15	320	C:/Users/cball/OneDrive/Documentos/Pessoal/ITA/SAT/Competições/SATRace2019-2/Benchmark/sha1r17m75a.cnf	3603	14304	2522400	2489846	4755285	255985577	136953	122982	13971	       33.92	       -0.07	16845	1083554	SAT	      452.80
22	cadical_v21	15	320	C:/Users/cball/OneDrive/Documentos/Pessoal/ITA/SAT/Competições/SATRace2019-2/Benchmark/sha1r17m75a_p.cnf	2514	10733	883528	870930	1735882	93901437	40603	34752	5851	       32.70	       -0.08	7235	273448	SAT	      102.51
23	cadical_v21	15	320	C:/Users/cball/OneDrive/Documentos/Pessoal/ITA/SAT/Competições/SATRace2019-2/Benchmark/sha2.shuffled-as.sat03-442-sc2002.cnf	61377	235249	2188374	2152654	8223523	6613459021	87566	83355	4211	      665.08	       -0.04	6544	1657056	IND	     4999.48
24	cadical_v21	15	320	C:/Users/cball/OneDrive/Documentos/Pessoal/ITA/SAT/Competições/SATRace2019-2/Benchmark/sin.c.75.smt2-cvc4-sc2016.cnf	7916927	32591905	2598319	2516996	14743274	2600165645	119852	115714	4138	       22.88	       -0.16	7755	2507925	IND	     4999.70
25	cadical_v21	15	320	C:/Users/cball/OneDrive/Documentos/Pessoal/ITA/SAT/Competições/SATRace2019-2/Benchmark/size_4_4_4_i0418_r8.cnf	1140	4253	2781722	2748679	4341822	116388923	119887	104918	14969	       18.47	       -0.06	18595	1126065	UNSAT	      268.62
26	cadical_v21	15	320	C:/Users/cball/OneDrive/Documentos/Pessoal/ITA/SAT/Competições/SATRace2019-2/Benchmark/size_4_4_4_i0566_r8.cnf	1140	4253	3947649	3905655	5785394	165769266	136876	107858	29018	       19.84	       -0.05	35534	1116326	UNSAT	      460.19
27	cadical_v21	15	320	C:/Users/cball/OneDrive/Documentos/Pessoal/ITA/SAT/Competições/SATRace2019-2/Benchmark/size_4_4_4_i2704_r8.cnf	1140	4253	3263443	3226726	5003474	146815529	131161	111055	20106	       20.38	       -0.06	24960	1100239	UNSAT	      397.26
28	cadical_v21	15	320	C:/Users/cball/OneDrive/Documentos/Pessoal/ITA/SAT/Competições/SATRace2019-2/Benchmark/size_4_4_4_i3499_r8.cnf	1140	4253	4473778	4425173	6444897	185019079	158998	129889	29109	       19.05	       -0.05	36078	1446765	UNSAT	      497.62
29	cadical_v21	15	320	C:/Users/cball/OneDrive/Documentos/Pessoal/ITA/SAT/Competições/SATRace2019-2/Benchmark/size_4_4_4_i4096_r8.cnf	1140	4253	2523264	2492361	4200961	107631420	123096	111214	11882	       18.93	       -0.07	14867	1103532	UNSAT	      260.05
30	cadical_v21	15	320	C:/Users/cball/OneDrive/Documentos/Pessoal/ITA/SAT/Competições/SATRace2019-2/Benchmark/size_4_4_4_i4295_r8.cnf	1140	4253	1962703	1937907	3348022	83923507	101634	94634	7000	       19.20	       -0.08	8757	1067607	UNSAT	      182.65
31	cadical_v21	15	320	C:/Users/cball/OneDrive/Documentos/Pessoal/ITA/SAT/Competições/SATRace2019-2/Benchmark/size_4_4_4_i4473_r8.cnf	1140	4253	2425230	2395544	4090267	105240273	120596	109594	11002	       19.28	       -0.07	13727	1107862	UNSAT	      248.92
32	cadical_v21	15	320	C:/Users/cball/OneDrive/Documentos/Pessoal/ITA/SAT/Competições/SATRace2019-2/Benchmark/size_4_4_4_i4828_r8.cnf	1140	4253	3611015	3571981	5373945	146269946	133582	109408	24174	       18.99	       -0.05	29898	1111531	UNSAT	      374.94
33	cadical_v21	15	320	C:/Users/cball/OneDrive/Documentos/Pessoal/ITA/SAT/Competições/SATRace2019-2/Benchmark/size_5_5_5_i003_r12.cnf	3220	12314	23250375	22914331	59544105	1541789017	1071236	975696	95540	       33.31	       -0.09	124507	11015794	IND	     4999.50
34	cadical_v21	15	320	C:/Users/cball/OneDrive/Documentos/Pessoal/ITA/SAT/Competições/SATRace2019-2/Benchmark/size_5_5_5_i044_r12.cnf	3220	12314	10421246	10268486	27603235	709151643	505092	461475	43617	       33.25	       -0.09	56763	4826693	SAT	     1684.56
35	cadical_v21	15	320	C:/Users/cball/OneDrive/Documentos/Pessoal/ITA/SAT/Competições/SATRace2019-2/Benchmark/size_5_5_5_i063_r12.cnf	3220	12314	8852428	8713980	27685767	613286209	510169	480677	29492	       32.83	       -0.11	38494	4773947	SAT	     1632.56
36	cadical_v21	15	320	C:/Users/cball/OneDrive/Documentos/Pessoal/ITA/SAT/Competições/SATRace2019-2/Benchmark/size_5_5_5_i116_r12.cnf	3220	12314	2678880	2636368	8306245	190112172	135424	124832	10592	       33.46	       -0.10	14125	1204058	SAT	      281.19
37	cadical_v21	15	320	C:/Users/cball/OneDrive/Documentos/Pessoal/ITA/SAT/Competições/SATRace2019-2/Benchmark/size_5_5_5_i171_r12.cnf	3220	12314	3406666	3356808	8771950	244301088	141504	124509	16995	       34.25	       -0.08	22456	1156937	SAT	      345.64
38	cadical_v21	15	320	C:/Users/cball/OneDrive/Documentos/Pessoal/ITA/SAT/Competições/SATRace2019-2/Benchmark/size_5_5_5_i198_r12.cnf	3220	12314	9527545	9379482	28196418	635411585	498545	463357	35188	       31.90	       -0.10	45995	4875761	SAT	     1552.85
39	cadical_v21	15	320	C:/Users/cball/OneDrive/Documentos/Pessoal/ITA/SAT/Competições/SATRace2019-2/Benchmark/size_5_5_5_i218_r12.cnf	3220	12314	191048	187685	617695	18993691	8991	8227	764	       32.71	       -0.11	1055	82668	SAT	       11.36
40	cadical_v21	15	320	C:/Users/cball/OneDrive/Documentos/Pessoal/ITA/SAT/Competições/SATRace2019-2/Benchmark/size_5_5_5_i223_r12.cnf	3220	12314	3496070	3443887	10010881	252261964	156692	139069	17623	       36.44	       -0.09	23329	1149700	SAT	      402.14
41	cadical_v21	15	320	C:/Users/cball/OneDrive/Documentos/Pessoal/ITA/SAT/Competições/SATRace2019-2/Benchmark/size_5_5_5_i235_r12.cnf	3220	12314	2514712	2473555	8101933	169420032	136527	127139	9388	       31.94	       -0.11	12473	1224578	SAT	      253.97
42	cadical_v21	15	320	C:/Users/cball/OneDrive/Documentos/Pessoal/ITA/SAT/Competições/SATRace2019-2/Benchmark/size_5_5_5_i251_r12.cnf	3220	12314	2790974	2749321	7621416	186583023	131924	120110	11814	       31.71	       -0.09	15632	1163610	SAT	      264.14
43	cadical_v21	15	320	C:/Users/cball/OneDrive/Documentos/Pessoal/ITA/SAT/Competições/SATRace2019-2/Benchmark/size_5_5_5_i260_r12.cnf	3220	12314	3331437	3283649	8214187	228250998	136332	120165	16167	       33.73	       -0.08	21438	1140754	SAT	      314.97
44	cadical_v21	15	320	C:/Users/cball/OneDrive/Documentos/Pessoal/ITA/SAT/Competições/SATRace2019-2/Benchmark/size_5_5_5_i272_r12.cnf	3220	12314	3056781	3009429	8792530	223547723	142014	127634	14380	       34.89	       -0.09	18889	1179856	SAT	      335.38
45	cadical_v21	15	320	C:/Users/cball/OneDrive/Documentos/Pessoal/ITA/SAT/Competições/SATRace2019-2/Benchmark/slp-synthesis-aes-bottom13-sc2011.cnf	19995	62866	406764	396251	1061087	93471384	23315	21882	1433	       31.47	       -0.10	1886	190435	UNSAT	       48.53
46	cadical_v21	15	320	C:/Users/cball/OneDrive/Documentos/Pessoal/ITA/SAT/Competições/SATRace2019-2/Benchmark/slp-synthesis-aes-bottom18-sc2011.cnf	36410	115054	15004658	14724498	34615868	3829749723	515405	439211	76194	       56.14	       -0.07	101774	4660014	IND	     4990.45
47	cadical_v21	15	320	C:/Users/cball/OneDrive/Documentos/Pessoal/ITA/SAT/Competições/SATRace2019-2/Benchmark/slp-synthesis-aes-bottom22-sc2011.cnf	53118	168346	14167370	13876947	44873736	5374934607	524190	462629	61561	       68.38	       -0.08	85337	4836167	IND	     4996.06
48	cadical_v21	15	320	C:/Users/cball/OneDrive/Documentos/Pessoal/ITA/SAT/Competições/SATRace2019-2/Benchmark/slp-synthesis-aes-bottom26-sc2011.cnf	73074	231921	12353575	12073634	50883579	5687313985	508067	468172	39895	       71.87	       -0.10	59190	5058879	IND	     4994.94
49	cadical_v21	15	320	C:/Users/cball/OneDrive/Documentos/Pessoal/ITA/SAT/Competições/SATRace2019-2/Benchmark/slp-synthesis-aes-top21-sc2011.cnf	51138	153348	20716725	20410664	33941782	2410433201	820896	716108	104788	       26.81	       -0.06	133184	8452980	IND	     4996.97
50	cadical_v21	15	320	C:/Users/cball/OneDrive/Documentos/Pessoal/ITA/SAT/Competições/SATRace2019-2/Benchmark/slp-synthesis-aes-top26-sc2011.cnf	76943	231299	601154	587107	2926927	289371747	45169	43489	1680	       36.81	       -0.17	2401	382112	SAT	      114.78
51	cadical_v21	15	320	C:/Users/cball/OneDrive/Documentos/Pessoal/ITA/SAT/Competições/SATRace2019-2/Benchmark/smtlib-qfbv-aigs-countbits128-tseitin-sc2011.cnf	95810	287043	5486308	5379445	15368775	2145586620	236147	221500	14647	       67.90	       -0.10	22360	2775510	UNSAT	     1221.39
52	cadical_v21	15	320	C:/Users/cball/OneDrive/Documentos/Pessoal/ITA/SAT/Competições/SATRace2019-2/Benchmark/smulo032-sc2012.cnf	11785	35160	1335923	1309403	3063940	240990746	66621	60986	5635	       27.07	       -0.10	7459	590073	UNSAT	      175.59
53	cadical_v21	15	320	C:/Users/cball/OneDrive/Documentos/Pessoal/ITA/SAT/Competições/SATRace2019-2/Benchmark/snw_13_8_pre-sc2016.cnf	20446	689272	1838072	1794595	3166228	3610261198	81839	76060	5779	       24.82	       -0.08	7593	1106354	UNSAT	     1757.97
54	cadical_v21	15	320	C:/Users/cball/OneDrive/Documentos/Pessoal/ITA/SAT/Competições/SATRace2019-2/Benchmark/snw_16_8_nopre-sc2016.cnf	103136	4673415	1306488	1268459	2390628	6575417001	44644	39148	5496	       25.98	       -0.08	7325	719283	UNSAT	     3661.99
55	cadical_v21	15	320	C:/Users/cball/OneDrive/Documentos/Pessoal/ITA/SAT/Competições/SATRace2019-2/Benchmark/snw_16_8_pre-sc2016.cnf	76006	3192315	1125565	1094789	1950398	5597653922	33894	28232	5662	       25.24	       -0.07	7480	502901	UNSAT	     3078.14
56	cadical_v21	15	320	C:/Users/cball/OneDrive/Documentos/Pessoal/ITA/SAT/Competições/SATRace2019-2/Benchmark/sokoban-p16.sas.ex.15-sc2016.cnf	2343808	5010575	1258893	1133292	10880565	1439719834	26563	22067	4496	      354.09	       -0.07	6342	1567678	UNSAT	     1438.09
57	cadical_v21	15	320	C:/Users/cball/OneDrive/Documentos/Pessoal/ITA/SAT/Competições/SATRace2019-2/Benchmark/sokoban-p16.sas.ex.19-sc2016.cnf	2929760	6277585	3392945	3058949	34972743	4248943444	65418	52524	12894	      545.73	       -0.08	18381	3982526	IND	     4999.53
58	cadical_v21	15	320	C:/Users/cball/OneDrive/Documentos/Pessoal/ITA/SAT/Competições/SATRace2019-2/Benchmark/sokoban-p16.sas.ex.21-sc2016.cnf	3222736	6910393	3160475	2805770	39982369	4116157194	61095	50293	10802	      574.31	       -0.08	15672	4481298	SAT	     4489.33
59	cadical_v21	15	320	C:/Users/cball/OneDrive/Documentos/Pessoal/ITA/SAT/Competições/SATRace2019-2/Benchmark/sokoban-p16.sas.ex.23-sc2016.cnf	3515712	7543854	3478373	3086607	49320134	4497755582	64760	52285	12475	      622.32	       -0.08	18221	5092948	IND	     4999.28
60	cadical_v21	15	320	C:/Users/cball/OneDrive/Documentos/Pessoal/ITA/SAT/Competições/SATRace2019-2/Benchmark/sokoban-p20.sas.cr.35-sc2016.cnf	172512	1477968	3357347	2926003	38809437	9664874028	62671	51137	11534	      690.27	       -0.08	16959	3367348	IND	     4999.89
61	cadical_v21	15	320	C:/Users/cball/OneDrive/Documentos/Pessoal/ITA/SAT/Competições/SATRace2019-2/Benchmark/sokoban-p20.sas.ex.15-sc2016.cnf	2430976	5169846	3235717	2905976	37757052	3889467670	66592	54398	12194	      546.79	       -0.08	17227	4136052	IND	     4999.02
62	cadical_v21	15	320	C:/Users/cball/OneDrive/Documentos/Pessoal/ITA/SAT/Competições/SATRace2019-2/Benchmark/sokoban-p20.sas.ex.17-sc2016.cnf	2734848	5821656	3516769	3135135	46114308	4437216576	65790	52835	12955	      574.42	       -0.08	18800	4852192	IND	     4999.09
63	cadical_v21	15	320	C:/Users/cball/OneDrive/Documentos/Pessoal/ITA/SAT/Competições/SATRace2019-2/Benchmark/sokoban-p20.sas.ex.23-sc2016.cnf	3646464	7777501	3749780	3302201	60648101	4559937937	68916	54982	13934	      498.64	       -0.09	20409	6711385	IND	     4999.66
64	cadical_v21	15	320	C:/Users/cball/OneDrive/Documentos/Pessoal/ITA/SAT/Competições/SATRace2019-2/Benchmark/squ_ali_s10x10_c39_abix_SAT-sc2017.cnf	1672	5262	3240377	3185804	6427712	204544802	143361	125449	17912	       24.34	       -0.08	22801	1090230	SAT	      347.97
65	cadical_v21	15	320	C:/Users/cball/OneDrive/Documentos/Pessoal/ITA/SAT/Competições/SATRace2019-2/Benchmark/squ_any_s09x07_c27_abio_UNS-sc2017.cnf	851	2702	7607965	7510086	10903942	263435679	392413	363569	28844	       17.31	       -0.06	35821	3945534	UNSAT	     1297.12
66	cadical_v21	15	320	C:/Users/cball/OneDrive/Documentos/Pessoal/ITA/SAT/Competições/SATRace2019-2/Benchmark/srhd-sgi-m62-q1504.5-n60-p30-s88600538-sc2011.cnf	3651	926696	15511057	15251119	19314197	2088494532	401928	267980	133948	      181.91	       -0.03	157909	5338464	IND	     4999.67
67	cadical_v21	15	320	C:/Users/cball/OneDrive/Documentos/Pessoal/ITA/SAT/Competições/SATRace2019-2/Benchmark/stable-400-0.1-4-9876543214004-sc2014.cnf	400	30664	14383546	13990592	18361004	386186923	334670	245384	89286	       77.82	       -0.04	112101	5449564	SAT	     3749.47
68	cadical_v21	15	320	C:/Users/cball/OneDrive/Documentos/Pessoal/ITA/SAT/Competições/SATRace2019-2/Benchmark/sted1_0x0-380-sc2018.cnf	13431	335655	8478018	8219107	30510558	3329668204	433179	410760	22419	       52.50	       -0.10	30600	4821756	IND	     4999.67
69	cadical_v21	15	320	C:/Users/cball/OneDrive/Documentos/Pessoal/ITA/SAT/Competições/SATRace2019-2/Benchmark/stone-width3chain-nmarkers-20_shuffled-sc2016.cnf	3906	13611728	12561701	12354858	202402179	437831320	287857	174136	113721	       63.10	       -0.02	128935	75198741	IND	     4999.84
70	cadical_v21	15	320	C:/Users/cball/OneDrive/Documentos/Pessoal/ITA/SAT/Competições/SATRace2019-2/Benchmark/sv-comp19_prop-reachsafety.25_stack_longest_false-unreach-call.i-witness.cnf	3738383	16651874	1833	1626	2108250	23026303	71	71	0	       20.67	       -0.22	3	3992	SAT	       52.84
71	cadical_v21	15	320	C:/Users/cball/OneDrive/Documentos/Pessoal/ITA/SAT/Competições/SATRace2019-2/Benchmark/sv-comp19_prop-reachsafety.26_stack_cas_longer_false-unreach-call.i-witness.cnf	2633376	12055676	2479	2324	664187	19402149	127	126	1	      105.60	       -0.23	6	9823	SAT	       44.86
72	cadical_v21	15	320	C:/Users/cball/OneDrive/Documentos/Pessoal/ITA/SAT/Competições/SATRace2019-2/Benchmark/sv-comp19_prop-reachsafety.barrier_3t_true-unreach-call.i-witness.cnf	9582411	46593859	127653	106955	3852106389	11782645367	6744	6683	61	      172.35	       -0.25	182	3823224517	SAT	     4808.08
73	cadical_v21	15	320	C:/Users/cball/OneDrive/Documentos/Pessoal/ITA/SAT/Competições/SATRace2019-2/Benchmark/sv-comp19_prop-reachsafety.fib_bench_longest_false-unreach-call.i-witness.cnf	33721	157681	1957748	1872000	8183888	586931441	71501	67352	4149	       72.60	       -0.10	6045	1618868	SAT	      362.45
74	cadical_v21	15	320	C:/Users/cball/OneDrive/Documentos/Pessoal/ITA/SAT/Competições/SATRace2019-2/Benchmark/sv-comp19_prop-reachsafety.newton_2_2_true-unreach-call_true-termination.i-witness.cnf	110108	506714	225020	218538	490480	1062744714	8736	7508	1228	       71.11	       -0.07	1602	99948	UNSAT	      278.58
75	cadical_v21	15	320	C:/Users/cball/OneDrive/Documentos/Pessoal/ITA/SAT/Competições/SATRace2019-2/Benchmark/sv-comp19_prop-reachsafety.newton_2_3_true-unreach-call_true-termination.i-witness.cnf	110108	506718	183498	176224	434822	872653949	6664	5908	756	       87.61	       -0.09	1023	109577	UNSAT	      257.70
76	cadical_v21	15	320	C:/Users/cball/OneDrive/Documentos/Pessoal/ITA/SAT/Competições/SATRace2019-2/Benchmark/sv-comp19_prop-reachsafety.newton_2_4_true-unreach-call_true-termination.i-witness.cnf	110108	506714	241581	233359	545149	1036432265	8368	7302	1066	       80.26	       -0.08	1499	100807	UNSAT	      309.72
77	cadical_v21	15	320	C:/Users/cball/OneDrive/Documentos/Pessoal/ITA/SAT/Competições/SATRace2019-2/Benchmark/sv-comp19_prop-reachsafety.newton_2_6_false-unreach-call_true-termination.i-witness.cnf	110108	506718	127982	121729	399446	285480395	4577	4388	189	       58.47	       -0.12	313	118636	SAT	       93.59
78	cadical_v21	15	320	C:/Users/cball/OneDrive/Documentos/Pessoal/ITA/SAT/Competições/SATRace2019-2/Benchmark/sv-comp19_prop-reachsafety.newton_2_8_false-unreach-call_true-termination.i-witness.cnf	110079	506624	107791	104068	269027	412043019	7723	7478	245	      107.36	       -0.08	364	72899	SAT	      114.77
79	cadical_v21	15	320	C:/Users/cball/OneDrive/Documentos/Pessoal/ITA/SAT/Competições/SATRace2019-2/Benchmark/sv-comp19_prop-reachsafety.newton_3_6_false-unreach-call_true-termination.i-witness.cnf	164916	759313	512800	494140	1106911	2666688920	26547	25684	863	       83.77	       -0.08	1351	385005	SAT	      778.08
80	cadical_v21	15	320	C:/Users/cball/OneDrive/Documentos/Pessoal/ITA/SAT/Competições/SATRace2019-2/Benchmark/sv-comp19_prop-reachsafety.newton_3_7_false-unreach-call_true-termination.i-witness.cnf	164915	759314	146650	140031	347728	671775539	9444	9152	292	      105.74	       -0.06	469	87977	SAT	      205.67
81	cadical_v21	15	320	C:/Users/cball/OneDrive/Documentos/Pessoal/ITA/SAT/Competições/SATRace2019-2/Benchmark/sv-comp19_prop-reachsafety.newton_3_8_false-unreach-call_true-termination.i-witness.cnf	164887	759228	125794	119298	370198	555992117	6416	6200	216	       99.56	       -0.10	336	114421	SAT	      189.22
82	cadical_v21	15	320	C:/Users/cball/OneDrive/Documentos/Pessoal/ITA/SAT/Competições/SATRace2019-2/Benchmark/sv-comp19_prop-reachsafety.queue_longer_false-unreach-call.i-witness.cnf	8043699	39376148	9400	8611	1416927	75503039	433	419	14	       52.74	       -0.18	28	20813	SAT	      793.12
83	cadical_v21	15	320	C:/Users/cball/OneDrive/Documentos/Pessoal/ITA/SAT/Competições/SATRace2019-2/Benchmark/sv-comp19_prop-reachsafety.race-4_2-thread_local_vars_false-unreach-call.i-witness.cnf	693001	3661576	12967	12046	1047952	27178190	583	578	5	       24.91	       -0.22	31	803558	SAT	       52.50
84	cadical_v21	15	320	C:/Users/cball/OneDrive/Documentos/Pessoal/ITA/SAT/Competições/SATRace2019-2/Benchmark/sv-comp19_prop-reachsafety.sigma_false-unreach-call.i-witness.cnf	1094922	5009021	835633	799492	12801701	1624468271	49259	47060	2199	       44.79	       -0.20	3610	1123635	SAT	      679.63
85	cadical_v21	15	320	C:/Users/cball/OneDrive/Documentos/Pessoal/ITA/SAT/Competições/SATRace2019-2/Benchmark/sv-comp19_prop-reachsafety.sine_8_true-unreach-call_true-termination.i-witness.cnf	26421	122125	30001	29394	58107	143899771	3375	3318	57	       34.01	       -0.07	86	15824	UNSAT	       35.26
86	cadical_v21	15	320	C:/Users/cball/OneDrive/Documentos/Pessoal/ITA/SAT/Competições/SATRace2019-2/Benchmark/sv-comp19_prop-reachsafety.square_5_true-unreach-call_true-termination.i-witness.cnf	26275	121056	267220	265600	295336	1341187082	6992	3627	3365	       24.01	       -0.01	3724	90722	UNSAT	      323.91
87	cadical_v21	15	320	C:/Users/cball/OneDrive/Documentos/Pessoal/ITA/SAT/Competições/SATRace2019-2/Benchmark/sv-comp19_prop-reachsafety.triangular-longer_false-unreach-call.i-witness.cnf	20965	93387	17666534	16953368	55911989	2959853309	440901	356314	84587	       64.88	       -0.07	114029	10736237	SAT	     3621.50
88	cadical_v21	15	320	C:/Users/cball/OneDrive/Documentos/Pessoal/ITA/SAT/Competições/SATRace2019-2/Benchmark/test_v7_r12_vr10_c1_s18160.smt2-stp212-sc2016.cnf	314295	1258522	5670058	5510128	21201955	9581771073	282412	268399	14013	       61.53	       -0.15	21754	3976798	IND	     4989.45
89	cadical_v21	15	320	C:/Users/cball/OneDrive/Documentos/Pessoal/ITA/SAT/Competições/SATRace2019-2/Benchmark/total-10-15-s-sc2007.cnf	270120	1227441	113715	104889	579508	163109313	3645	3374	271	      138.65	       -0.07	386	81233	SAT	       54.34
90	cadical_v21	15	320	C:/Users/cball/OneDrive/Documentos/Pessoal/ITA/SAT/Competições/SATRace2019-2/Benchmark/total-10-15-u-sc2007.cnf	269416	1214079	22216104	21799252	41866114	6079734402	829786	729199	100587	       39.35	       -0.06	129157	9754982	IND	     4914.55
91	cadical_v21	15	320	C:/Users/cball/OneDrive/Documentos/Pessoal/ITA/SAT/Competições/SATRace2019-2/Benchmark/toughsat_22bits_0.cnf	600	16790	449268	445473	751892	34582648	31409	29537	1872	       21.27	       -0.07	2304	209602	SAT	       66.73
92	cadical_v21	15	320	C:/Users/cball/OneDrive/Documentos/Pessoal/ITA/SAT/Competições/SATRace2019-2/Benchmark/toughsat_22bits_1.cnf	600	16668	164769	163162	294932	10921671	10125	9150	975	       19.32	       -0.08	1173	66241	SAT	       14.48
93	cadical_v21	15	320	C:/Users/cball/OneDrive/Documentos/Pessoal/ITA/SAT/Competições/SATRace2019-2/Benchmark/toughsat_23bits_0.cnf	679	18374	585197	579414	1056556	51067144	37379	34568	2811	       20.73	       -0.08	3427	261615	SAT	       95.06
94	cadical_v21	15	320	C:/Users/cball/OneDrive/Documentos/Pessoal/ITA/SAT/Competições/SATRace2019-2/Benchmark/toughsat_23bits_1.cnf	679	18401	208771	206971	332185	17086366	9597	8176	1421	       21.46	       -0.06	1734	68625	SAT	       22.19
95	cadical_v21	15	320	C:/Users/cball/OneDrive/Documentos/Pessoal/ITA/SAT/Competições/SATRace2019-2/Benchmark/toughsat_23bits_2.cnf	679	18422	653552	647985	1106690	55601592	38981	35447	3534	       22.21	       -0.07	4324	261601	SAT	      101.28
96	cadical_v21	15	320	C:/Users/cball/OneDrive/Documentos/Pessoal/ITA/SAT/Competições/SATRace2019-2/Benchmark/toughsat_23bits_3.cnf	679	18292	915956	909572	1378061	91206414	41357	34541	6816	       21.98	       -0.05	8251	263548	SAT	      184.61
97	cadical_v21	15	320	C:/Users/cball/OneDrive/Documentos/Pessoal/ITA/SAT/Competições/SATRace2019-2/Benchmark/toughsat_24bits_0.cnf	686	19093	843308	837159	1326488	81612193	40603	34709	5894	       21.03	       -0.06	7151	263042	SAT	      159.50
98	cadical_v21	15	320	C:/Users/cball/OneDrive/Documentos/Pessoal/ITA/SAT/Competições/SATRace2019-2/Benchmark/toughsat_24bits_1.cnf	687	19618	711598	705638	1188645	64687465	38600	34124	4476	       22.14	       -0.07	5398	266421	SAT	      123.58
99	cadical_v21	15	320	C:/Users/cball/OneDrive/Documentos/Pessoal/ITA/SAT/Competições/SATRace2019-2/Benchmark/toughsat_24bits_2.cnf	686	19096	810822	804692	1269215	82668184	39100	33479	5621	       21.19	       -0.06	6792	264497	SAT	      152.98
100	cadical_v21	15	320	C:/Users/cball/OneDrive/Documentos/Pessoal/ITA/SAT/Competições/SATRace2019-2/Benchmark/toughsat_24bits_3.cnf	687	19681	594959	589410	1091092	48176935	38997	36054	2943	       22.27	       -0.08	3582	260280	SAT	       89.58
101	cadical_v21	15	320	C:/Users/cball/OneDrive/Documentos/Pessoal/ITA/SAT/Competições/SATRace2019-2/Benchmark/toughsat_25bits_0.cnf	827	20662	1072244	1064109	1672531	116194399	48552	40709	7843	       24.29	       -0.05	9557	296713	SAT	      206.89
102	cadical_v21	15	320	C:/Users/cball/OneDrive/Documentos/Pessoal/ITA/SAT/Competições/SATRace2019-2/Benchmark/toughsat_25bits_1.cnf	827	20629	1931895	1915197	3705472	194081715	140409	132582	7827	       24.53	       -0.08	9543	926177	SAT	      587.64
103	cadical_v21	15	320	C:/Users/cball/OneDrive/Documentos/Pessoal/ITA/SAT/Competições/SATRace2019-2/Benchmark/toughsat_25bits_2.cnf	827	20669	531709	526166	1039534	44008155	39015	36831	2184	       22.33	       -0.09	2665	258356	SAT	       74.97
104	cadical_v21	15	320	C:/Users/cball/OneDrive/Documentos/Pessoal/ITA/SAT/Competições/SATRace2019-2/Benchmark/toughsat_25bits_3.cnf	827	20730	1799979	1783287	3360416	189003097	125970	117978	7992	       23.05	       -0.08	9698	829100	SAT	      542.34
105	cadical_v21	15	320	C:/Users/cball/OneDrive/Documentos/Pessoal/ITA/SAT/Competições/SATRace2019-2/Benchmark/toughsat_26bits_0.cnf	895	20751	1574686	1561149	2673272	168071154	98887	90808	8079	       26.04	       -0.07	9782	676859	SAT	      385.41
106	cadical_v21	15	320	C:/Users/cball/OneDrive/Documentos/Pessoal/ITA/SAT/Competições/SATRace2019-2/Benchmark/toughsat_26bits_1.cnf	895	20847	2540794	2521607	4178417	287701569	148925	135166	13759	       25.23	       -0.06	16702	1039610	SAT	      870.37
107	cadical_v21	15	320	C:/Users/cball/OneDrive/Documentos/Pessoal/ITA/SAT/Competições/SATRace2019-2/Benchmark/toughsat_26bits_2.cnf	895	20756	3693142	3669999	5395679	470950539	160688	133076	27612	       25.49	       -0.05	33418	1055520	SAT	     1514.47
108	cadical_v21	15	320	C:/Users/cball/OneDrive/Documentos/Pessoal/ITA/SAT/Competições/SATRace2019-2/Benchmark/toughsat_26bits_3.cnf	895	20818	699169	693081	1113759	67448028	36222	32116	4106	       24.09	       -0.06	5007	269211	SAT	      107.27
109	cadical_v21	15	320	C:/Users/cball/OneDrive/Documentos/Pessoal/ITA/SAT/Competições/SATRace2019-2/Benchmark/toughsat_27bits_0.cnf	984	22937	5609245	5566131	9502716	921810098	308240	273762	34478	       26.11	       -0.06	41177	2234925	SAT	     3323.94
110	cadical_v21	15	320	C:/Users/cball/OneDrive/Documentos/Pessoal/ITA/SAT/Competições/SATRace2019-2/Benchmark/toughsat_28bits_0.cnf	1046	22804	7714536	7656950	14408578	1040274977	504798	473080	31718	       28.17	       -0.07	38561	3833621	IND	     4994.66
111	cadical_v21	15	320	C:/Users/cball/OneDrive/Documentos/Pessoal/ITA/SAT/Competições/SATRace2019-2/Benchmark/toughsat_29bits_0.cnf	1085	25464	8167566	8099150	16824793	1071050387	542940	510614	32326	       29.64	       -0.08	39138	4231912	IND	     4999.02
112	cadical_v21	15	320	C:/Users/cball/OneDrive/Documentos/Pessoal/ITA/SAT/Competições/SATRace2019-2/Benchmark/toughsat_30bits_0.cnf	1110	27596	9216378	9140572	19324589	1107371192	526023	482153	43870	       31.86	       -0.07	53271	4340181	IND	     4999.44
113	cadical_v21	15	320	C:/Users/cball/OneDrive/Documentos/Pessoal/ITA/SAT/Competições/SATRace2019-2/Benchmark/tseitingrid7x160_shuffled-sc2016.cnf	2240	8960	120869813	120832512	778034406	1749269931	6257412	5656442	600970	       20.60	       -0.04	706144	152618842	IND	     4999.45
114	cadical_v21	15	320	C:/Users/cball/OneDrive/Documentos/Pessoal/ITA/SAT/Competições/SATRace2019-2/Benchmark/uniqinv47prop-sc2018.cnf	17349	51071	18089197	17919513	46669247	3467112939	721950	577405	144545	       46.03	       -0.07	171059	7127369	IND	     4999.44
115	cadical_v21	15	320	C:/Users/cball/OneDrive/Documentos/Pessoal/ITA/SAT/Competições/SATRace2019-2/Benchmark/unsat-set-a-fclqcolor-20-13-14.sat05-1278.reshuffled-07-sc2007.cnf	730	43124	91946760	70400559	280666030	2552739061	1151675	757540	394135	       51.86	       -0.05	508454	147640706	IND	     4998.87
116	cadical_v21	15	320	C:/Users/cball/OneDrive/Documentos/Pessoal/ITA/SAT/Competições/SATRace2019-2/Benchmark/vmpc_30-sc2007.cnf	900	133080	11582635	11188708	23777884	1305302939	354317	293407	60910	       49.09	       -0.06	76482	7942506	IND	     4999.59
117	cadical_v21	15	320	C:/Users/cball/OneDrive/Documentos/Pessoal/ITA/SAT/Competições/SATRace2019-2/Benchmark/vmpc_31-sc2007.cnf	961	146909	3186479	3079322	6884939	388167195	95165	77850	17315	       48.90	       -0.06	22006	2119720	SAT	      683.77
118	cadical_v21	15	320	C:/Users/cball/OneDrive/Documentos/Pessoal/ITA/SAT/Competições/SATRace2019-2/Benchmark/vmpc_34.shuffled-as.sat05-1958-sc2005.cnf	1156	194072	13274842	12803643	29490612	1772386993	361020	286790	74230	       58.79	       -0.06	94323	8843647	IND	     4999.62
119	cadical_v21	15	320	C:/Users/cball/OneDrive/Documentos/Pessoal/ITA/SAT/Competições/SATRace2019-2/Benchmark/vmpc_36.renamed-as.sat05-1922-sc2005.cnf	1296	230544	13566935	13081917	31388274	1985898007	360629	285672	74957	       61.82	       -0.06	95925	9240125	IND	     4999.75
120	cadical_v21	15	320	C:/Users/cball/OneDrive/Documentos/Pessoal/ITA/SAT/Competições/SATRace2019-2/Benchmark/x2_128.shuffled-as.sat03-1598-sc2002.cnf	382	1018	81636749	81619247	151627177	715246557	3009023	2180408	828615	       36.45	       -0.05	922469	45319976	IND	     4999.58
