ID	version	restart base fast	restart base slow	file	vars	clauses	conflicts	learned	decisions	propagations	restarts	restarts unstable	restarts stable	learned avg. size	learnt stack avg	learnt stack stable counter	learnt stack unstable counter	answer	cpu time
1	cadical_v21	3	320	C:/Users/cball/OneDrive/Documentos/Pessoal/ITA/SAT/Competições/SATRace2019/Benchmark/001-80-12-sc2014.cnf	13408	309430	3424503	3337854	60690215	686818830	141797	131452	10345	       72.44	       -0.19	16586	9715933	SAT	      623.83
2	cadical_v21	3	320	C:/Users/cball/OneDrive/Documentos/Pessoal/ITA/SAT/Competições/SATRace2019/Benchmark/002-80-8-sc2014.cnf	13408	309437	3297064	3213175	57636208	524016684	130409	121810	8599	       56.29	       -0.20	14473	10019983	SAT	      459.17
3	cadical_v21	3	320	C:/Users/cball/OneDrive/Documentos/Pessoal/ITA/SAT/Competições/SATRace2019/Benchmark/002-sc2013.cnf	4128	72562	14122061	13767843	151489279	1857418890	474839	418995	55844	      104.12	       -0.15	81916	18133589	SAT	     3549.95
4	cadical_v21	3	320	C:/Users/cball/OneDrive/Documentos/Pessoal/ITA/SAT/Competições/SATRace2019/Benchmark/003-sc2013.cnf	4288	76700	17889066	17430714	217656582	2496343627	587873	517329	70544	      118.28	       -0.16	103415	28151009	IND	     4999.28
5	cadical_v21	3	320	C:/Users/cball/OneDrive/Documentos/Pessoal/ITA/SAT/Competições/SATRace2019/Benchmark/004-22-160-sc2014.cnf	4128	72564	12517378	12183610	145476535	1667151165	461218	415391	45827	       98.14	       -0.16	67062	18265734	SAT	     3181.75
6	cadical_v21	3	320	C:/Users/cball/OneDrive/Documentos/Pessoal/ITA/SAT/Competições/SATRace2019/Benchmark/004-80-8-sc2014.cnf	13408	309439	3004651	2922033	62177937	561308784	137285	129575	7710	       62.71	       -0.22	12687	9591994	SAT	      470.61
7	cadical_v21	3	320	C:/Users/cball/OneDrive/Documentos/Pessoal/ITA/SAT/Competições/SATRace2019/Benchmark/004-sc2013.cnf	4128	72571	9696090	9394819	149843708	1402478885	449574	422578	26996	       83.46	       -0.20	39752	20218409	SAT	     2550.77
8	cadical_v21	3	320	C:/Users/cball/OneDrive/Documentos/Pessoal/ITA/SAT/Competições/SATRace2019/Benchmark/006-23-96-sc2014.cnf	4288	76698	18447817	17946877	229322226	2499655679	615996	552775	63221	       95.18	       -0.16	96203	30531555	IND	     4999.44
9	cadical_v21	3	320	C:/Users/cball/OneDrive/Documentos/Pessoal/ITA/SAT/Competições/SATRace2019/Benchmark/007-sc2013.cnf	4128	72567	2834135	2752425	45366671	398059772	150521	142194	8327	       71.18	       -0.21	12769	4797390	SAT	      452.67
10	cadical_v21	3	320	C:/Users/cball/OneDrive/Documentos/Pessoal/ITA/SAT/Competições/SATRace2019/Benchmark/008-80-8-sc2014.cnf	13408	309438	2830093	2756156	42729247	448341488	135477	127864	7613	       63.39	       -0.17	12051	6887286	SAT	      395.70
11	cadical_v21	3	320	C:/Users/cball/OneDrive/Documentos/Pessoal/ITA/SAT/Competições/SATRace2019/Benchmark/11pipe_11_ooo-sc2011.cnf	88289	4187682	4377532	4201058	37504172	6860630790	121138	105572	15566	      134.74	       -0.09	23782	9543382	UNSAT	     1842.45
12	cadical_v21	3	320	C:/Users/cball/OneDrive/Documentos/Pessoal/ITA/SAT/Competições/SATRace2019/Benchmark/20180322_164224543_p_cnf_320_1120-sc2018.cnf	320	1120	1128087	1101629	2047801	50262301	30326	26866	3460	       24.70	       -0.06	5530	383498	SAT	      110.20
13	cadical_v21	3	320	C:/Users/cball/OneDrive/Documentos/Pessoal/ITA/SAT/Competições/SATRace2019/Benchmark/20180326_095804936_p_cnf_320_1120-sc2018.cnf	320	1120	120029	116726	234705	5990048	3475	3238	237	       23.71	       -0.06	366	72922	SAT	        5.81
14	cadical_v21	3	320	C:/Users/cball/OneDrive/Documentos/Pessoal/ITA/SAT/Competições/SATRace2019/Benchmark/24.4-sc2017.cnf	4448	80690	18523269	18039270	197783893	2376722420	612798	547535	65263	       93.82	       -0.16	98216	25259849	IND	     4999.27
15	cadical_v21	3	320	C:/Users/cball/OneDrive/Documentos/Pessoal/ITA/SAT/Competições/SATRace2019/Benchmark/26_stack_cas_longest_true-unreach-call.i-cbmc-u2-sc2016.cnf	7807714	35974300	1322	1222	2744543	33737143	70	70	0	       15.74	       -0.27	2	13679	SAT	      139.17
16	cadical_v21	3	320	C:/Users/cball/OneDrive/Documentos/Pessoal/ITA/SAT/Competições/SATRace2019/Benchmark/289-unsat-21x14-sc2011.cnf	1176	78498	47744651	46487481	213178586	1377209764	1045859	910063	135796	       61.20	       -0.09	214218	25046800	IND	     4997.31
17	cadical_v21	3	320	C:/Users/cball/OneDrive/Documentos/Pessoal/ITA/SAT/Competições/SATRace2019/Benchmark/58bits_13.dimacs-sr2015.cnf	1097	23771	9037350	8962367	17847683	1215431566	507506	487561	19945	       33.85	       -0.07	30779	4327973	IND	     4998.78
18	cadical_v21	3	320	C:/Users/cball/OneDrive/Documentos/Pessoal/ITA/SAT/Competições/SATRace2019/Benchmark/6-4-6-sc2018.cnf	15320	245163	9518085	9353866	33560291	3374901811	501556	478708	22848	       57.30	       -0.11	35102	5141334	IND	     4999.44
19	cadical_v21	3	320	C:/Users/cball/OneDrive/Documentos/Pessoal/ITA/SAT/Competições/SATRace2019/Benchmark/62bits_14.dimacs-sr2015.cnf	1164	28980	10061620	9976610	20105699	1210742534	503647	477416	26231	       33.69	       -0.07	40155	4393019	IND	     4999.25
20	cadical_v21	3	320	C:/Users/cball/OneDrive/Documentos/Pessoal/ITA/SAT/Competições/SATRace2019/Benchmark/6s126-opt-sc2014.cnf	578891	1735495	2986938	2885775	27862694	1518231691	127133	119547	7586	       69.07	       -0.15	12524	5527511	UNSAT	      670.45
21	cadical_v21	3	320	C:/Users/cball/OneDrive/Documentos/Pessoal/ITA/SAT/Competições/SATRace2019/Benchmark/6s133-sc2014.cnf	48258	140967	2337023	2304208	11673795	421250058	152316	147104	5212	       21.86	       -0.12	8159	1858120	UNSAT	      284.56
22	cadical_v21	3	320	C:/Users/cball/OneDrive/Documentos/Pessoal/ITA/SAT/Competições/SATRace2019/Benchmark/6s139-sc2013.cnf	508510	1464738	1613597	1593315	412925996	4063678883	73948	71730	2218	       22.12	       -0.16	4308	236470338	UNSAT	     1273.81
23	cadical_v21	3	320	C:/Users/cball/OneDrive/Documentos/Pessoal/ITA/SAT/Competições/SATRace2019/Benchmark/6s166-sc2013.cnf	5448	15992	486724	479285	1146867	51286873	21133	20178	955	       26.05	       -0.08	1472	292529	UNSAT	       34.91
24	cadical_v21	3	320	C:/Users/cball/OneDrive/Documentos/Pessoal/ITA/SAT/Competições/SATRace2019/Benchmark/6s169-opt-sc2014.cnf	6061	17574	351903	347458	879074	30405170	16073	15076	997	       18.99	       -0.09	1511	177330	UNSAT	       17.09
25	cadical_v21	3	320	C:/Users/cball/OneDrive/Documentos/Pessoal/ITA/SAT/Competições/SATRace2019/Benchmark/6s20-sc2013.cnf	58614	175092	2734617	2673589	7679376	1490001716	128163	120786	7377	       32.76	       -0.10	11521	1500306	UNSAT	      606.00
26	cadical_v21	3	320	C:/Users/cball/OneDrive/Documentos/Pessoal/ITA/SAT/Competições/SATRace2019/Benchmark/9_50-sc2017.cnf	1458	30499	7756347	7616275	17463365	443744437	378203	363954	14249	       43.41	       -0.08	22511	4345982	SAT	     1789.30
27	cadical_v21	3	320	C:/Users/cball/OneDrive/Documentos/Pessoal/ITA/SAT/Competições/SATRace2019/Benchmark/9dlx_vliw_at_b_iq8-sc2007.cnf	371419	7170905	1104954	1071783	27540008	2494020764	38829	34986	3843	       80.94	       -0.10	5901	4298883	UNSAT	     1363.33
28	cadical_v21	3	320	C:/Users/cball/OneDrive/Documentos/Pessoal/ITA/SAT/Competições/SATRace2019/Benchmark/9pipe_k-sc2012.cnf	49112	2317836	319499	310981	2431218	334141143	7887	6979	908	      164.46	       -0.09	1413	666396	UNSAT	      184.76
29	cadical_v21	3	320	C:/Users/cball/OneDrive/Documentos/Pessoal/ITA/SAT/Competições/SATRace2019/Benchmark/ACG-20-10p1-sc2009.cnf	381708	1619095	211416	167844	2120398	1671992491	7288	6567	721	      231.16	       -0.13	1094	184988	SAT	      392.62
30	cadical_v21	3	320	C:/Users/cball/OneDrive/Documentos/Pessoal/ITA/SAT/Competições/SATRace2019/Benchmark/AProVE07-26-sc2007.cnf	21734	78990	19808880	19523109	74857140	3639654119	798468	732617	65851	       54.86	       -0.10	98782	9938692	IND	     4999.48
31	cadical_v21	3	320	C:/Users/cball/OneDrive/Documentos/Pessoal/ITA/SAT/Competições/SATRace2019/Benchmark/ASG_72_keystream76_1.cnf	3426	15230	9581087	9580893	9607685	3043378854	329617	308904	20713	       18.75	       -0.00	33249	4640595	SAT	     1369.72
32	cadical_v21	3	320	C:/Users/cball/OneDrive/Documentos/Pessoal/ITA/SAT/Competições/SATRace2019/Benchmark/ASG_72_keystream76_2.cnf	3426	15230	5677880	5677706	5689220	1980068775	177259	163344	13915	       17.97	       -0.00	22218	2516285	SAT	      785.53
33	cadical_v21	3	320	C:/Users/cball/OneDrive/Documentos/Pessoal/ITA/SAT/Competições/SATRace2019/Benchmark/ASG_96_len112_known_last12_2.cnf	6658	31911	755308	754997	762617	797739921	27671	25665	2006	       20.86	       -0.00	3271	267186	SAT	      239.00
34	cadical_v21	3	320	C:/Users/cball/OneDrive/Documentos/Pessoal/ITA/SAT/Competições/SATRace2019/Benchmark/ASG_96_len112_known_last12_2_u.cnf	6658	31911	755308	754997	762617	797739921	27671	25665	2006	       20.86	       -0.00	3271	267186	SAT	      239.83
35	cadical_v21	3	320	C:/Users/cball/OneDrive/Documentos/Pessoal/ITA/SAT/Competições/SATRace2019/Benchmark/ASG_96_len112_known_last13_2.cnf	6658	31909	723880	723502	733646	707199249	26400	24440	1960	       20.81	       -0.00	3129	271734	SAT	      231.77
36	cadical_v21	3	320	C:/Users/cball/OneDrive/Documentos/Pessoal/ITA/SAT/Competições/SATRace2019/Benchmark/ASG_96_len112_known_last13_2_u.cnf	6658	31909	1798225	1797517	1813268	1535037409	75023	71518	3505	       18.79	       -0.00	5583	923220	UNSAT	      583.92
37	cadical_v21	3	320	C:/Users/cball/OneDrive/Documentos/Pessoal/ITA/SAT/Competições/SATRace2019/Benchmark/Bibd-sc-10-03-08_c18.cnf	32852	170331	32695	31477	204496	13742971	3173	3128	45	       16.03	       -0.26	83	42823	SAT	        6.23
38	cadical_v21	3	320	C:/Users/cball/OneDrive/Documentos/Pessoal/ITA/SAT/Competições/SATRace2019/Benchmark/CarSequencing-90-01_c18.cnf	66201	915628	136261	131709	2211990	52466955	7404	7185	219	       11.34	       -0.24	378	676613	SAT	       46.70
39	cadical_v21	3	320	C:/Users/cball/OneDrive/Documentos/Pessoal/ITA/SAT/Competições/SATRace2019/Benchmark/CarSequencing-90-02_c18.cnf	48941	552747	128637	123865	3960173	99762066	11063	10946	117	       10.40	       -0.31	254	591757	SAT	       35.16
40	cadical_v21	3	320	C:/Users/cball/OneDrive/Documentos/Pessoal/ITA/SAT/Competições/SATRace2019/Benchmark/EDP3-70000-sc2014.cnf	708290	5425469	5928289	5651651	95755830	7436357133	219845	207782	12063	      145.98	       -0.21	20355	15338894	IND	     4999.24
41	cadical_v21	3	320	C:/Users/cball/OneDrive/Documentos/Pessoal/ITA/SAT/Competições/SATRace2019/Benchmark/Eternity-10-05_c18.cnf	3298	142629	42314	40725	191809	4781082	3033	2914	119	       45.38	       -0.17	185	37284	SAT	        3.56
42	cadical_v21	3	320	C:/Users/cball/OneDrive/Documentos/Pessoal/ITA/SAT/Competições/SATRace2019/Benchmark/Eternity-10-06_c18.cnf	4660	243504	8666149	8445075	18434931	1774054866	294715	277411	17304	      148.78	       -0.07	26965	5546835	IND	     4999.31
43	cadical_v21	3	320	C:/Users/cball/OneDrive/Documentos/Pessoal/ITA/SAT/Competições/SATRace2019/Benchmark/GracefulGraph-K04-P04_c18.cnf	2692	79064	830875	813602	2192549	105473932	32294	29705	2589	       61.21	       -0.10	4072	418748	SAT	      109.95
44	cadical_v21	3	320	C:/Users/cball/OneDrive/Documentos/Pessoal/ITA/SAT/Competições/SATRace2019/Benchmark/GracefulGraph-K05-P02_c18.cnf	1385	27650	246599	242317	514611	30918883	8701	7900	801	       38.95	       -0.08	1293	90699	SAT	       23.55
45	cadical_v21	3	320	C:/Users/cball/OneDrive/Documentos/Pessoal/ITA/SAT/Competições/SATRace2019/Benchmark/Grain_no_init_ver1_out200_known_last104_0.cnf	2425	23118	6600778	6588763	7819183	577294308	288564	274125	14439	       22.47	       -0.02	22731	3155849	SAT	      706.83
46	cadical_v21	3	320	C:/Users/cball/OneDrive/Documentos/Pessoal/ITA/SAT/Competições/SATRace2019/Benchmark/Grain_no_init_ver1_out200_known_last104_0_u.cnf	2425	23064	24249283	24214270	25176901	1350605989	942779	886982	55797	       20.27	       -0.01	88979	11035873	UNSAT	     3133.83
47	cadical_v21	3	320	C:/Users/cball/OneDrive/Documentos/Pessoal/ITA/SAT/Competições/SATRace2019/Benchmark/Grain_no_init_ver1_out200_known_last105_0.cnf	2425	23032	3729691	3724056	4158688	391604771	108114	95505	12609	       20.45	       -0.01	19786	1114536	SAT	      390.52
48	cadical_v21	3	320	C:/Users/cball/OneDrive/Documentos/Pessoal/ITA/SAT/Competições/SATRace2019/Benchmark/Grain_no_init_ver1_out200_known_last105_0_u.cnf	2425	23034	7862502	7844305	8941191	597270748	390199	375848	14351	       18.65	       -0.02	22639	4149868	UNSAT	      747.44
49	cadical_v21	3	320	C:/Users/cball/OneDrive/Documentos/Pessoal/ITA/SAT/Competições/SATRace2019/Benchmark/Haystacks-ext-12_c18.cnf	1728	19526	5242863	5217773	5926076	62449298	174011	156135	17876	       42.04	       -0.02	26081	2124015	UNSAT	      415.30
50	cadical_v21	3	320	C:/Users/cball/OneDrive/Documentos/Pessoal/ITA/SAT/Competições/SATRace2019/Benchmark/Haystacks-ext-13_c18.cnf	2197	26977	32646063	32471434	35586675	379279563	1419947	1350428	69519	       52.89	       -0.02	102350	18332281	UNSAT	     4440.59
51	cadical_v21	3	320	C:/Users/cball/OneDrive/Documentos/Pessoal/ITA/SAT/Competições/SATRace2019/Benchmark/IBM_FV_20002_31_1_rule_1_SAT_dat.k95-sc2007.cnf	141985	634173	13078923	12808717	55836641	6902320798	517726	474824	42902	       58.60	       -0.11	65887	7159914	IND	     4997.64
52	cadical_v21	3	320	C:/Users/cball/OneDrive/Documentos/Pessoal/ITA/SAT/Competições/SATRace2019/Benchmark/IBM_FV_2004_rule_batch_2_31_2_SAT_dat.k45.debugged-sc2012.cnf	59794	243931	10881145	10702263	33152162	3208934845	510461	480512	29949	       57.99	       -0.10	46312	4900604	IND	     4997.75
53	cadical_v21	3	320	C:/Users/cball/OneDrive/Documentos/Pessoal/ITA/SAT/Competições/SATRace2019/Benchmark/LABS_n066_goal005-sc2013.cnf	152376	308482	4304252	4256151	12376148	13936077542	149654	135325	14329	       46.13	       -0.06	22602	1405742	IND	     4992.39
54	cadical_v21	3	320	C:/Users/cball/OneDrive/Documentos/Pessoal/ITA/SAT/Competições/SATRace2019/Benchmark/LABS_n071_goal001-sc2013.cnf	189982	384580	1875906	1839137	3816763	7963976184	81147	77504	3643	       30.68	       -0.08	5711	1213008	UNSAT	     2733.05
55	cadical_v21	3	320	C:/Users/cball/OneDrive/Documentos/Pessoal/ITA/SAT/Competições/SATRace2019/Benchmark/LABS_n087_goal008-sc2013.cnf	335424	950345	144447	141836	997340	1680612619	9972	9660	312	       47.10	       -0.12	493	85553	SAT	      515.92
56	cadical_v21	3	320	C:/Users/cball/OneDrive/Documentos/Pessoal/ITA/SAT/Competições/SATRace2019/Benchmark/LABS_n089_goal008-sc2013.cnf	351053	1039313	1776137	1744831	11296019	16944292867	112671	109006	3665	       48.33	       -0.11	5732	1094573	IND	     4994.61
57	cadical_v21	3	320	C:/Users/cball/OneDrive/Documentos/Pessoal/ITA/SAT/Competições/SATRace2019/Benchmark/MASG0_72_keystream76_0.cnf	3426	20454	7023280	7023271	7027015	4686397354	210544	197309	13235	       15.21	       -0.00	21553	3720268	SAT	     1297.55
58	cadical_v21	3	320	C:/Users/cball/OneDrive/Documentos/Pessoal/ITA/SAT/Competições/SATRace2019/Benchmark/MASG_72_keystream76_0.cnf	3426	20302	16993908	16993484	17016278	13946967570	303197	250935	52262	       17.15	       -0.00	85544	5348917	SAT	     4212.58
59	cadical_v21	3	320	C:/Users/cball/OneDrive/Documentos/Pessoal/ITA/SAT/Competições/SATRace2019/Benchmark/MD5-29-4-sc2014.cnf	8590	65144	15611817	15197053	185493434	2666131427	427472	371470	56002	      107.08	       -0.15	86681	22357697	IND	     4998.92
60	cadical_v21	3	320	C:/Users/cball/OneDrive/Documentos/Pessoal/ITA/SAT/Competições/SATRace2019/Benchmark/MD5-29-5-sc2014.cnf	8591	65154	16742916	16299051	197970950	2717333837	450078	393323	56755	       87.66	       -0.15	89827	23811194	IND	     4999.09
61	cadical_v21	3	320	C:/Users/cball/OneDrive/Documentos/Pessoal/ITA/SAT/Competições/SATRace2019/Benchmark/MM-22.cnf	24975	111780	27062930	26431766	356078876	6761346045	1609341	1552504	56837	       61.72	       -0.16	89939	26083003	IND	     4999.36
62	cadical_v21	3	320	C:/Users/cball/OneDrive/Documentos/Pessoal/ITA/SAT/Competições/SATRace2019/Benchmark/MM-23-2-2-2-2-3.cnf	26541	117126	23974418	23560571	213598241	4578546327	1036380	970551	65829	       64.46	       -0.13	98809	21850579	IND	     4999.41
63	cadical_v21	3	320	C:/Users/cball/OneDrive/Documentos/Pessoal/ITA/SAT/Competições/SATRace2019/Benchmark/MM-23-2-2-2-2-A.cnf	26541	117126	27105136	26606049	282485459	5531778589	1384546	1319390	65156	       59.62	       -0.14	98148	28965625	IND	     4999.00
64	cadical_v21	3	320	C:/Users/cball/OneDrive/Documentos/Pessoal/ITA/SAT/Competições/SATRace2019/Benchmark/MM-23-2-2-2-2-B.cnf	26541	117126	24927899	24482056	240381177	4939338270	1160844	1096921	63923	       62.66	       -0.14	96933	24259206	IND	     4999.06
65	cadical_v21	3	320	C:/Users/cball/OneDrive/Documentos/Pessoal/ITA/SAT/Competições/SATRace2019/Benchmark/MM-23-2-2-2-2-C.cnf	26541	117126	25206762	24752216	242489094	4984049617	1164071	1099912	64159	       61.72	       -0.14	97166	25129001	IND	     4999.58
66	cadical_v21	3	320	C:/Users/cball/OneDrive/Documentos/Pessoal/ITA/SAT/Competições/SATRace2019/Benchmark/MM-23-2-2-2-2-D.cnf	26541	117126	25320255	24869958	235312626	4876397545	1119064	1053358	65706	       63.45	       -0.13	98694	25333400	IND	     4999.41
67	cadical_v21	3	320	C:/Users/cball/OneDrive/Documentos/Pessoal/ITA/SAT/Competições/SATRace2019/Benchmark/MM-23-2-2-2-2-M.cnf	26541	117126	24998368	24551907	239467389	4912101901	1145429	1080649	64780	       62.58	       -0.13	97779	24415057	IND	     4999.77
68	cadical_v21	3	320	C:/Users/cball/OneDrive/Documentos/Pessoal/ITA/SAT/Competições/SATRace2019/Benchmark/MM-23-2-2-2-3-4.cnf	26541	117126	22698903	22323327	198958621	4286301843	992634	926217	66417	       65.33	       -0.13	99390	18902486	IND	     4998.97
69	cadical_v21	3	320	C:/Users/cball/OneDrive/Documentos/Pessoal/ITA/SAT/Competições/SATRace2019/Benchmark/MM-23-2-2-2-4-A.cnf	26541	117126	24518081	24090327	227566211	4740350535	1110208	1045536	64672	       63.92	       -0.13	97672	23010382	IND	     4999.66
70	cadical_v21	3	320	C:/Users/cball/OneDrive/Documentos/Pessoal/ITA/SAT/Competições/SATRace2019/Benchmark/MM-23-2-2-2-4-B.cnf	26541	117126	23519802	23112111	213821120	4527137612	1037836	972674	65162	       63.56	       -0.13	98155	21259564	IND	     4994.95
71	cadical_v21	3	320	C:/Users/cball/OneDrive/Documentos/Pessoal/ITA/SAT/Competições/SATRace2019/Benchmark/MM-23-2-2-3-A.cnf	26541	117126	22587145	22185988	193432393	4403105698	903980	839285	64695	       68.62	       -0.12	97688	20176593	IND	     4996.06
72	cadical_v21	3	320	C:/Users/cball/OneDrive/Documentos/Pessoal/ITA/SAT/Competições/SATRace2019/Benchmark/MM-23-2-2-3-B.cnf	26541	117126	22915101	22508935	202265942	4313897876	961934	897055	64879	       66.08	       -0.13	97874	21046515	IND	     4996.94
73	cadical_v21	3	320	C:/Users/cball/OneDrive/Documentos/Pessoal/ITA/SAT/Competições/SATRace2019/Benchmark/MM-23-2-4-A.cnf	26541	117126	21669119	21290403	191955386	4226674426	928868	862587	66281	       69.99	       -0.13	99251	18079511	IND	     4994.97
74	cadical_v21	3	320	C:/Users/cball/OneDrive/Documentos/Pessoal/ITA/SAT/Competições/SATRace2019/Benchmark/MM-23-2-4-B.cnf	26541	117126	24294625	23860342	238686631	4810837324	1163482	1098709	64773	       62.36	       -0.14	97770	22866700	IND	     4996.08
75	cadical_v21	3	320	C:/Users/cball/OneDrive/Documentos/Pessoal/ITA/SAT/Competições/SATRace2019/Benchmark/MM-23-3-3-A.cnf	26541	117126	26238276	25755267	266898915	5244628709	1303675	1239937	63738	       58.89	       -0.14	96753	26869948	IND	     4998.39
76	cadical_v21	3	320	C:/Users/cball/OneDrive/Documentos/Pessoal/ITA/SAT/Competições/SATRace2019/Benchmark/MM-23-3-3-B.cnf	26541	117126	25186548	24726431	233320535	4935399042	1102260	1037745	64515	       63.32	       -0.13	97515	25366251	IND	     4998.38
77	cadical_v21	3	320	C:/Users/cball/OneDrive/Documentos/Pessoal/ITA/SAT/Competições/SATRace2019/Benchmark/MM-23-3-3-M.cnf	26541	117126	23148040	22742842	201179977	4370578735	944110	879177	64933	       66.47	       -0.13	97924	21128943	IND	     4999.47
78	cadical_v21	3	320	C:/Users/cball/OneDrive/Documentos/Pessoal/ITA/SAT/Competições/SATRace2019/Benchmark/MM-23-3-3-N.cnf	26541	117126	25573427	25110706	254233963	5076203484	1232333	1167240	65093	       61.62	       -0.14	98086	25370725	IND	     4999.66
79	cadical_v21	3	320	C:/Users/cball/OneDrive/Documentos/Pessoal/ITA/SAT/Competições/SATRace2019/Benchmark/MM-23-4-4-4-4-1.cnf	26541	117126	21465610	21125157	167106126	3903091817	830121	762267	67854	       69.97	       -0.12	100804	16661818	IND	     4998.58
80	cadical_v21	3	320	C:/Users/cball/OneDrive/Documentos/Pessoal/ITA/SAT/Competições/SATRace2019/Benchmark/MM-23-5-A.cnf	26541	117126	23843985	23411868	221870931	4723745032	1065686	1000992	64694	       66.81	       -0.13	97684	22046448	IND	     4999.31
81	cadical_v21	3	320	C:/Users/cball/OneDrive/Documentos/Pessoal/ITA/SAT/Competições/SATRace2019/Benchmark/MM-23-5-B.cnf	26541	117126	22671392	22268289	212280384	4492180765	1032891	967026	65865	       67.56	       -0.13	98839	19435841	IND	     4999.59
82	cadical_v21	3	320	C:/Users/cball/OneDrive/Documentos/Pessoal/ITA/SAT/Competições/SATRace2019/Benchmark/MM-23-no-type3.cnf	26541	117153	26711705	26090092	393904181	7477232858	1722105	1664441	57664	       60.74	       -0.16	90754	24048928	IND	     4999.23
83	cadical_v21	3	320	C:/Users/cball/OneDrive/Documentos/Pessoal/ITA/SAT/Competições/SATRace2019/Benchmark/MUS-v310-4-sc2013.cnf	310	1081	8775402	8618171	14191148	312273760	416784	400810	15974	       17.72	       -0.07	26032	4427650	UNSAT	     2155.41
84	cadical_v21	3	320	C:/Users/cball/OneDrive/Documentos/Pessoal/ITA/SAT/Competições/SATRace2019/Benchmark/Mario-t-hard-2_c18.cnf	35945	1218255	1042	1019	17325	175580	36	36	0	       14.02	       -0.17	1	6689	SAT	        2.77
85	cadical_v21	3	320	C:/Users/cball/OneDrive/Documentos/Pessoal/ITA/SAT/Competições/SATRace2019/Benchmark/Mario-t-hard-5_c18.cnf	35320	1182493	1078	1064	23578	230827	49	47	2	       18.98	       -0.15	3	10249	SAT	        2.67
86	cadical_v21	3	320	C:/Users/cball/OneDrive/Documentos/Pessoal/ITA/SAT/Competições/SATRace2019/Benchmark/Mickey_out250_known_last146_0.cnf	72078	517702	2504677	2465430	14830521	934622020	126077	119468	6609	       28.49	       -0.13	10062	2474894	SAT	      666.19
87	cadical_v21	3	320	C:/Users/cball/OneDrive/Documentos/Pessoal/ITA/SAT/Competições/SATRace2019/Benchmark/Mickey_out250_known_last146_0_u.cnf	72078	517705	2811490	2769653	15078340	1198889971	126111	118120	7991	       27.27	       -0.12	12376	2528873	UNSAT	      798.37
88	cadical_v21	3	320	C:/Users/cball/OneDrive/Documentos/Pessoal/ITA/SAT/Competições/SATRace2019/Benchmark/Mickey_out250_known_last147_0.cnf	72078	517728	177917	174708	1005592	88131661	8491	7957	534	       36.12	       -0.14	818	201687	SAT	       46.64
89	cadical_v21	3	320	C:/Users/cball/OneDrive/Documentos/Pessoal/ITA/SAT/Competições/SATRace2019/Benchmark/Mickey_out250_known_last147_0_u.cnf	72078	517728	2175018	2136528	14728508	787443013	127669	122993	4676	       27.49	       -0.15	7131	2503601	UNSAT	      547.08
90	cadical_v21	3	320	C:/Users/cball/OneDrive/Documentos/Pessoal/ITA/SAT/Competições/SATRace2019/Benchmark/Nb51T6-sc2018.cnf	2365527	10508040	908307	897745	1540501	3755317249	27553	24809	2744	       15.85	       -0.06	4470	303535	UNSAT	     3004.22
91	cadical_v21	3	320	C:/Users/cball/OneDrive/Documentos/Pessoal/ITA/SAT/Competições/SATRace2019/Benchmark/Nb7T44-sc2017.cnf	55333	219128	781588	765869	21313905	275062503	49413	46695	2718	       92.78	       -0.16	4051	891013	SAT	      155.42
92	cadical_v21	3	320	C:/Users/cball/OneDrive/Documentos/Pessoal/ITA/SAT/Competições/SATRace2019/Benchmark/Pb-chnl15-16_c18.cnf	480	3632	31659880	31446628	36817698	540354086	1292829	1220969	71860	       65.87	       -0.03	104587	17336814	IND	     4999.53
93	cadical_v21	3	320	C:/Users/cball/OneDrive/Documentos/Pessoal/ITA/SAT/Competições/SATRace2019/Benchmark/Pb-chnl20-21_c18.cnf	840	8442	26742569	26540659	30211624	631851165	777179	705221	71958	      120.39	       -0.03	104675	14205911	IND	     4999.52
94	cadical_v21	3	320	C:/Users/cball/OneDrive/Documentos/Pessoal/ITA/SAT/Competições/SATRace2019/Benchmark/QG7a-gensys-icl001.sat05-3822.reshuffled-07-sc2007.cnf	2441	15733	679598	667857	1156710	45381533	25057	23340	1717	       27.57	       -0.07	2744	321052	UNSAT	       78.12
95	cadical_v21	3	320	C:/Users/cball/OneDrive/Documentos/Pessoal/ITA/SAT/Competições/SATRace2019/Benchmark/QG7a-gensys-ukn002.sat05-3842.reshuffled-07-sc2007.cnf	2935	18371	1612327	1592367	2403570	111078300	55133	51738	3395	       29.21	       -0.05	5465	844314	UNSAT	      340.61
96	cadical_v21	3	320	C:/Users/cball/OneDrive/Documentos/Pessoal/ITA/SAT/Competições/SATRace2019/Benchmark/QuasiGroup-4-10_c18.cnf	3220	59525	8875656	8749010	15903928	2339078052	318363	299997	18366	       56.59	       -0.05	28704	4779540	IND	     4996.09
97	cadical_v21	3	320	C:/Users/cball/OneDrive/Documentos/Pessoal/ITA/SAT/Competições/SATRace2019/Benchmark/QuasiGroup-4-12_c18.cnf	5244	118126	3995715	3927019	10508015	1531097028	120528	106363	14165	       85.61	       -0.06	22127	1348422	SAT	     1588.08
98	cadical_v21	3	320	C:/Users/cball/OneDrive/Documentos/Pessoal/ITA/SAT/Competições/SATRace2019/Benchmark/SAT_dat.k100-sc2012.cnf	349350	1419267	1193257	1163078	3912812	742524178	60563	56990	3573	       30.91	       -0.14	5638	677108	UNSAT	      374.16
99	cadical_v21	3	320	C:/Users/cball/OneDrive/Documentos/Pessoal/ITA/SAT/Competições/SATRace2019/Benchmark/SAT_dat.k85-sc2013.cnf	1376707	5351985	1462387	1419632	6692130	5086943650	95166	91622	3544	       41.08	       -0.16	5610	1104205	UNSAT	     1646.94
100	cadical_v21	3	320	C:/Users/cball/OneDrive/Documentos/Pessoal/ITA/SAT/Competições/SATRace2019/Benchmark/SGI_30_60_24_40_2-dir.shuffled-as.sat03-118-sc2002.cnf	720	58758	4742777	4656828	6373293	260638047	155476	138163	17313	      106.97	       -0.03	25475	1872544	UNSAT	     1774.72
101	cadical_v21	3	320	C:/Users/cball/OneDrive/Documentos/Pessoal/ITA/SAT/Competições/SATRace2019/Benchmark/SGI_30_60_28_40_2-dir.shuffled-as.sat03-124-sc2002.cnf	840	71206	10892261	10678308	14368745	670788009	364906	331769	33137	      120.67	       -0.04	49433	5263634	IND	     4999.22
102	cadical_v21	3	320	C:/Users/cball/OneDrive/Documentos/Pessoal/ITA/SAT/Competições/SATRace2019/Benchmark/Schur_160_5_d38-sc2016.cnf	752	27325	24981080	24328119	46994476	1312675587	966859	908842	58017	       43.33	       -0.07	91032	12816043	IND	     4988.83
103	cadical_v21	3	320	C:/Users/cball/OneDrive/Documentos/Pessoal/ITA/SAT/Competições/SATRace2019/Benchmark/Schur_161_5_d22-sc2016.cnf	773	29353	25020982	24458599	47714694	1332387090	931542	875057	56485	       41.26	       -0.07	89534	12280363	IND	     4990.73
104	cadical_v21	3	320	C:/Users/cball/OneDrive/Documentos/Pessoal/ITA/SAT/Competições/SATRace2019/Benchmark/SocialGolfers-6-6-6-cp_c18.cnf	9188	81017	9433897	9300752	23923727	1622771078	404484	384230	20254	       30.55	       -0.08	32302	5070800	IND	     4996.77
105	cadical_v21	3	320	C:/Users/cball/OneDrive/Documentos/Pessoal/ITA/SAT/Competições/SATRace2019/Benchmark/SocialGolfers-6-6-7-cp_c18.cnf	11244	99730	10494228	10339904	25237928	1882445279	408255	382312	25943	       30.13	       -0.08	41199	5228721	IND	     4998.77
106	cadical_v21	3	320	C:/Users/cball/OneDrive/Documentos/Pessoal/ITA/SAT/Competições/SATRace2019/Benchmark/Subisomorphism-g10-g23_c18.cnf	2309	88734	12538827	12299575	17766453	999776681	357048	312635	44413	      129.71	       -0.03	65535	5598966	UNSAT	     3877.20
107	cadical_v21	3	320	C:/Users/cball/OneDrive/Documentos/Pessoal/ITA/SAT/Competições/SATRace2019/Benchmark/Subisomorphism-g10-g27_c18.cnf	3191	73950	247527	239558	479995	34486596	5375	4363	1012	      119.58	       -0.05	1500	112238	SAT	       33.28
108	cadical_v21	3	320	C:/Users/cball/OneDrive/Documentos/Pessoal/ITA/SAT/Competições/SATRace2019/Benchmark/T103.2.1-sc2017.cnf	2943830	10335595	475327	452226	6001449	2590951636	24805	24031	774	       25.65	       -0.17	1293	998045	UNSAT	     1398.42
109	cadical_v21	3	320	C:/Users/cball/OneDrive/Documentos/Pessoal/ITA/SAT/Competições/SATRace2019/Benchmark/T169.1.0-sc2017.cnf	1579557	5889425	144221	140227	34681108	501392563	9204	9060	144	       11.37	       -0.23	328	11523607	SAT	      413.28
110	cadical_v21	3	320	C:/Users/cball/OneDrive/Documentos/Pessoal/ITA/SAT/Competições/SATRace2019/Benchmark/Tal-07_c18.cnf	76668	639201	101645	44292	1218312	142216975	1015	801	214	     1622.62	       -0.09	305	149238	SAT	       62.61
111	cadical_v21	3	320	C:/Users/cball/OneDrive/Documentos/Pessoal/ITA/SAT/Competições/SATRace2019/Benchmark/Tal-08_c18.cnf	97675	809532	143918	65460	1827631	223519901	1494	1227	267	     1488.27	       -0.08	398	271866	SAT	       94.67
112	cadical_v21	3	320	C:/Users/cball/OneDrive/Documentos/Pessoal/ITA/SAT/Competições/SATRace2019/Benchmark/TimetableCNFEncoding_5_UNKNOWN-sc2018.cnf	302576	1702428	18495746	17991655	1084426727	12231702084	396157	342981	53176	      101.43	       -0.09	86173	121015295	IND	     4998.11
113	cadical_v21	3	320	C:/Users/cball/OneDrive/Documentos/Pessoal/ITA/SAT/Competições/SATRace2019/Benchmark/Trivium_no_init_out350_known_last142_1.cnf	2187	21358	10887991	10853316	13754912	697565390	463132	434415	28717	       23.41	       -0.03	45182	4314712	SAT	     2282.58
114	cadical_v21	3	320	C:/Users/cball/OneDrive/Documentos/Pessoal/ITA/SAT/Competições/SATRace2019/Benchmark/Trivium_no_init_out350_known_last142_1_u.cnf	2187	21364	19288867	19236328	22592106	1190240469	719393	661594	57799	       23.95	       -0.02	90939	6616285	UNSAT	     4876.48
115	cadical_v21	3	320	C:/Users/cball/OneDrive/Documentos/Pessoal/ITA/SAT/Competições/SATRace2019/Benchmark/Trivium_no_init_out350_known_last143_1.cnf	2187	21286	7283929	7258711	9515642	462354626	372502	357917	14585	       22.74	       -0.03	22868	3612080	SAT	     1363.20
116	cadical_v21	3	320	C:/Users/cball/OneDrive/Documentos/Pessoal/ITA/SAT/Competições/SATRace2019/Benchmark/Trivium_no_init_out350_known_last143_1_u.cnf	2187	21286	9470640	9439210	12004482	580693891	465848	444646	21202	       22.54	       -0.03	33370	4285337	UNSAT	     1743.33
117	cadical_v21	3	320	C:/Users/cball/OneDrive/Documentos/Pessoal/ITA/SAT/Competições/SATRace2019/Benchmark/UCG-20-10p1-sc2009.cnf	259258	1374203	520696	415709	4363670	2043409611	17937	16796	1141	      224.37	       -0.11	1665	668598	SAT	      538.92
118	cadical_v21	3	320	C:/Users/cball/OneDrive/Documentos/Pessoal/ITA/SAT/Competições/SATRace2019/Benchmark/UR-20-5p1-sc2009.cnf	224962	1192377	534143	447846	4910998	1334917695	24348	23203	1145	      189.57	       -0.14	1719	589951	SAT	      397.67
119	cadical_v21	3	320	C:/Users/cball/OneDrive/Documentos/Pessoal/ITA/SAT/Competições/SATRace2019/Benchmark/UTI-20-10p0-sc2009.cnf	259616	1360766	1444795	1305454	8798712	2518674851	47125	42701	4424	      205.51	       -0.09	6443	1164910	UNSAT	      899.69
120	cadical_v21	3	320	C:/Users/cball/OneDrive/Documentos/Pessoal/ITA/SAT/Competições/SATRace2019/Benchmark/UTI-20-10p1-sc2009.cnf	260342	1377484	1791721	1615600	11606128	3108497109	66491	62380	4111	      205.32	       -0.10	6139	1667788	SAT	     1133.36
121	cadical_v21	3	320	C:/Users/cball/OneDrive/Documentos/Pessoal/ITA/SAT/Competições/SATRace2019/Benchmark/UTI-20-5p0-sc2009.cnf	225296	1180795	1494538	1374325	8246583	1756137786	53969	49852	4117	      144.46	       -0.11	6150	1131990	UNSAT	      656.84
122	cadical_v21	3	320	C:/Users/cball/OneDrive/Documentos/Pessoal/ITA/SAT/Competições/SATRace2019/Benchmark/aaai10-planning-ipc5-TPP-21-step11-sc2011.cnf	99736	783852	586245	556469	1900609	2079060112	20404	19032	1372	       96.27	       -0.08	2111	400360	UNSAT	      382.67
123	cadical_v21	3	320	C:/Users/cball/OneDrive/Documentos/Pessoal/ITA/SAT/Competições/SATRace2019/Benchmark/aaai10-planning-ipc5-pathways-17-step21-sc2011.cnf	53919	307816	225389	217114	1065538	292638502	7696	6840	856	      153.03	       -0.09	1280	92139	SAT	       73.44
124	cadical_v21	3	320	C:/Users/cball/OneDrive/Documentos/Pessoal/ITA/SAT/Competições/SATRace2019/Benchmark/ablmulub16x4o-sc2016.cnf	2958	8708	1061753	1059423	1122012	210588923	26299	22656	3643	       44.49	       -0.01	5718	318634	UNSAT	      136.99
125	cadical_v21	3	320	C:/Users/cball/OneDrive/Documentos/Pessoal/ITA/SAT/Competições/SATRace2019/Benchmark/ablmulub2x32o-sc2016.cnf	5241	15431	4007130	3923274	7835866	297435221	116565	103187	13378	       22.61	       -0.07	21392	1377155	UNSAT	      288.20
126	cadical_v21	3	320	C:/Users/cball/OneDrive/Documentos/Pessoal/ITA/SAT/Competições/SATRace2019/Benchmark/ae_rphp095_04-sc2018.cnf	14665	34976	56231942	49554744	382410921	3075491427	764001	444726	319275	       41.91	       -0.04	418377	41899291	UNSAT	     4356.67
127	cadical_v21	3	320	C:/Users/cball/OneDrive/Documentos/Pessoal/ITA/SAT/Competições/SATRace2019/Benchmark/aes_24_4_keyfind_2-sc2013.cnf	520	5763	4952061	4936723	6698085	173782194	220251	205904	14347	       25.55	       -0.03	22628	1670315	SAT	     1329.91
128	cadical_v21	3	320	C:/Users/cball/OneDrive/Documentos/Pessoal/ITA/SAT/Competições/SATRace2019/Benchmark/aes_24_4_keyfind_5-sc2014.cnf	520	5761	13388336	13362314	16353061	454553622	503377	461940	41437	       25.94	       -0.02	65490	4227481	IND	     4999.62
129	cadical_v21	3	320	C:/Users/cball/OneDrive/Documentos/Pessoal/ITA/SAT/Competições/SATRace2019/Benchmark/aes_32_3_keyfind_1-sc2011.cnf	708	2539	6390031	6370810	9389154	300541309	326591	313013	13578	       23.47	       -0.04	21870	2846049	SAT	     1096.92
130	cadical_v21	3	320	C:/Users/cball/OneDrive/Documentos/Pessoal/ITA/SAT/Competições/SATRace2019/Benchmark/aes_equiv_encry_3_rounds.debugged-sc2012.cnf	501284	2745938	2699280	2688547	17755821	152836697	106994	97070	9924	       15.13	       -0.06	13934	2262978	UNSAT	      376.69
131	cadical_v21	3	320	C:/Users/cball/OneDrive/Documentos/Pessoal/ITA/SAT/Competições/SATRace2019/Benchmark/ak128astepbg2msaig-sc2016.cnf	422649	1265651	3395680	3267703	18855868	13976369278	114397	101389	13008	      120.01	       -0.13	19103	3889987	IND	     4999.56
132	cadical_v21	3	320	C:/Users/cball/OneDrive/Documentos/Pessoal/ITA/SAT/Competições/SATRace2019/Benchmark/ak128modasbg2asisc-sc2016.cnf	293123	943087	4629602	4497213	23649181	13583913802	146229	129818	16411	      109.79	       -0.12	24640	5046107	IND	     4999.39
133	cadical_v21	3	320	C:/Users/cball/OneDrive/Documentos/Pessoal/ITA/SAT/Competições/SATRace2019/Benchmark/apn-sbox6-cut4-helpbox31-sc2018.cnf	137472	810768	4920265	4887772	7181144	256270884	113614	100886	12728	       22.31	       -0.06	21025	2251329	SAT	      679.50
134	cadical_v21	3	320	C:/Users/cball/OneDrive/Documentos/Pessoal/ITA/SAT/Competições/SATRace2019/Benchmark/atco_enc1_opt1_04_32-sc2014.cnf	57220	568572	513720	499192	3256903	576276481	52094	51225	869	       25.05	       -0.20	1395	319017	SAT	      242.67
135	cadical_v21	3	320	C:/Users/cball/OneDrive/Documentos/Pessoal/ITA/SAT/Competições/SATRace2019/Benchmark/atco_enc1_opt2_10_16-sc2014.cnf	9643	145203	2125789	2091361	4246075	344069725	121895	117759	4136	       22.67	       -0.09	6438	1107012	SAT	      293.22
136	cadical_v21	3	320	C:/Users/cball/OneDrive/Documentos/Pessoal/ITA/SAT/Competições/SATRace2019/Benchmark/atco_enc1_opt2_20_12-sc2014.cnf	171148	6591010	3152271	3119586	5231727	1801379906	119972	110120	9852	       25.91	       -0.06	15262	1096722	UNSAT	     1797.95
137	cadical_v21	3	320	C:/Users/cball/OneDrive/Documentos/Pessoal/ITA/SAT/Competições/SATRace2019/Benchmark/atco_enc2_opt2_05_9-sc2014.cnf	14912	381544	858013	836990	3058921	328469952	41405	38574	2831	       40.60	       -0.13	4396	406801	SAT	      203.69
138	cadical_v21	3	320	C:/Users/cball/OneDrive/Documentos/Pessoal/ITA/SAT/Competições/SATRace2019/Benchmark/atco_enc2_opt2_10_21-sc2014.cnf	9824	153979	198868	194983	459820	35896121	7777	7156	621	       25.91	       -0.09	968	80343	SAT	       19.83
139	cadical_v21	3	320	C:/Users/cball/OneDrive/Documentos/Pessoal/ITA/SAT/Competições/SATRace2019/Benchmark/atco_enc3_opt2_10_12-sc2014.cnf	1236271	4906536	220821	215470	419641	3407533384	4971	4287	684	       24.18	       -0.06	1098	88611	UNSAT	     1029.03
140	cadical_v21	3	320	C:/Users/cball/OneDrive/Documentos/Pessoal/ITA/SAT/Competições/SATRace2019/Benchmark/b04_s_2_unknown_pre-sc2013.cnf	123133	796517	2677255	2580483	9517591	6115305015	100589	93338	7251	       90.47	       -0.12	11215	1839577	SAT	     2415.47
141	cadical_v21	3	320	C:/Users/cball/OneDrive/Documentos/Pessoal/ITA/SAT/Competições/SATRace2019/Benchmark/b04_s_unknown-sc2013.cnf	290693	1262210	146464	139364	1305326	407510021	10667	10470	197	       30.72	       -0.26	387	232366	SAT	      180.77
142	cadical_v21	3	320	C:/Users/cball/OneDrive/Documentos/Pessoal/ITA/SAT/Competições/SATRace2019/Benchmark/b1904P1-8x8c6h5SAT.cnf	63268	396114	14992753	14681085	54499924	3877377801	593266	534336	58930	       60.61	       -0.10	87578	6316751	IND	     4996.69
143	cadical_v21	3	320	C:/Users/cball/OneDrive/Documentos/Pessoal/ITA/SAT/Competições/SATRace2019/Benchmark/b1904P1-8x8c6h7SAT.cnf	63268	374457	14416731	14113520	43918469	4290483960	558169	503218	54951	       68.62	       -0.10	81871	6005067	IND	     4996.22
144	cadical_v21	3	320	C:/Users/cball/OneDrive/Documentos/Pessoal/ITA/SAT/Competições/SATRace2019/Benchmark/b1904P2-8x8c9h5SAT.cnf	68940	327952	13867561	13568335	35179887	4415667392	488746	437328	51418	       60.23	       -0.09	76692	5909104	IND	     4986.92
145	cadical_v21	3	320	C:/Users/cball/OneDrive/Documentos/Pessoal/ITA/SAT/Competições/SATRace2019/Benchmark/b1904P2-8x8c9h7UNSAT.cnf	68940	310541	10134108	9915671	22923176	4169367721	421597	396330	25267	       50.39	       -0.09	39370	5279524	IND	     4990.78
146	cadical_v21	3	320	C:/Users/cball/OneDrive/Documentos/Pessoal/ITA/SAT/Competições/SATRace2019/Benchmark/b1904P3-8x8c11h0SAT.cnf	69644	368587	13061387	12762467	32497655	4195102563	431001	383355	47646	       87.85	       -0.09	70472	6314941	IND	     4994.14
147	cadical_v21	3	320	C:/Users/cball/OneDrive/Documentos/Pessoal/ITA/SAT/Competições/SATRace2019/Benchmark/b1904P3-8x8c11h7SAT.cnf	69644	305432	8415382	8222202	20188310	2648466269	402867	386078	16789	       49.79	       -0.10	25694	5328292	SAT	     3288.05
148	cadical_v21	3	320	C:/Users/cball/OneDrive/Documentos/Pessoal/ITA/SAT/Competições/SATRace2019/Benchmark/b1904P3-8x8c11h7UNSAT.cnf	69644	306029	3133786	3063115	6779491	1381990204	115474	105620	9854	       58.21	       -0.08	15188	1315220	UNSAT	      954.00
149	cadical_v21	3	320	C:/Users/cball/OneDrive/Documentos/Pessoal/ITA/SAT/Competições/SATRace2019/Benchmark/b_unsat-sc2013.cnf	113407	1010625	1427947	1408557	2365674	2698006436	62475	58787	3688	       54.65	       -0.07	5750	611604	UNSAT	     1304.50
150	cadical_v21	3	320	C:/Users/cball/OneDrive/Documentos/Pessoal/ITA/SAT/Competições/SATRace2019/Benchmark/blockpuzzle_5x10_s3_free4-sc2017.cnf	2750	286160	7961858	7766774	17864450	343466953	378332	360288	18044	      101.37	       -0.05	26183	6620648	UNSAT	     1330.58
151	cadical_v21	3	320	C:/Users/cball/OneDrive/Documentos/Pessoal/ITA/SAT/Competições/SATRace2019/Benchmark/blocks-blocks-36-0.120-NOTKNOWN-sc2011.cnf	489685	8702447	1946591	1547228	20630456	11345322732	42738	38371	4367	     1079.33	       -0.08	6324	3775760	IND	     4998.56
152	cadical_v21	3	320	C:/Users/cball/OneDrive/Documentos/Pessoal/ITA/SAT/Competições/SATRace2019/Benchmark/blocks-blocks-37-1.130-NOTKNOWN-sc2011.cnf	559571	10144966	927062	703154	10937596	6634144811	12604	8753	3851	     1558.31	       -0.06	5498	1314358	UNSAT	     3087.59
153	cadical_v21	3	320	C:/Users/cball/OneDrive/Documentos/Pessoal/ITA/SAT/Competições/SATRace2019/Benchmark/bob12s06-sc2013.cnf	482548	1368963	5075226	5025580	187210536	3578537290	243380	228110	15270	       27.12	       -0.08	23535	84513684	UNSAT	     1488.55
154	cadical_v21	3	320	C:/Users/cball/OneDrive/Documentos/Pessoal/ITA/SAT/Competições/SATRace2019/Benchmark/c6288mul.miter.shuffled-as.sat03-346-sc2002.cnf	9540	61421	5103598	5018360	17633175	1110372588	244187	229853	14334	       41.19	       -0.11	22605	2379344	UNSAT	     1147.44
155	cadical_v21	3	320	C:/Users/cball/OneDrive/Documentos/Pessoal/ITA/SAT/Competições/SATRace2019/Benchmark/cms-scheel-md5-families-r24-c8-p0-3-5-6-14-16-18-19-sc2018.cnf	39547	130954	8924187	8733521	158885218	1280545812	431833	415881	15952	       24.05	       -0.20	26482	25450695	SAT	     1784.84
156	cadical_v21	3	320	C:/Users/cball/OneDrive/Documentos/Pessoal/ITA/SAT/Competições/SATRace2019/Benchmark/connm-ue-csp-sat-n800-d0.02-s111845174.used-as.sat04-958-sc2011.cnf	772	9601	12353985	12324184	14197924	1376688643	374790	337629	37161	       24.08	       -0.02	58042	4559604	UNSAT	     4041.02
157	cadical_v21	3	320	C:/Users/cball/OneDrive/Documentos/Pessoal/ITA/SAT/Competições/SATRace2019/Benchmark/countbitsrotate032-sc2009.cnf	8527	25482	13052180	13052164	13059016	12060900249	154828	119812	35016	       22.95	       -0.00	58160	5115637	IND	     4999.37
158	cadical_v21	3	320	C:/Users/cball/OneDrive/Documentos/Pessoal/ITA/SAT/Competições/SATRace2019/Benchmark/countbitssrl032-sc2009.cnf	18607	55720	295331	290653	660513	112100427	15045	14113	932	       29.44	       -0.09	1450	101385	UNSAT	       51.56
159	cadical_v21	3	320	C:/Users/cball/OneDrive/Documentos/Pessoal/ITA/SAT/Competições/SATRace2019/Benchmark/countbitswegner128-sc2011.cnf	98048	293756	5337470	5232943	14733793	1975320861	223964	209400	14564	       77.47	       -0.10	22828	2620127	UNSAT	     1115.19
160	cadical_v21	3	320	C:/Users/cball/OneDrive/Documentos/Pessoal/ITA/SAT/Competições/SATRace2019/Benchmark/course0.2_2018_3-sc2018.cnf	1314940	2548425	2121594	2047735	24173019	8127120389	127282	124089	3193	       23.77	       -0.20	5496	2545480	SAT	     2616.47
161	cadical_v21	3	320	C:/Users/cball/OneDrive/Documentos/Pessoal/ITA/SAT/Competições/SATRace2019/Benchmark/crafted_n11_d6_c3_num24-sc2013.cnf	36208	7010872	328444	320970	763236	220047507	3189	2219	970	      311.53	       -0.05	1483	245083	UNSAT	      281.19
162	cadical_v21	3	320	C:/Users/cball/OneDrive/Documentos/Pessoal/ITA/SAT/Competições/SATRace2019/Benchmark/cruxmiter28seed8.cnf	506	1406	4573202	4547123	6130783	102125923	141471	127662	13809	       20.20	       -0.04	22094	1583933	UNSAT	      349.00
163	cadical_v21	3	320	C:/Users/cball/OneDrive/Documentos/Pessoal/ITA/SAT/Competições/SATRace2019/Benchmark/cruxmiter29seed4.cnf	511	1418	9183216	9125209	13018258	189395911	415173	396407	18766	       19.60	       -0.06	30057	4739327	UNSAT	      851.34
164	cadical_v21	3	320	C:/Users/cball/OneDrive/Documentos/Pessoal/ITA/SAT/Competições/SATRace2019/Benchmark/cruxmiter29seed9.cnf	513	1424	35061207	34874376	40086677	873827744	1581300	1515477	65823	       20.51	       -0.03	105948	18312128	IND	     4999.42
165	cadical_v21	3	320	C:/Users/cball/OneDrive/Documentos/Pessoal/ITA/SAT/Competições/SATRace2019/Benchmark/cruxmiter32seed4.cnf	621	1733	30030267	29867798	40392574	717191724	1411297	1357305	53992	       24.89	       -0.04	87150	15852768	IND	     4999.33
166	cadical_v21	3	320	C:/Users/cball/OneDrive/Documentos/Pessoal/ITA/SAT/Competições/SATRace2019/Benchmark/ctl_4291_567_2_unsat-sc2013.cnf	17850	149132	7492860	7391054	10548672	3606340977	339733	324927	14806	       17.07	       -0.07	23067	3996562	UNSAT	     1841.69
167	cadical_v21	3	320	C:/Users/cball/OneDrive/Documentos/Pessoal/ITA/SAT/Competições/SATRace2019/Benchmark/ctl_4291_567_2_unsat_pre-sc2013.cnf	15232	147245	8353472	8237695	11870743	4006513694	385546	369814	15732	       17.26	       -0.07	24484	4594676	UNSAT	     2135.03
168	cadical_v21	3	320	C:/Users/cball/OneDrive/Documentos/Pessoal/ITA/SAT/Competições/SATRace2019/Benchmark/ctl_4291_567_5_unsat_pre-sc2014.cnf	15232	134756	17780361	17584922	22901798	9500968895	556010	493590	62420	       16.98	       -0.05	95447	5627785	IND	     4999.55
169	cadical_v21	3	320	C:/Users/cball/OneDrive/Documentos/Pessoal/ITA/SAT/Competições/SATRace2019/Benchmark/custmulsb2x32o-sc2016.cnf	4660	13676	36315530	36315387	36334150	8321380471	709627	643409	66218	       25.35	       -0.00	110338	19984480	IND	     4999.06
170	cadical_v21	3	320	C:/Users/cball/OneDrive/Documentos/Pessoal/ITA/SAT/Competições/SATRace2019/Benchmark/custmulun16x16o-sc2016.cnf	3633	10625	18499896	18254014	26668204	3593627694	758625	701121	57504	       45.44	       -0.02	90599	5775272	IND	     4997.75
171	cadical_v21	3	320	C:/Users/cball/OneDrive/Documentos/Pessoal/ITA/SAT/Competições/SATRace2019/Benchmark/dist6.c-sc2018.cnf	15254	68087	858248	850761	1208654	134706135	34751	32078	2673	       25.23	       -0.04	4245	258284	UNSAT	       96.30
172	cadical_v21	3	320	C:/Users/cball/OneDrive/Documentos/Pessoal/ITA/SAT/Competições/SATRace2019/Benchmark/dp12u11.used-as.sat04-358-sc2004.cnf	11137	29956	1836971	1809824	2912642	195505863	77759	74302	3457	       19.97	       -0.06	5524	999325	UNSAT	      185.59
173	cadical_v21	3	320	C:/Users/cball/OneDrive/Documentos/Pessoal/ITA/SAT/Competições/SATRace2019/Benchmark/e_rphp035_05-sc2018.cnf	2960	5555	20094346	16065271	80832189	594630351	337351	261396	75955	       23.28	       -0.06	108547	28167497	UNSAT	      832.84
174	cadical_v21	3	320	C:/Users/cball/OneDrive/Documentos/Pessoal/ITA/SAT/Competições/SATRace2019/Benchmark/ecarev-110-1031-23-40-8-sc2018.cnf	42271	247381	6252201	6123342	14763665	753439549	311588	294700	16888	       24.93	       -0.13	25119	3954476	SAT	     1492.75
175	cadical_v21	3	320	C:/Users/cball/OneDrive/Documentos/Pessoal/ITA/SAT/Competições/SATRace2019/Benchmark/edges-024-4-5613555-1-00-sc2014.cnf	97	204	33566302	33324881	39810634	475801853	1897945	1840164	57781	       18.45	       -0.03	93367	16962416	IND	     4993.14
176	cadical_v21	3	320	C:/Users/cball/OneDrive/Documentos/Pessoal/ITA/SAT/Competições/SATRace2019/Benchmark/eq2csparrc162cbpwtcl16.cnf	6154	18364	13790543	13664644	17100333	2829462335	556119	511358	44761	       52.91	       -0.02	69988	4056249	IND	     4989.03
177	cadical_v21	3	320	C:/Users/cball/OneDrive/Documentos/Pessoal/ITA/SAT/Competições/SATRace2019/Benchmark/eqbparrc12spctbk12.cnf	3018	8982	15158366	15043090	19072916	1600521788	531290	480218	51072	       34.97	       -0.03	80461	4186778	IND	     4988.45
178	cadical_v21	3	320	C:/Users/cball/OneDrive/Documentos/Pessoal/ITA/SAT/Competições/SATRace2019/Benchmark/eqbparrc14spwtcl14.cnf	4838	14428	15165778	15042735	19911721	2108571593	526263	474077	52186	       46.46	       -0.03	81574	4167551	IND	     4995.67
179	cadical_v21	3	320	C:/Users/cball/OneDrive/Documentos/Pessoal/ITA/SAT/Competições/SATRace2019/Benchmark/eqbparrc18spwtrc18.cnf	7193	21469	14072725	13927660	19104221	2391797250	533252	485766	47486	       66.81	       -0.03	73532	4113993	IND	     4992.89
180	cadical_v21	3	320	C:/Users/cball/OneDrive/Documentos/Pessoal/ITA/SAT/Competições/SATRace2019/Benchmark/eqbpdtlf12bparrc12.cnf	3105	9242	6146201	6086323	9025856	579407929	315163	300333	14830	       32.69	       -0.05	23099	2660480	UNSAT	     1459.69
181	cadical_v21	3	320	C:/Users/cball/OneDrive/Documentos/Pessoal/ITA/SAT/Competições/SATRace2019/Benchmark/eqbpdtlf14bpwtcl14.cnf	4719	14071	7853334	7765938	12676860	859611892	419167	403980	15187	       35.51	       -0.05	23449	4092287	UNSAT	     2380.53
182	cadical_v21	3	320	C:/Users/cball/OneDrive/Documentos/Pessoal/ITA/SAT/Competições/SATRace2019/Benchmark/eqbpdtlf14spctbk14.cnf	4000	11914	14188764	14056858	18628115	1693783687	527794	481479	46315	       44.72	       -0.03	72743	4155398	IND	     4997.91
183	cadical_v21	3	320	C:/Users/cball/OneDrive/Documentos/Pessoal/ITA/SAT/Competições/SATRace2019/Benchmark/eqbpdtlf14spdtlf14.cnf	4249	12662	14187438	14057855	18387398	1651691607	533190	486531	46659	       48.06	       -0.03	73079	4142495	IND	     4997.05
184	cadical_v21	3	320	C:/Users/cball/OneDrive/Documentos/Pessoal/ITA/SAT/Competições/SATRace2019/Benchmark/eqbpdtlf16spdtlf16.cnf	5550	16552	14640390	14506953	19687155	2006754833	525179	474436	50743	       56.55	       -0.03	78504	4181024	IND	     4997.95
185	cadical_v21	3	320	C:/Users/cball/OneDrive/Documentos/Pessoal/ITA/SAT/Competições/SATRace2019/Benchmark/eqbpdtlf18sparcl18.cnf	7282	21738	15719318	15581339	20027643	3280999091	558249	503147	55102	       57.50	       -0.02	86158	4098000	IND	     4999.08
186	cadical_v21	3	320	C:/Users/cball/OneDrive/Documentos/Pessoal/ITA/SAT/Competições/SATRace2019/Benchmark/eqbpwtcl10spwtcl10.cnf	2616	7788	3284198	3260278	4220799	345561038	130930	120753	10177	       27.06	       -0.03	15999	1071064	UNSAT	      530.44
187	cadical_v21	3	320	C:/Users/cball/OneDrive/Documentos/Pessoal/ITA/SAT/Competições/SATRace2019/Benchmark/eqbpwtrc10bpdtlf10.cnf	2205	6555	1819516	1802919	2542328	155957790	93144	89422	3722	       26.88	       -0.04	5789	914390	UNSAT	      247.11
188	cadical_v21	3	320	C:/Users/cball/OneDrive/Documentos/Pessoal/ITA/SAT/Competições/SATRace2019/Benchmark/eqbpwtrc10spctbk10.cnf	2089	6206	2604671	2581272	3211697	268796627	116338	109931	6407	       27.35	       -0.03	10171	1086420	UNSAT	      428.33
189	cadical_v21	3	320	C:/Users/cball/OneDrive/Documentos/Pessoal/ITA/SAT/Competições/SATRace2019/Benchmark/eqsparcl10bpwtrc10.cnf	2275	6764	2199375	2176920	2979857	229967982	116816	112316	4500	       26.12	       -0.04	7031	1103048	UNSAT	      309.66
190	cadical_v21	3	320	C:/Users/cball/OneDrive/Documentos/Pessoal/ITA/SAT/Competições/SATRace2019/Benchmark/eqsparcl12bpwtrc12.cnf	3278	9760	17651308	17501275	22589318	2148414644	670251	613600	56651	       30.25	       -0.03	89760	5079086	IND	     4999.25
191	cadical_v21	3	320	C:/Users/cball/OneDrive/Documentos/Pessoal/ITA/SAT/Competições/SATRace2019/Benchmark/eqsparrc12bpdtlf12.cnf	3096	9215	16400742	16265867	20154311	1870362054	567002	510567	56435	       33.99	       -0.03	89548	4075354	IND	     4999.37
192	cadical_v21	3	320	C:/Users/cball/OneDrive/Documentos/Pessoal/ITA/SAT/Competições/SATRace2019/Benchmark/eqsparrc14spctbk14.cnf	4136	12323	16945671	16795408	22328124	2074268831	595521	539625	55896	       35.21	       -0.03	88999	4574205	IND	     4999.56
193	cadical_v21	3	320	C:/Users/cball/OneDrive/Documentos/Pessoal/ITA/SAT/Competições/SATRace2019/Benchmark/eqsparrc16spwtcl16.cnf	6576	19630	15736079	15590973	20627845	2922689776	564710	509735	54975	       49.35	       -0.03	86075	4089858	IND	     4999.24
194	cadical_v21	3	320	C:/Users/cball/OneDrive/Documentos/Pessoal/ITA/SAT/Competições/SATRace2019/Benchmark/eqspctbk12bpwtrc12.cnf	3001	8931	16163070	16044874	19577157	1780827019	553472	497466	56006	       34.29	       -0.03	88451	4111944	IND	     4999.34
195	cadical_v21	3	320	C:/Users/cball/OneDrive/Documentos/Pessoal/ITA/SAT/Competições/SATRace2019/Benchmark/eqspctbk14sparcl14.cnf	4344	12948	16363544	16217444	21202935	2103371204	558492	503322	55170	       37.02	       -0.03	88221	4105310	IND	     4999.33
196	cadical_v21	3	320	C:/Users/cball/OneDrive/Documentos/Pessoal/ITA/SAT/Competições/SATRace2019/Benchmark/eqspctbk14spwtcl14.cnf	4699	14013	14682427	14551034	20923975	1718568806	523647	474576	49071	       43.11	       -0.04	76990	4218170	IND	     4999.34
197	cadical_v21	3	320	C:/Users/cball/OneDrive/Documentos/Pessoal/ITA/SAT/Competições/SATRace2019/Benchmark/eqspdtlf14bpwtrc14.cnf	4292	12790	15406636	15281321	19831232	1746857945	583150	528908	54242	       47.17	       -0.03	84337	3999009	IND	     4999.47
198	cadical_v21	3	320	C:/Users/cball/OneDrive/Documentos/Pessoal/ITA/SAT/Competições/SATRace2019/Benchmark/eqspwtcl14bpwtcl14.cnf	5418	16168	14129712	14019028	19086908	2156021352	540020	492388	47632	       46.46	       -0.03	73879	4139346	IND	     4998.94
199	cadical_v21	3	320	C:/Users/cball/OneDrive/Documentos/Pessoal/ITA/SAT/Competições/SATRace2019/Benchmark/eqspwtrc16bparrc16.cnf	5702	17010	15738503	15594397	20439701	2275229211	540145	483523	56622	       59.23	       -0.03	87706	4127529	IND	     4998.56
200	cadical_v21	3	320	C:/Users/cball/OneDrive/Documentos/Pessoal/ITA/SAT/Competições/SATRace2019/Benchmark/ex051_9-sc2018.cnf	51315	485537	7183125	6971319	18562878	1648986986	340892	325747	15145	       23.73	       -0.12	23396	5183780	UNSAT	     2086.84
201	cadical_v21	3	320	C:/Users/cball/OneDrive/Documentos/Pessoal/ITA/SAT/Competições/SATRace2019/Benchmark/ex145_11-sc2018.cnf	39544	294276	18927257	18473207	52119027	3586066352	698479	632086	66393	       23.10	       -0.10	99324	10177087	IND	     4999.39
202	cadical_v21	3	320	C:/Users/cball/OneDrive/Documentos/Pessoal/ITA/SAT/Competições/SATRace2019/Benchmark/ex175_17-sc2018.cnf	895721	17688050	6044016	5876853	17236206	6918695922	255884	240364	15520	       23.71	       -0.11	23765	4222110	IND	     4999.27
203	cadical_v21	3	320	C:/Users/cball/OneDrive/Documentos/Pessoal/ITA/SAT/Competições/SATRace2019/Benchmark/ex175_18-sc2018.cnf	895721	17648874	2378924	2310312	7889167	3852978869	108380	102645	5735	       19.54	       -0.12	8802	1945099	SAT	     2502.38
204	cadical_v21	3	320	C:/Users/cball/OneDrive/Documentos/Pessoal/ITA/SAT/Competições/SATRace2019/Benchmark/ezfact64_6.shuffled-as.sat03-1522-sc2002.cnf	3073	19610	204496	202005	316667	68863731	5644	4901	743	       40.25	       -0.05	1106	79867	SAT	       30.56
205	cadical_v21	3	320	C:/Users/cball/OneDrive/Documentos/Pessoal/ITA/SAT/Competições/SATRace2019/Benchmark/ezfact64_8.shuffled-as.sat03-1524-sc2002.cnf	3073	19636	729697	722598	1196097	188388124	29952	27853	2099	       24.32	       -0.06	3281	288188	SAT	      124.27
206	cadical_v21	3	320	C:/Users/cball/OneDrive/Documentos/Pessoal/ITA/SAT/Competições/SATRace2019/Benchmark/f10nidw-sc2012.cnf	824210	2459565	1274762	1235758	12343516	801447295	56680	52814	3866	       33.41	       -0.14	5915	2772743	UNSAT	      408.20
207	cadical_v21	3	320	C:/Users/cball/OneDrive/Documentos/Pessoal/ITA/SAT/Competições/SATRace2019/Benchmark/f6nidw-sc2012.cnf	190399	564772	212135	210721	719837	25598047	7701	6896	805	       27.41	       -0.04	1180	123783	UNSAT	       22.28
208	cadical_v21	3	320	C:/Users/cball/OneDrive/Documentos/Pessoal/ITA/SAT/Competições/SATRace2019/Benchmark/frb-40-19-1-mgd_c18.cnf	760	37548	107138	104254	172497	9878911	4288	4043	245	       42.39	       -0.07	373	65535	SAT	        8.89
209	cadical_v21	3	320	C:/Users/cball/OneDrive/Documentos/Pessoal/ITA/SAT/Competições/SATRace2019/Benchmark/frb59-26-1.used-as.sat04-891-sc2011.cnf	1534	132295	18884844	18449240	29289520	2223121283	452627	394264	58363	       76.86	       -0.05	91298	8033095	IND	     4999.12
210	cadical_v21	3	320	C:/Users/cball/OneDrive/Documentos/Pessoal/ITA/SAT/Competições/SATRace2019/Benchmark/gensys-icl005.shuffled-as.sat05-3826-sc2011.cnf	2703	17985	1776456	1751816	2631702	125270099	68545	65020	3525	       27.41	       -0.06	5593	977211	UNSAT	      373.88
211	cadical_v21	3	320	C:/Users/cball/OneDrive/Documentos/Pessoal/ITA/SAT/Competições/SATRace2019/Benchmark/gss-20-s100-sc2009.cnf	31503	94548	1010544	1010080	1019247	3495447563	17727	14356	3371	       32.50	       -0.00	5410	301294	SAT	     1000.20
212	cadical_v21	3	320	C:/Users/cball/OneDrive/Documentos/Pessoal/ITA/SAT/Competições/SATRace2019/Benchmark/gss-33-s100-sc2009.cnf	32402	97364	5378096	5364636	5970468	9929459151	172787	157752	15035	       57.26	       -0.01	23317	2224945	IND	     4999.50
213	cadical_v21	3	320	C:/Users/cball/OneDrive/Documentos/Pessoal/ITA/SAT/Competições/SATRace2019/Benchmark/gto_p60c238-sc2018.cnf	1043	2829	4963519	4911913	5672789	77057220	149201	135536	13665	       23.13	       -0.03	21938	1890362	UNSAT	      325.20
214	cadical_v21	3	320	C:/Users/cball/OneDrive/Documentos/Pessoal/ITA/SAT/Competições/SATRace2019/Benchmark/gus-md5-14-sc2009.cnf	69641	226367	2399148	2371684	6041278	9850051376	88692	81635	7057	      114.99	       -0.05	10169	1335861	IND	     4999.30
215	cadical_v21	3	320	C:/Users/cball/OneDrive/Documentos/Pessoal/ITA/SAT/Competições/SATRace2019/Benchmark/hcp_CP14_14.cnf	47040	178880	9554567	9336854	94733466	21597347045	343524	319602	23922	       97.42	       -0.09	36267	8902815	IND	     4995.95
216	cadical_v21	3	320	C:/Users/cball/OneDrive/Documentos/Pessoal/ITA/SAT/Competições/SATRace2019/Benchmark/hcp_CP16_16.cnf	77824	282013	8045626	7846176	118827279	25136993663	343128	327400	15728	       80.67	       -0.11	23958	10426002	IND	     4997.27
217	cadical_v21	3	320	C:/Users/cball/OneDrive/Documentos/Pessoal/ITA/SAT/Competições/SATRace2019/Benchmark/hcp_CP18_18.cnf	122472	440385	3090769	3017794	46834389	11911055805	109783	100379	9404	       71.08	       -0.10	14616	3261429	SAT	     1617.52
218	cadical_v21	3	320	C:/Users/cball/OneDrive/Documentos/Pessoal/ITA/SAT/Competições/SATRace2019/Benchmark/hcp_CP20_20.cnf	183200	637206	2184302	2125988	53614905	12811481109	107690	103389	4301	       63.54	       -0.12	6779	3805136	SAT	     1675.14
219	cadical_v21	3	320	C:/Users/cball/OneDrive/Documentos/Pessoal/ITA/SAT/Competições/SATRace2019/Benchmark/hcp_CP22_22.cnf	264264	895141	3284476	3205458	67240949	20631923521	109667	99642	10025	       72.63	       -0.10	15832	4465500	SAT	     2726.94
220	cadical_v21	3	320	C:/Users/cball/OneDrive/Documentos/Pessoal/ITA/SAT/Competições/SATRace2019/Benchmark/hcp_CP24_24.cnf	370944	1254550	4695125	4584176	112018785	36948748246	156413	142185	14228	       73.44	       -0.09	22484	7073405	IND	     4999.27
221	cadical_v21	3	320	C:/Users/cball/OneDrive/Documentos/Pessoal/ITA/SAT/Competições/SATRace2019/Benchmark/hcp_CP26_26.cnf	505648	1677281	3613039	3523290	99603131	35801637346	113780	102822	10958	       77.01	       -0.10	17769	6115985	IND	     4999.47
222	cadical_v21	3	320	C:/Users/cball/OneDrive/Documentos/Pessoal/ITA/SAT/Competições/SATRace2019/Benchmark/hcp_bij16_16.cnf	81920	16496017	7587598	6835023	289863250	4383952374	264555	240173	24382	      319.15	       -0.08	31823	61402622	IND	     4999.25
223	cadical_v21	3	320	C:/Users/cball/OneDrive/Documentos/Pessoal/ITA/SAT/Competições/SATRace2019/Benchmark/hcp_d12_12.cnf	23345	49263	31342	30207	490446	8495304	3732	3672	60	       34.72	       -0.28	93	29368	SAT	        3.75
224	cadical_v21	3	320	C:/Users/cball/OneDrive/Documentos/Pessoal/ITA/SAT/Competições/SATRace2019/Benchmark/hcp_d14_14.cnf	41961	70118	17023304	16693575	91642874	3219967206	425569	364277	61292	       99.58	       -0.08	94288	10378579	IND	     4999.22
225	cadical_v21	3	320	C:/Users/cball/OneDrive/Documentos/Pessoal/ITA/SAT/Competições/SATRace2019/Benchmark/hcp_d16_16.cnf	70675	106388	17523458	17130223	131378195	2957224418	491617	430701	60916	       84.33	       -0.10	93907	14879478	IND	     4999.39
226	cadical_v21	3	320	C:/Users/cball/OneDrive/Documentos/Pessoal/ITA/SAT/Competições/SATRace2019/Benchmark/hcp_d18_18.cnf	111475	138053	18014184	17578535	175927046	3151971617	554108	495585	58523	       74.61	       -0.11	91553	20611564	IND	     4999.19
227	cadical_v21	3	320	C:/Users/cball/OneDrive/Documentos/Pessoal/ITA/SAT/Competições/SATRace2019/Benchmark/hcp_d20_20.cnf	168019	173814	18334433	17872673	221022132	3636652428	599551	543656	55895	       72.70	       -0.13	88966	27315104	IND	     4999.28
228	cadical_v21	3	320	C:/Users/cball/OneDrive/Documentos/Pessoal/ITA/SAT/Competições/SATRace2019/Benchmark/hcp_d22_22.cnf	243955	213707	18697346	18211750	266509665	4109221265	631795	578384	53411	       70.83	       -0.13	86527	35635845	IND	     4998.30
229	cadical_v21	3	320	C:/Users/cball/OneDrive/Documentos/Pessoal/ITA/SAT/Competições/SATRace2019/Benchmark/hcp_d24_24.cnf	344469	286016	18876028	18370482	315703933	4762519243	666349	614901	51448	       68.79	       -0.14	84599	44017720	IND	     4999.05
230	cadical_v21	3	320	C:/Users/cball/OneDrive/Documentos/Pessoal/ITA/SAT/Competições/SATRace2019/Benchmark/hcp_r20_20.cnf	323138	21567424	42	42	488000	577871	0	0	0	        9.19	       -0.74	0	487781	SAT	       26.30
231	cadical_v21	3	320	C:/Users/cball/OneDrive/Documentos/Pessoal/ITA/SAT/Competições/SATRace2019/Benchmark/hcp_r26_26.cnf	919562	103439854	0	0	0	230180	0	0	0	        0.00	        0.00	0	0	SAT	      139.41
232	cadical_v21	3	320	C:/Users/cball/OneDrive/Documentos/Pessoal/ITA/SAT/Competições/SATRace2019/Benchmark/hitag2-8-60-0-0x880693399044612-25-SAT-sc2013.cnf	2316	30945	16384755	16308974	20330474	872063865	460619	407142	53477	       22.81	       -0.02	86640	4327827	IND	     4998.73
233	cadical_v21	3	320	C:/Users/cball/OneDrive/Documentos/Pessoal/ITA/SAT/Competições/SATRace2019/Benchmark/hwb-n26-01-S1957858365.shuffled-as.sat03-1622-sc2002.cnf	172	832	10644295	10583179	13282468	228217898	435564	410332	25232	       19.45	       -0.03	40976	4420758	UNSAT	     1289.41
234	cadical_v21	3	320	C:/Users/cball/OneDrive/Documentos/Pessoal/ITA/SAT/Competições/SATRace2019/Benchmark/hwb-n26-03-S540351185.sat05-490.reshuffled-07-sc2007.cnf	172	832	23608324	23474282	28781779	558304225	1011297	956160	55137	       18.87	       -0.03	88296	10229718	UNSAT	     4084.03
235	cadical_v21	3	320	C:/Users/cball/OneDrive/Documentos/Pessoal/ITA/SAT/Competições/SATRace2019/Benchmark/hwmcc10-timeframe-expansion-k45-pdtpmspalu-tseitin-sc2011.cnf	89190	265715	8768782	8569804	88387485	1873028059	560674	541935	18739	       30.62	       -0.17	28734	12205514	UNSAT	     2107.61
236	cadical_v21	3	320	C:/Users/cball/OneDrive/Documentos/Pessoal/ITA/SAT/Competições/SATRace2019/Benchmark/hwmcc15deep-6s516r-k18-sc2017.cnf	51996	147555	11354147	11296709	120446757	1306513506	357767	311823	45944	       50.40	       -0.03	63413	40996700	UNSAT	      993.03
237	cadical_v21	3	320	C:/Users/cball/OneDrive/Documentos/Pessoal/ITA/SAT/Competições/SATRace2019/Benchmark/hwmcc15deep-oski15a10b10s-k22-sc2017.cnf	569318	1484813	5846125	5627477	38163895	4112223828	312868	298065	14803	       36.12	       -0.13	23043	7131848	UNSAT	     2261.72
238	cadical_v21	3	320	C:/Users/cball/OneDrive/Documentos/Pessoal/ITA/SAT/Competições/SATRace2019/Benchmark/jgiraldezlevy.2200.9086.08.40.149-sr2015.cnf	2200	9086	535815	519273	1754672	108250767	39972	38950	1022	       24.14	       -0.13	1614	266664	SAT	       71.41
239	cadical_v21	3	320	C:/Users/cball/OneDrive/Documentos/Pessoal/ITA/SAT/Competições/SATRace2019/Benchmark/k_unsat-sc2013.cnf	7021	95854	11939913	11805350	20065545	3586344351	447045	411114	35931	       26.82	       -0.06	55529	4584925	IND	     4999.27
240	cadical_v21	3	320	C:/Users/cball/OneDrive/Documentos/Pessoal/ITA/SAT/Competições/SATRace2019/Benchmark/knight_14.cnf	4680	39640	15927547	15592467	97093235	4178378454	472068	413958	58110	       95.88	       -0.09	89750	9683333	IND	     4999.27
241	cadical_v21	3	320	C:/Users/cball/OneDrive/Documentos/Pessoal/ITA/SAT/Competições/SATRace2019/Benchmark/knight_16.cnf	81119	804926	7119862	4940763	335585894	10120504006	208010	198324	9686	      424.10	       -0.19	17701	38924153	IND	     4999.53
242	cadical_v21	3	320	C:/Users/cball/OneDrive/Documentos/Pessoal/ITA/SAT/Competições/SATRace2019/Benchmark/knight_18.cnf	126152	1297025	6343774	4143929	362689221	11536741083	160492	151363	9129	      493.13	       -0.18	16996	40329018	IND	     4999.09
243	cadical_v21	3	320	C:/Users/cball/OneDrive/Documentos/Pessoal/ITA/SAT/Competições/SATRace2019/Benchmark/knight_20.cnf	189446	2004246	6130627	3714185	375750310	12387302084	131811	123808	8003	      513.24	       -0.17	15655	45240035	IND	     4999.34
244	cadical_v21	3	320	C:/Users/cball/OneDrive/Documentos/Pessoal/ITA/SAT/Competições/SATRace2019/Benchmark/le450_15b.col.15-sc2018.cnf	6300	114816	33148774	32875126	37608508	2255596842	1204088	1133971	70117	       53.03	       -0.03	104086	19419462	IND	     4999.52
245	cadical_v21	3	320	C:/Users/cball/OneDrive/Documentos/Pessoal/ITA/SAT/Competições/SATRace2019/Benchmark/li-exam-63.shuffled-as.sat03-368-sc2002.cnf	28147	108399	8327985	7930799	126716035	6471661547	537070	523439	13631	      153.04	       -0.17	22321	6749536	IND	     4999.41
246	cadical_v21	3	320	C:/Users/cball/OneDrive/Documentos/Pessoal/ITA/SAT/Competições/SATRace2019/Benchmark/li-test4-99.shuffled-as.sat03-377-sc2002.cnf	36809	142448	7729100	7272262	263665996	7941135009	470683	457950	12733	      208.74	       -0.20	21006	12404136	IND	     4999.17
247	cadical_v21	3	320	C:/Users/cball/OneDrive/Documentos/Pessoal/ITA/SAT/Competições/SATRace2019/Benchmark/manthey_DimacsSorter_37_3-sr2015.cnf	6634	23392	8231106	8076056	18824028	2376039405	360112	344488	15624	       64.28	       -0.07	23970	4595196	SAT	     2250.70
248	cadical_v21	3	320	C:/Users/cball/OneDrive/Documentos/Pessoal/ITA/SAT/Competições/SATRace2019/Benchmark/manthey_single-ordered-initialized-w50-b7-sr2015.cnf	10675	84849	4409232	4328200	6683539	1065161417	110655	96215	14440	       30.11	       -0.04	22662	1691157	UNSAT	     1262.45
249	cadical_v21	3	320	C:/Users/cball/OneDrive/Documentos/Pessoal/ITA/SAT/Competições/SATRace2019/Benchmark/maxxor032-sc2011.cnf	13240	39135	432012	418343	1588198	66187419	27919	26951	968	       33.27	       -0.14	1483	283016	UNSAT	       36.41
250	cadical_v21	3	320	C:/Users/cball/OneDrive/Documentos/Pessoal/ITA/SAT/Competições/SATRace2019/Benchmark/minxorminand128-sc2009.cnf	153834	459957	5351816	5150843	43943728	800008363	169608	151580	18028	      114.72	       -0.07	26150	13987026	UNSAT	     1121.61
251	cadical_v21	3	320	C:/Users/cball/OneDrive/Documentos/Pessoal/ITA/SAT/Competições/SATRace2019/Benchmark/mod2c-3cage-unsat-10-2.sat05-2567.reshuffled-07-sc2007.cnf	140	560	25197848	25186171	32139256	139864196	870978	816555	54423	       18.38	       -0.03	87680	14648121	UNSAT	     1132.92
252	cadical_v21	3	320	C:/Users/cball/OneDrive/Documentos/Pessoal/ITA/SAT/Competições/SATRace2019/Benchmark/mod2c-3cage-unsat-10-3.sat05-2568.reshuffled-07-sc2007.cnf	140	560	58385249	58373527	74363576	342211172	1184496	1000961	183535	       18.17	       -0.02	294761	22633681	UNSAT	     2458.33
253	cadical_v21	3	320	C:/Users/cball/OneDrive/Documentos/Pessoal/ITA/SAT/Competições/SATRace2019/Benchmark/mod4block_2vars_10gates_u2_autoenc-sc2009.cnf	479	123439	3094604	3039585	9767067	89786759	172019	163141	8878	       25.87	       -0.11	14119	1103108	SAT	      419.92
254	cadical_v21	3	320	C:/Users/cball/OneDrive/Documentos/Pessoal/ITA/SAT/Competições/SATRace2019/Benchmark/mrpp_6x6#12_24-sc2013.cnf	12197	78363	224445	216164	2879399	20254068	11258	10878	380	       13.01	       -0.22	810	452659	SAT	       12.06
255	cadical_v21	3	320	C:/Users/cball/OneDrive/Documentos/Pessoal/ITA/SAT/Competições/SATRace2019/Benchmark/mrpp_8x8#20_24-sc2014.cnf	22022	172772	2091762	2010658	28393888	270713972	135541	133317	2224	       16.00	       -0.25	4452	5932155	SAT	      217.61
256	cadical_v21	3	320	C:/Users/cball/OneDrive/Documentos/Pessoal/ITA/SAT/Competições/SATRace2019/Benchmark/mulhs016-sc2009.cnf	4656	13868	10477320	10332260	19759802	2250096968	476589	451420	25169	       40.62	       -0.05	40391	4345515	IND	     4992.88
257	cadical_v21	3	320	C:/Users/cball/OneDrive/Documentos/Pessoal/ITA/SAT/Competições/SATRace2019/Benchmark/ndhf_xits_16_UNKNOWN-sc2009.cnf	3366	362797	29806099	29303175	40684807	2617039440	1028129	961607	66522	       70.72	       -0.04	99310	17469970	IND	     4987.56
258	cadical_v21	3	320	C:/Users/cball/OneDrive/Documentos/Pessoal/ITA/SAT/Competições/SATRace2019/Benchmark/ndhf_xits_19_UNKNOWN-sc2011.cnf	4020	466486	511028	503114	716256	67210137	19890	18854	1036	       92.58	       -0.04	1547	315532	SAT	       80.91
259	cadical_v21	3	320	C:/Users/cball/OneDrive/Documentos/Pessoal/ITA/SAT/Competições/SATRace2019/Benchmark/newton.2.3.i.smt2-cvc4-sc2016.cnf	302737	1309727	1052968	1032639	1921701	17018506223	43573	39836	3737	       56.70	       -0.04	5804	532074	IND	     4983.47
260	cadical_v21	3	320	C:/Users/cball/OneDrive/Documentos/Pessoal/ITA/SAT/Competições/SATRace2019/Benchmark/par32-1-c.shuffled-as.sat03-1531-sc2002.cnf	1315	5254	23476995	23283190	34750692	1787628428	1026489	974342	52147	       23.28	       -0.04	85320	9805934	IND	     4992.80
261	cadical_v21	3	320	C:/Users/cball/OneDrive/Documentos/Pessoal/ITA/SAT/Competições/SATRace2019/Benchmark/partial-10-11-s-sc2007.cnf	189456	835275	1955030	1823445	21301563	3282390445	82998	78569	4429	      383.37	       -0.10	6463	1497149	SAT	     1598.06
262	cadical_v21	3	320	C:/Users/cball/OneDrive/Documentos/Pessoal/ITA/SAT/Competições/SATRace2019/Benchmark/partial-10-11-u-sc2007.cnf	188962	825894	6796088	6436301	53776811	7779503662	255517	238314	17203	      288.97	       -0.09	25354	4484077	IND	     4988.44
263	cadical_v21	3	320	C:/Users/cball/OneDrive/Documentos/Pessoal/ITA/SAT/Competições/SATRace2019/Benchmark/partial-5-11-u-sc2007.cnf	164158	717440	10688355	10261606	64410118	6502541429	385458	353562	31896	      152.95	       -0.07	47539	5031316	IND	     4996.61
264	cadical_v21	3	320	C:/Users/cball/OneDrive/Documentos/Pessoal/ITA/SAT/Competições/SATRace2019/Benchmark/partial-5-17-s-sc2007.cnf	252328	1169843	6663478	6360899	69896939	10184372915	288563	272370	16193	      221.02	       -0.10	24385	4789334	IND	     4999.30
265	cadical_v21	3	320	C:/Users/cball/OneDrive/Documentos/Pessoal/ITA/SAT/Competições/SATRace2019/Benchmark/partial-5-19-u-sc2007.cnf	262368	1226585	6561023	6229169	82433489	9679095680	295037	278216	16821	      273.21	       -0.11	25000	5426857	IND	     4999.50
266	cadical_v21	3	320	C:/Users/cball/OneDrive/Documentos/Pessoal/ITA/SAT/Competições/SATRace2019/Benchmark/pb_300_10_lb_08-sc2014.cnf	139915	590682	353889	335077	1533459	251852644	17988	17286	702	       36.63	       -0.17	1221	257432	UNSAT	      100.78
267	cadical_v21	3	320	C:/Users/cball/OneDrive/Documentos/Pessoal/ITA/SAT/Competições/SATRace2019/Benchmark/ps_5000_21250_3_0_0.7_0_1.45_4-sc2017.cnf	5000	21250	19958468	19474791	47304010	3765824002	683146	629500	53646	       34.33	       -0.06	86758	7789456	IND	     4999.47
268	cadical_v21	3	320	C:/Users/cball/OneDrive/Documentos/Pessoal/ITA/SAT/Competições/SATRace2019/Benchmark/ps_5000_21250_3_0_0.8_0_1.55_2-sc2017.cnf	5000	21250	10525170	10299716	18144508	1772382957	430147	405864	24283	       20.03	       -0.06	39655	4607087	UNSAT	     1752.95
269	cadical_v21	3	320	C:/Users/cball/OneDrive/Documentos/Pessoal/ITA/SAT/Competições/SATRace2019/Benchmark/rbcl_xits_11_UNKNOWN-sc2009.cnf	1740	104640	18807222	18528786	39171611	1399354855	708381	649779	58602	       32.00	       -0.07	91620	6508415	IND	     4999.28
270	cadical_v21	3	320	C:/Users/cball/OneDrive/Documentos/Pessoal/ITA/SAT/Competições/SATRace2019/Benchmark/rbcl_xits_13_UNKNOWN-sc2009.cnf	2058	133055	20859303	20567276	48493153	1706303176	826249	767042	59207	       38.25	       -0.07	92205	8371404	IND	     4999.36
271	cadical_v21	3	320	C:/Users/cball/OneDrive/Documentos/Pessoal/ITA/SAT/Competições/SATRace2019/Benchmark/rbsat-v2100c215164g4-sc2011.cnf	2100	215164	19633085	19141662	34299781	2879275551	467951	409832	58119	       95.72	       -0.05	91084	9039935	IND	     4999.47
272	cadical_v21	3	320	C:/Users/cball/OneDrive/Documentos/Pessoal/ITA/SAT/Competições/SATRace2019/Benchmark/rbsat-v2400c266431g5-sc2009.cnf	2400	266431	21503001	20940332	38691946	2940285622	471338	412487	58851	      124.37	       -0.05	91822	11299033	IND	     4999.45
273	cadical_v21	3	320	C:/Users/cball/OneDrive/Documentos/Pessoal/ITA/SAT/Competições/SATRace2019/Benchmark/rbsat-v945c61409gyes9-sc2009.cnf	945	61409	639854	624671	962829	61109903	21013	19406	1607	       56.49	       -0.06	2511	333781	SAT	       71.48
274	cadical_v21	3	320	C:/Users/cball/OneDrive/Documentos/Pessoal/ITA/SAT/Competições/SATRace2019/Benchmark/rphp5_100_shuffled-sc2016.cnf	1000	21405	77888697	58416985	810904215	9211614457	729378	271544	457834	       46.86	       -0.05	572456	177397222	IND	     4999.38
275	cadical_v21	3	320	C:/Users/cball/OneDrive/Documentos/Pessoal/ITA/SAT/Competições/SATRace2019/Benchmark/rpoc_xits_11_UNKNOWN-sc2009.cnf	1740	114011	19725704	19461202	37013231	1306269341	735606	677951	57655	       27.82	       -0.06	90696	7334223	IND	     4999.47
276	cadical_v21	3	320	C:/Users/cball/OneDrive/Documentos/Pessoal/ITA/SAT/Competições/SATRace2019/Benchmark/rpoc_xits_12_UNKNOWN-sc2009.cnf	1898	128735	20302584	20038224	37663256	1416628682	727666	669414	58252	       31.74	       -0.06	91290	8031688	IND	     4999.42
277	cadical_v21	3	320	C:/Users/cball/OneDrive/Documentos/Pessoal/ITA/SAT/Competições/SATRace2019/Benchmark/rubikcube701-sc2017.cnf	3066	59739	6131559	6058170	9694383	1195755725	272515	259458	13057	       20.04	       -0.06	21341	2703917	UNSAT	     2111.27
278	cadical_v21	3	320	C:/Users/cball/OneDrive/Documentos/Pessoal/ITA/SAT/Competições/SATRace2019/Benchmark/rubikcube912-sc2017.cnf	3090	59825	7622461	7547699	15712939	1153681304	425562	412466	13096	       24.90	       -0.08	21381	3720166	IND	     4998.92
279	cadical_v21	3	320	C:/Users/cball/OneDrive/Documentos/Pessoal/ITA/SAT/Competições/SATRace2019/Benchmark/safe-30-h29-unsat-sc2007.cnf	130928	437704	27750490	27438145	113012018	3924315126	1632790	1573220	59570	       49.96	       -0.10	92566	13200549	IND	     4998.88
280	cadical_v21	3	320	C:/Users/cball/OneDrive/Documentos/Pessoal/ITA/SAT/Competições/SATRace2019/Benchmark/satcoin-genesis-SAT-10-sc2018.cnf	134780	648622	1012	978	30271	1634482	45	45	0	       26.63	       -0.24	1	4694	SAT	        2.09
281	cadical_v21	3	320	C:/Users/cball/OneDrive/Documentos/Pessoal/ITA/SAT/Competições/SATRace2019/Benchmark/sgen1-sat-180-100-sc2009.cnf	180	432	19678445	19373442	28625600	452744157	653134	598481	54653	       23.33	       -0.05	87759	7186877	IND	     4998.50
282	cadical_v21	3	320	C:/Users/cball/OneDrive/Documentos/Pessoal/ITA/SAT/Competições/SATRace2019/Benchmark/sgen1-unsat-109-100-sc2009.cnf	109	228	35261943	34986580	46551868	540958949	1957453	1890464	66989	       20.94	       -0.04	107695	16723273	IND	     4999.25
283	cadical_v21	3	320	C:/Users/cball/OneDrive/Documentos/Pessoal/ITA/SAT/Competições/SATRace2019/Benchmark/sha1r17m145ABCD.cnf	3831	15062	7217010	7112428	14511818	849241176	422068	408876	13192	       37.80	       -0.08	21484	3510721	SAT	     3313.36
284	cadical_v21	3	320	C:/Users/cball/OneDrive/Documentos/Pessoal/ITA/SAT/Competições/SATRace2019/Benchmark/sha1r17m145ABCD_p.cnf	2715	11371	230956	226522	532658	40943762	11016	10257	759	       36.30	       -0.10	1203	67406	SAT	       25.42
285	cadical_v21	3	320	C:/Users/cball/OneDrive/Documentos/Pessoal/ITA/SAT/Competições/SATRace2019/Benchmark/sha1r17m146ABCD.cnf	3835	15069	9390637	9263158	17962522	1110062371	514793	495796	18997	       37.46	       -0.08	30929	4257854	IND	     4999.49
286	cadical_v21	3	320	C:/Users/cball/OneDrive/Documentos/Pessoal/ITA/SAT/Competições/SATRace2019/Benchmark/sha1r17m146ABCD_p.cnf	2719	11388	7286764	7181390	14609310	862268025	427025	413639	13386	       37.59	       -0.08	21674	3566216	SAT	     3373.95
287	cadical_v21	3	320	C:/Users/cball/OneDrive/Documentos/Pessoal/ITA/SAT/Competições/SATRace2019/Benchmark/sha1r17m147ABCD.cnf	3836	15071	4072949	4020534	7032744	463662684	140696	127488	13208	       38.67	       -0.06	21429	1096703	SAT	     1288.56
288	cadical_v21	3	320	C:/Users/cball/OneDrive/Documentos/Pessoal/ITA/SAT/Competições/SATRace2019/Benchmark/sha1r17m147ABCD_p.cnf	2720	11392	9005128	8879684	17529686	1052647774	510361	493155	17206	       37.89	       -0.08	27968	4263819	SAT	     4877.86
289	cadical_v21	3	320	C:/Users/cball/OneDrive/Documentos/Pessoal/ITA/SAT/Competições/SATRace2019/Benchmark/sha1r17m148ABCD.cnf	3837	15085	6133577	6044723	12129318	716386351	323896	310604	13292	       39.08	       -0.08	21581	2681590	SAT	     2449.39
290	cadical_v21	3	320	C:/Users/cball/OneDrive/Documentos/Pessoal/ITA/SAT/Competições/SATRace2019/Benchmark/sha1r17m148ABCD_p.cnf	2721	11396	9202640	9074877	18069352	1098254536	513951	495793	18158	       38.50	       -0.08	29519	4263763	SAT	     4920.34
291	cadical_v21	3	320	C:/Users/cball/OneDrive/Documentos/Pessoal/ITA/SAT/Competições/SATRace2019/Benchmark/sha1r17m149ABCD.cnf	3838	15113	7328807	7223020	14886522	860063305	435723	422466	13257	       39.35	       -0.08	21549	3582872	SAT	     3548.66
292	cadical_v21	3	320	C:/Users/cball/OneDrive/Documentos/Pessoal/ITA/SAT/Competições/SATRace2019/Benchmark/sha1r17m149ABCD_p.cnf	2722	11400	7134296	7029420	14485531	836588609	410931	397568	13363	       38.55	       -0.08	21651	3467761	SAT	     3193.94
293	cadical_v21	3	320	C:/Users/cball/OneDrive/Documentos/Pessoal/ITA/SAT/Competições/SATRace2019/Benchmark/sha1r17m63a.cnf	3559	14096	2588936	2553595	5011413	282287916	129332	123097	6235	       34.37	       -0.07	9953	1085213	SAT	      440.91
294	cadical_v21	3	320	C:/Users/cball/OneDrive/Documentos/Pessoal/ITA/SAT/Competições/SATRace2019/Benchmark/sha1r17m63a_p.cnf	2470	10585	3099341	3060136	5580588	298346499	129997	121511	8486	       33.97	       -0.06	13757	1082258	SAT	      554.95
295	cadical_v21	3	320	C:/Users/cball/OneDrive/Documentos/Pessoal/ITA/SAT/Competições/SATRace2019/Benchmark/sha1r17m66a.cnf	3566	14138	177487	173789	427349	28676468	9571	9078	493	       31.41	       -0.10	776	70406	SAT	       16.33
296	cadical_v21	3	320	C:/Users/cball/OneDrive/Documentos/Pessoal/ITA/SAT/Competições/SATRace2019/Benchmark/sha1r17m66a_p.cnf	2477	10608	2557005	2524423	4799296	256513844	130110	124051	6059	       34.14	       -0.07	9678	1076746	SAT	      465.66
297	cadical_v21	3	320	C:/Users/cball/OneDrive/Documentos/Pessoal/ITA/SAT/Competições/SATRace2019/Benchmark/sha1r17m67a.cnf	3573	14128	2871418	2834516	5371509	302365192	130801	123096	7705	       34.83	       -0.07	12278	1080247	SAT	      502.88
298	cadical_v21	3	320	C:/Users/cball/OneDrive/Documentos/Pessoal/ITA/SAT/Competições/SATRace2019/Benchmark/sha1r17m67a_p.cnf	2484	10627	1141988	1125930	2141773	118407915	47666	44191	3475	       32.84	       -0.07	5548	372072	SAT	      137.22
299	cadical_v21	3	320	C:/Users/cball/OneDrive/Documentos/Pessoal/ITA/SAT/Competições/SATRace2019/Benchmark/sha1r17m72a.cnf	3593	14282	3039548	3005741	5205162	312273270	128563	120056	8507	       34.44	       -0.06	13592	1092427	SAT	      646.11
300	cadical_v21	3	320	C:/Users/cball/OneDrive/Documentos/Pessoal/ITA/SAT/Competições/SATRace2019/Benchmark/sha1r17m72a_p.cnf	2504	10705	2140783	2109851	4396546	222522383	129474	125478	3996	       33.72	       -0.09	6353	1074315	SAT	      384.25
301	cadical_v21	3	320	C:/Users/cball/OneDrive/Documentos/Pessoal/ITA/SAT/Competições/SATRace2019/Benchmark/sha1r17m75a.cnf	3603	14304	537187	526273	1271167	68228317	30480	29487	993	       31.80	       -0.10	1591	289336	SAT	       54.98
302	cadical_v21	3	320	C:/Users/cball/OneDrive/Documentos/Pessoal/ITA/SAT/Competições/SATRace2019/Benchmark/sha1r17m75a_p.cnf	2514	10733	2386384	2352967	4598973	245526689	126419	121149	5270	       34.09	       -0.08	8371	1090807	SAT	      417.69
303	cadical_v21	3	320	C:/Users/cball/OneDrive/Documentos/Pessoal/ITA/SAT/Competições/SATRace2019/Benchmark/sha2.shuffled-as.sat03-442-sc2002.cnf	304	cadical_v21	3	320	C:/Users/cball/OneDrive/Documentos/Pessoal/ITA/SAT/Competições/SATRace2019/Benchmark/sin.c.75.smt2-cvc4-sc2016.cnf	