ID	version	restart base fast	restart base slow	file	vars	clauses	conflicts	learned	decisions	propagations	restarts	restarts unstable	restarts stable	learned avg. size	learnt stack avg	learnt stack stable counter	learnt stack unstable counter	answer	cpu time
1	cadical_v21	5	320	C:/Users/cball/OneDrive/Documentos/Pessoal/ITA/SAT/Competições/SATRace2015-Sample/Benchmark/002-80-4.cnf	13408	308391	2585346	2514855	56423182	348073302	124423	120197	4226	       43.08	       -0.23	7929	10682114	SAT	      295.31
2	cadical_v21	5	320	C:/Users/cball/OneDrive/Documentos/Pessoal/ITA/SAT/Competições/SATRace2015-Sample/Benchmark/004-80-8.cnf	13408	308391	3679799	3600445	55173788	683451088	125576	117184	8392	       69.31	       -0.17	15408	8778822	SAT	      673.98
3	cadical_v21	5	320	C:/Users/cball/OneDrive/Documentos/Pessoal/ITA/SAT/Competições/SATRace2015-Sample/Benchmark/007-80-8.cnf	13408	308391	3260350	3176043	62189769	575943501	133173	126212	6961	       65.81	       -0.20	12701	10477170	SAT	      496.28
4	cadical_v21	5	320	C:/Users/cball/OneDrive/Documentos/Pessoal/ITA/SAT/Competições/SATRace2015-Sample/Benchmark/010-80-12.cnf	13408	308391	3444754	3365663	55289993	642230940	126383	118349	8034	       68.32	       -0.17	14326	8490476	SAT	      573.16
5	cadical_v21	5	320	C:/Users/cball/OneDrive/Documentos/Pessoal/ITA/SAT/Competições/SATRace2015-Sample/Benchmark/11pipe_k.cnf	89315	5584002	1397795	1336425	11559031	2188875954	37341	34141	3200	      104.94	       -0.08	5245	3840803	UNSAT	      927.51
6	cadical_v21	5	320	C:/Users/cball/OneDrive/Documentos/Pessoal/ITA/SAT/Competições/SATRace2015-Sample/Benchmark/38bits_10.dimacs.cnf	448	12700	45090	44629	75838	2290216	2420	2296	124	       18.24	       -0.08	197	16310	SAT	        3.16
7	cadical_v21	5	320	C:/Users/cball/OneDrive/Documentos/Pessoal/ITA/SAT/Competições/SATRace2015-Sample/Benchmark/46bits_11.dimacs.cnf	689	16922	237093	235209	367908	21350682	9461	8698	763	       22.82	       -0.06	1223	65441	SAT	       26.50
8	cadical_v21	5	320	C:/Users/cball/OneDrive/Documentos/Pessoal/ITA/SAT/Competições/SATRace2015-Sample/Benchmark/50bits_10.dimacs.cnf	842	19430	3854705	3833719	5659383	530355437	148596	135984	12612	       25.18	       -0.04	20091	1035329	SAT	     1657.64
9	cadical_v21	5	320	C:/Users/cball/OneDrive/Documentos/Pessoal/ITA/SAT/Competições/SATRace2015-Sample/Benchmark/62bits_14.dimacs.cnf	1164	28980	10265270	10178686	19808371	1227269367	501848	476771	25077	       34.14	       -0.07	39491	4393322	IND	     4999.59
10	cadical_v21	5	320	C:/Users/cball/OneDrive/Documentos/Pessoal/ITA/SAT/Competições/SATRace2015-Sample/Benchmark/6s13-opt.cnf	52436	151783	2035549	2007400	8048947	390568081	139189	136001	3188	       25.26	       -0.12	5243	1599442	UNSAT	      265.50
11	cadical_v21	5	320	C:/Users/cball/OneDrive/Documentos/Pessoal/ITA/SAT/Competições/SATRace2015-Sample/Benchmark/6s130-opt.cnf	49370	144360	2646401	2609209	13093042	470013620	148207	142157	6050	       21.76	       -0.10	9907	2059422	UNSAT	      306.62
12	cadical_v21	5	320	C:/Users/cball/OneDrive/Documentos/Pessoal/ITA/SAT/Competições/SATRace2015-Sample/Benchmark/6s165-nonopt.cnf	3295	9585	268194	264970	587543	18231790	9692	8838	854	       26.47	       -0.07	1365	82681	UNSAT	       14.17
13	cadical_v21	5	320	C:/Users/cball/OneDrive/Documentos/Pessoal/ITA/SAT/Competições/SATRace2015-Sample/Benchmark/ACG-15-10p0.cnf	262253	1120813	440839	352092	2675168	2746353409	11431	10552	879	      220.05	       -0.08	1373	501365	UNSAT	      537.97
14	cadical_v21	5	320	C:/Users/cball/OneDrive/Documentos/Pessoal/ITA/SAT/Competições/SATRace2015-Sample/Benchmark/ACG-20-10p1.cnf	381708	1618887	542772	427577	4609750	4705300550	19482	18496	986	      218.81	       -0.12	1573	629190	SAT	      929.58
15	cadical_v21	5	320	C:/Users/cball/OneDrive/Documentos/Pessoal/ITA/SAT/Competições/SATRace2015-Sample/Benchmark/AProVE07-03.cnf	3114	10580	1548855	1523871	3001408	166315650	58085	54763	3322	       45.14	       -0.06	5369	786236	UNSAT	      187.42
16	cadical_v21	5	320	C:/Users/cball/OneDrive/Documentos/Pessoal/ITA/SAT/Competições/SATRace2015-Sample/Benchmark/AProVE09-06.cnf	77262	262886	46555	44607	150409	87089568	3358	3247	111	       52.54	       -0.15	188	15660	SAT	       19.77
17	cadical_v21	5	320	C:/Users/cball/OneDrive/Documentos/Pessoal/ITA/SAT/Competições/SATRace2015-Sample/Benchmark/E02F22.cnf	13574	1300429	710537	674684	2663218	295887985	28582	26780	1802	       83.47	       -0.11	2909	383874	SAT	      262.50
18	cadical_v21	5	320	C:/Users/cball/OneDrive/Documentos/Pessoal/ITA/SAT/Competições/SATRace2015-Sample/Benchmark/MD5-29-2.cnf	8590	65066	16600222	16163370	190940662	2764051219	430250	382328	47922	      103.90	       -0.15	80825	23133975	IND	     4999.73
19	cadical_v21	5	320	C:/Users/cball/OneDrive/Documentos/Pessoal/ITA/SAT/Competições/SATRace2015-Sample/Benchmark/MD5-30-5.cnf	8905	67838	16575962	16143747	188601649	2853856746	428153	380643	47510	      106.35	       -0.15	80421	25222440	IND	     4999.27
20	cadical_v21	5	320	C:/Users/cball/OneDrive/Documentos/Pessoal/ITA/SAT/Competições/SATRace2015-Sample/Benchmark/SAT_dat.k80-24_1_rule_1.cnf	1295022	5034037	1398629	1358327	6154982	4462074493	87661	84672	2989	       53.50	       -0.15	5043	993323	UNSAT	     1272.17
21	cadical_v21	5	320	C:/Users/cball/OneDrive/Documentos/Pessoal/ITA/SAT/Competições/SATRace2015-Sample/Benchmark/SAT_dat.k90.debugged.cnf	1458392	5670187	1648303	1600134	7522715	5869821640	109873	106935	2938	       44.52	       -0.16	4994	1357610	UNSAT	     1644.16
22	cadical_v21	5	320	C:/Users/cball/OneDrive/Documentos/Pessoal/ITA/SAT/Competições/SATRace2015-Sample/Benchmark/SAT_dat.k95-24_1_rule_3.cnf	1540071	5988250	1717758	1670774	7649257	5796101570	107859	105052	2807	       28.02	       -0.16	4867	1767825	UNSAT	     1636.95
23	cadical_v21	5	320	C:/Users/cball/OneDrive/Documentos/Pessoal/ITA/SAT/Competições/SATRace2015-Sample/Benchmark/UCG-15-10p1.cnf	200003	1008302	249991	205341	1721722	943186817	5569	4715	854	      242.74	       -0.08	1332	173154	SAT	      213.70
24	cadical_v21	5	320	C:/Users/cball/OneDrive/Documentos/Pessoal/ITA/SAT/Competições/SATRace2015-Sample/Benchmark/UCG-20-10p1.cnf	259258	1373987	541907	439363	4303083	1760739601	18964	17907	1057	      200.38	       -0.10	1644	669012	SAT	      459.42
25	cadical_v21	5	320	C:/Users/cball/OneDrive/Documentos/Pessoal/ITA/SAT/Competições/SATRace2015-Sample/Benchmark/UR-15-10p1.cnf	199996	1008281	581021	471442	5185118	1545810800	21464	20191	1273	      268.41	       -0.10	1974	598856	SAT	      436.78
26	cadical_v21	5	320	C:/Users/cball/OneDrive/Documentos/Pessoal/ITA/SAT/Competições/SATRace2015-Sample/Benchmark/UR-20-10p0.cnf	258781	1358076	2040113	1686397	17312235	6753051391	73428	69866	3562	      296.92	       -0.10	5557	2511394	UNSAT	     2162.27
27	cadical_v21	5	320	C:/Users/cball/OneDrive/Documentos/Pessoal/ITA/SAT/Competições/SATRace2015-Sample/Benchmark/UTI-20-10p1.cnf	260342	1377238	943971	843540	7164292	1764315355	29320	26375	2945	      240.65	       -0.10	4730	590022	SAT	      593.59
28	cadical_v21	5	320	C:/Users/cball/OneDrive/Documentos/Pessoal/ITA/SAT/Competições/SATRace2015-Sample/Benchmark/UTI-20-5p1.cnf	225926	1195096	941794	864115	5562436	1114834022	26992	24198	2794	      152.73	       -0.10	4583	544150	SAT	      404.42
29	cadical_v21	5	320	C:/Users/cball/OneDrive/Documentos/Pessoal/ITA/SAT/Competições/SATRace2015-Sample/Benchmark/aaai10-planning-ipc5-TPP-21-step11.cnf	99736	783852	575655	546357	1672759	2127540784	19116	18034	1082	       89.20	       -0.08	1785	399517	UNSAT	      349.23
30	cadical_v21	5	320	C:/Users/cball/OneDrive/Documentos/Pessoal/ITA/SAT/Competições/SATRace2015-Sample/Benchmark/aaai10-planning-ipc5-pathways-13-step17.cnf	25631	141997	815728	797207	2025930	374958670	27084	24840	2244	       53.83	       -0.07	3668	331653	UNSAT	      134.53
31	cadical_v21	5	320	C:/Users/cball/OneDrive/Documentos/Pessoal/ITA/SAT/Competições/SATRace2015-Sample/Benchmark/aes_24_4_keyfind_5.cnf	520	5760	12486794	12461669	15721530	429456403	509436	474273	35163	       25.44	       -0.02	56280	4201902	IND	     4998.92
32	cadical_v21	5	320	C:/Users/cball/OneDrive/Documentos/Pessoal/ITA/SAT/Competições/SATRace2015-Sample/Benchmark/aes_32_3_keyfind_1.cnf	708	2540	481248	478969	1043485	25545169	35860	35013	847	       24.37	       -0.09	1359	220198	SAT	       41.48
33	cadical_v21	5	320	C:/Users/cball/OneDrive/Documentos/Pessoal/ITA/SAT/Competições/SATRace2015-Sample/Benchmark/aes_id.cnf	325041	1161166	896960	888898	4898264	10533455475	24392	21128	3264	       87.25	       -0.07	4926	558691	IND	     4999.78
34	cadical_v21	5	320	C:/Users/cball/OneDrive/Documentos/Pessoal/ITA/SAT/Competições/SATRace2015-Sample/Benchmark/atco_enc1_opt1_04_32.cnf	57220	558589	197034	191212	1436805	200193631	16213	15740	473	       27.12	       -0.19	813	121272	SAT	       78.89
35	cadical_v21	5	320	C:/Users/cball/OneDrive/Documentos/Pessoal/ITA/SAT/Competições/SATRace2015-Sample/Benchmark/atco_enc2_opt2_20_11.cnf	167075	6549347	1091109	1079722	1731852	665778264	34870	31458	3412	       25.01	       -0.05	5459	336420	UNSAT	      645.59
36	cadical_v21	5	320	C:/Users/cball/OneDrive/Documentos/Pessoal/ITA/SAT/Competições/SATRace2015-Sample/Benchmark/atco_enc3_opt2_18_44.cnf	1322728	5284254	142990	138119	2123446	7823185798	13556	13347	209	       24.60	       -0.24	387	135816	SAT	     1154.42
37	cadical_v21	5	320	C:/Users/cball/OneDrive/Documentos/Pessoal/ITA/SAT/Competições/SATRace2015-Sample/Benchmark/beempgsol5b1.cnf	26455	76533	2746758	2710535	6152322	959075499	97711	90421	7290	       63.32	       -0.07	11437	1255601	UNSAT	      666.95
38	cadical_v21	5	320	C:/Users/cball/OneDrive/Documentos/Pessoal/ITA/SAT/Competições/SATRace2015-Sample/Benchmark/bjrb07amba10andenv.cnf	196289	588609	760960	749198	2150078	1100925812	40980	39010	1970	       14.34	       -0.12	3236	334458	UNSAT	      366.28
39	cadical_v21	5	320	C:/Users/cball/OneDrive/Documentos/Pessoal/ITA/SAT/Competições/SATRace2015-Sample/Benchmark/bob12m09-opt.cnf	51144	152445	447825	439936	1358471	238691230	28826	27960	866	       24.75	       -0.10	1378	299690	UNSAT	       86.27
40	cadical_v21	5	320	C:/Users/cball/OneDrive/Documentos/Pessoal/ITA/SAT/Competições/SATRace2015-Sample/Benchmark/complete-400-0.1-3-9876543214003.cnf	800	47369	0	0	0	0	0	0	0	        0.00	        0.00	0	0	SAT	        0.22
41	cadical_v21	5	320	C:/Users/cball/OneDrive/Documentos/Pessoal/ITA/SAT/Competições/SATRace2015-Sample/Benchmark/complete-500-0.1-15-98765432150015.cnf	1000	74037	0	0	0	0	0	0	0	        0.00	        0.00	0	0	SAT	        0.38
42	cadical_v21	5	320	C:/Users/cball/OneDrive/Documentos/Pessoal/ITA/SAT/Competições/SATRace2015-Sample/Benchmark/countbitssrl032.cnf	18607	55722	395706	388594	786351	156430399	16834	15974	860	       33.43	       -0.08	1372	205096	UNSAT	       75.16
43	cadical_v21	5	320	C:/Users/cball/OneDrive/Documentos/Pessoal/ITA/SAT/Competições/SATRace2015-Sample/Benchmark/dated-10-17-u.cnf	229544	1051601	5645439	5529980	9225417	915144264	206245	193129	13116	       26.86	       -0.06	21300	2558950	UNSAT	      684.38
44	cadical_v21	5	320	C:/Users/cball/OneDrive/Documentos/Pessoal/ITA/SAT/Competições/SATRace2015-Sample/Benchmark/dated-5-13-u.cnf	138808	614789	11243528	11062910	16386043	1154466160	404223	376696	27527	       27.99	       -0.05	44869	4501006	UNSAT	     1780.11
45	cadical_v21	5	320	C:/Users/cball/OneDrive/Documentos/Pessoal/ITA/SAT/Competições/SATRace2015-Sample/Benchmark/dimacs.cnf	2835	9746	2903621	2853198	6133529	418585521	152593	145158	7435	       28.80	       -0.07	12061	975158	UNSAT	     2050.55
46	cadical_v21	5	320	C:/Users/cball/OneDrive/Documentos/Pessoal/ITA/SAT/Competições/SATRace2015-Sample/Benchmark/grieu-vmpc-31.cnf	961	146909	7453049	7177564	16774781	857457360	267155	252395	14760	       49.17	       -0.07	22858	7172262	SAT	     2433.48
47	cadical_v21	5	320	C:/Users/cball/OneDrive/Documentos/Pessoal/ITA/SAT/Competições/SATRace2015-Sample/Benchmark/group_mulr.cnf	1052072	4612280	5009	4877	33066	6543086	43	36	7	       27.04	       -0.12	14	26336	UNSAT	       41.58
48	cadical_v21	5	320	C:/Users/cball/OneDrive/Documentos/Pessoal/ITA/SAT/Competições/SATRace2015-Sample/Benchmark/gss-19-s100.cnf	31435	94348	78495	78393	81603	388168732	2411	2194	217	       31.46	       -0.00	345	30677	SAT	       95.17
49	cadical_v21	5	320	C:/Users/cball/OneDrive/Documentos/Pessoal/ITA/SAT/Competições/SATRace2015-Sample/Benchmark/hitag2-10-60-0-0x8edc44db7837bbf-65.cnf	2271	30201	9814480	9755080	13294521	557941499	440892	420115	20777	       20.31	       -0.04	33876	4292967	UNSAT	     2762.17
50	cadical_v21	5	320	C:/Users/cball/OneDrive/Documentos/Pessoal/ITA/SAT/Competições/SATRace2015-Sample/Benchmark/hitag2-10-60-0-0xe14721bd199894a-99.cnf	2294	30304	14688583	14612913	18022815	753488142	455843	411638	44205	       21.12	       -0.02	71962	4321780	UNSAT	     4046.67
51	cadical_v21	5	320	C:/Users/cball/OneDrive/Documentos/Pessoal/ITA/SAT/Competições/SATRace2015-Sample/Benchmark/hwmcc10-timeframe-expansion-k45-pdtvisns3p02-tseitin.cnf	163622	488118	1773593	1729427	7937168	769767712	122066	118884	3182	       31.19	       -0.16	5235	1269856	UNSAT	      469.11
52	cadical_v21	5	320	C:/Users/cball/OneDrive/Documentos/Pessoal/ITA/SAT/Competições/SATRace2015-Sample/Benchmark/hwmcc10-timeframe-expansion-k50-pdtvisns3p00-tseitin.cnf	183325	546912	4483502	4392220	14631560	1593884011	190711	177688	13023	       36.77	       -0.11	21222	2085345	UNSAT	     1264.83
53	cadical_v21	5	320	C:/Users/cball/OneDrive/Documentos/Pessoal/ITA/SAT/Competições/SATRace2015-Sample/Benchmark/itox_vc1130.cnf	152428	429691	1181	1139	36385	1380077	24	24	0	       18.78	       -0.24	1	10479	SAT	        1.28
54	cadical_v21	5	320	C:/Users/cball/OneDrive/Documentos/Pessoal/ITA/SAT/Competições/SATRace2015-Sample/Benchmark/jgiraldezlevy.2200.9086.08.40.149.cnf	2200	9086	2211991	2153609	5395631	399939698	122034	117955	4079	       25.69	       -0.10	6623	1130454	SAT	      452.83
55	cadical_v21	5	320	C:/Users/cball/OneDrive/Documentos/Pessoal/ITA/SAT/Competições/SATRace2015-Sample/Benchmark/jgiraldezlevy.2200.9086.08.40.2.cnf	2200	9086	3203187	3131155	6687069	563404351	127394	118707	8687	       28.90	       -0.08	14210	1109434	SAT	      691.91
56	cadical_v21	5	320	C:/Users/cball/OneDrive/Documentos/Pessoal/ITA/SAT/Competições/SATRace2015-Sample/Benchmark/jgiraldezlevy.2200.9086.08.40.28.cnf	2200	9086	743003	722422	2118027	139839543	41489	39599	1890	       29.30	       -0.11	3100	263166	SAT	       95.47
57	cadical_v21	5	320	C:/Users/cball/OneDrive/Documentos/Pessoal/ITA/SAT/Competições/SATRace2015-Sample/Benchmark/jgiraldezlevy.2200.9086.08.40.83.cnf	2200	9086	4009255	3917388	7975249	711776683	129197	116743	12454	       30.82	       -0.07	20394	1133102	SAT	      889.80
58	cadical_v21	5	320	C:/Users/cball/OneDrive/Documentos/Pessoal/ITA/SAT/Competições/SATRace2015-Sample/Benchmark/k2fix_gr_rcs_w9.shuffled.cnf	11313	305160	388850	383647	544241	52669837	6514	5624	890	       29.04	       -0.04	1400	222043	UNSAT	       46.58
59	cadical_v21	5	320	C:/Users/cball/OneDrive/Documentos/Pessoal/ITA/SAT/Competições/SATRace2015-Sample/Benchmark/manol-pipe-c10nid_i.cnf	252516	750876	735533	718409	6692600	212395851	31788	30102	1686	       21.53	       -0.15	2878	1523283	UNSAT	      100.95
60	cadical_v21	5	320	C:/Users/cball/OneDrive/Documentos/Pessoal/ITA/SAT/Competições/SATRace2015-Sample/Benchmark/manthey_DimacsSorterHalf_30_0.cnf	3612	11612	12048	11750	24912	4904107	441	404	37	       40.21	       -0.08	59	4305	SAT	        1.28
61	cadical_v21	5	320	C:/Users/cball/OneDrive/Documentos/Pessoal/ITA/SAT/Competições/SATRace2015-Sample/Benchmark/manthey_DimacsSorterHalf_35_9.cnf	8300	28853	6636544	6516007	11381835	2028274644	267415	253835	13580	       42.90	       -0.06	21754	3343560	SAT	     1748.75
62	cadical_v21	5	320	C:/Users/cball/OneDrive/Documentos/Pessoal/ITA/SAT/Competições/SATRace2015-Sample/Benchmark/manthey_DimacsSorterHalf_37_6.cnf	7665	26841	2625866	2572451	5294791	885989028	85155	78724	6431	       65.15	       -0.06	10199	1203028	SAT	      513.80
63	cadical_v21	5	320	C:/Users/cball/OneDrive/Documentos/Pessoal/ITA/SAT/Competições/SATRace2015-Sample/Benchmark/manthey_DimacsSorter_28_0.cnf	3986	13057	2186	2116	4226	1954599	80	76	4	       27.78	       -0.07	8	778	SAT	        0.33
64	cadical_v21	5	320	C:/Users/cball/OneDrive/Documentos/Pessoal/ITA/SAT/Competições/SATRace2015-Sample/Benchmark/manthey_DimacsSorter_30_6.cnf	3638	11677	62400	61173	104666	18398347	1849	1643	206	       35.92	       -0.06	331	18060	SAT	        6.30
65	cadical_v21	5	320	C:/Users/cball/OneDrive/Documentos/Pessoal/ITA/SAT/Competições/SATRace2015-Sample/Benchmark/manthey_DimacsSorter_35_8.cnf	7351	24835	8254625	8110082	13693859	2128666130	368378	354564	13814	       39.15	       -0.07	22184	4656898	SAT	     2147.72
66	cadical_v21	5	320	C:/Users/cball/OneDrive/Documentos/Pessoal/ITA/SAT/Competições/SATRace2015-Sample/Benchmark/manthey_single-ordered-initialized-w14-b7.cnf	1225	7028	0	0	0	71	0	0	0	        0.00	        0.00	0	0	SAT	        0.02
67	cadical_v21	5	320	C:/Users/cball/OneDrive/Documentos/Pessoal/ITA/SAT/Competições/SATRace2015-Sample/Benchmark/manthey_single-ordered-initialized-w24-b7.cnf	2940	20028	8009	7844	14680	2365596	225	206	19	       19.97	       -0.06	28	5536	UNSAT	        0.70
68	cadical_v21	5	320	C:/Users/cball/OneDrive/Documentos/Pessoal/ITA/SAT/Competições/SATRace2015-Sample/Benchmark/manthey_single-ordered-initialized-w42-b8.cnf	9072	69944	908208	891543	1380345	384385363	23798	21198	2600	       27.25	       -0.04	4303	339442	UNSAT	      186.86
69	cadical_v21	5	320	C:/Users/cball/OneDrive/Documentos/Pessoal/ITA/SAT/Competições/SATRace2015-Sample/Benchmark/manthey_single-ordered-initialized-w54-b9.cnf	16281	130806	390102	379824	1005821	334184446	13717	12872	845	       38.33	       -0.06	1354	283312	SAT	      116.52
70	cadical_v21	5	320	C:/Users/cball/OneDrive/Documentos/Pessoal/ITA/SAT/Competições/SATRace2015-Sample/Benchmark/minandmaxor128.cnf	249327	746442	2093204	2022118	17133190	2080041624	88165	84962	3203	       66.48	       -0.14	5389	2663445	UNSAT	      729.11
71	cadical_v21	5	320	C:/Users/cball/OneDrive/Documentos/Pessoal/ITA/SAT/Competições/SATRace2015-Sample/Benchmark/minxorminand064.cnf	40042	119355	683718	658139	4030260	74436641	22005	20257	1748	       71.79	       -0.07	2769	1312648	UNSAT	       71.70
72	cadical_v21	5	320	C:/Users/cball/OneDrive/Documentos/Pessoal/ITA/SAT/Competições/SATRace2015-Sample/Benchmark/mrpp_4x4#4_4.cnf	748	3763	267	261	535	5685	0	0	0	        3.21	       -0.16	0	520	UNSAT	        0.00
73	cadical_v21	5	320	C:/Users/cball/OneDrive/Documentos/Pessoal/ITA/SAT/Competições/SATRace2015-Sample/Benchmark/mrpp_4x4#6_16.cnf	3328	17780	9143	8768	120736	1068409	710	701	9	        8.41	       -0.28	23	19391	SAT	        0.41
74	cadical_v21	5	320	C:/Users/cball/OneDrive/Documentos/Pessoal/ITA/SAT/Competições/SATRace2015-Sample/Benchmark/mrpp_6x6#12_8.cnf	3893	25257	20	19	26	614	0	0	0	        1.63	       -0.21	0	17	UNSAT	        0.03
75	cadical_v21	5	320	C:/Users/cball/OneDrive/Documentos/Pessoal/ITA/SAT/Competições/SATRace2015-Sample/Benchmark/mrpp_6x6#20_10.cnf	5291	41200	362868	353359	1038057	27412981	23232	22469	763	       23.08	       -0.15	1277	178348	UNSAT	       25.80
76	cadical_v21	5	320	C:/Users/cball/OneDrive/Documentos/Pessoal/ITA/SAT/Competições/SATRace2015-Sample/Benchmark/mrpp_8x8#24_24.cnf	22022	169452	8237192	7949421	90032653	979829001	415647	407013	8634	       21.54	       -0.21	17079	21482774	SAT	     1392.75
77	cadical_v21	5	320	C:/Users/cball/OneDrive/Documentos/Pessoal/ITA/SAT/Competições/SATRace2015-Sample/Benchmark/openstacks-p30_3.085-SAT.cnf	324116	1430857	193107	181460	2258266	620423051	3586	3123	463	     5458.08	       -0.07	775	230429	SAT	      654.55
78	cadical_v21	5	320	C:/Users/cball/OneDrive/Documentos/Pessoal/ITA/SAT/Competições/SATRace2015-Sample/Benchmark/partial-10-11-s.cnf	189456	835269	213735	191125	2068522	509606384	6674	6033	641	      447.82	       -0.10	1023	150165	SAT	      156.48
79	cadical_v21	5	320	C:/Users/cball/OneDrive/Documentos/Pessoal/ITA/SAT/Competições/SATRace2015-Sample/Benchmark/partial-5-17-s.cnf	252328	1169811	6630058	6325611	73765617	10583517147	286604	272798	13806	      244.91	       -0.10	21953	4674424	IND	     4998.89
80	cadical_v21	5	320	C:/Users/cball/OneDrive/Documentos/Pessoal/ITA/SAT/Competições/SATRace2015-Sample/Benchmark/post-c32s-ss-8.cnf	53752	135726	620781	605261	3010315	149023271	24215	22975	1240	       19.07	       -0.13	2085	831498	UNSAT	       46.27
81	cadical_v21	5	320	C:/Users/cball/OneDrive/Documentos/Pessoal/ITA/SAT/Competições/SATRace2015-Sample/Benchmark/post-cbmc-aes-d-r2-noholes.cnf	276895	1356467	1113907	1109381	3573245	55889206	40587	36522	4065	       14.18	       -0.06	6104	527517	UNSAT	      121.77
82	cadical_v21	5	320	C:/Users/cball/OneDrive/Documentos/Pessoal/ITA/SAT/Competições/SATRace2015-Sample/Benchmark/post-cbmc-aes-d-r2.cnf	279119	1356467	1073775	1069585	3447520	56513065	38367	34326	4041	       15.80	       -0.05	6080	487361	UNSAT	      122.19
83	cadical_v21	5	320	C:/Users/cball/OneDrive/Documentos/Pessoal/ITA/SAT/Competições/SATRace2015-Sample/Benchmark/q_query_3_L200_coli.sat.cnf	670867	3355019	369677	363283	917370	491905543	17433	16687	746	       27.23	       -0.11	1261	337232	UNSAT	      185.48
84	cadical_v21	5	320	C:/Users/cball/OneDrive/Documentos/Pessoal/ITA/SAT/Competições/SATRace2015-Sample/Benchmark/q_query_3_L80_coli.sat.cnf	250567	1108439	328619	322836	816073	180838145	15401	14640	761	       28.53	       -0.11	1275	159429	UNSAT	       64.45
85	cadical_v21	5	320	C:/Users/cball/OneDrive/Documentos/Pessoal/ITA/SAT/Competições/SATRace2015-Sample/Benchmark/transport-transport-city-sequential-25nodes-1000size-3degree-100mindistance-3trucks-10packages-2008seed.040-NOTKNOWN.cnf	482210	2306140	365357	306637	7074646	808544459	5079	4131	948	     1293.41	       -0.07	1429	990876	SAT	      446.41
86	cadical_v21	5	320	C:/Users/cball/OneDrive/Documentos/Pessoal/ITA/SAT/Competições/SATRace2015-Sample/Benchmark/transport-transport-city-sequential-35nodes-1000size-4degree-100mindistance-4trucks-14packages-2008seed.040-NOTKNOWN.cnf	1260306	6039417	2445920	1922045	49282355	9926962180	20953	15887	5066	     2211.65	       -0.07	7991	7165635	IND	     4999.03
87	cadical_v21	5	320	C:/Users/cball/OneDrive/Documentos/Pessoal/ITA/SAT/Competições/SATRace2015-Sample/Benchmark/velev-vliw-uns-2.0-uq5.cnf	151669	2465730	410183	397223	9948924	587908758	19773	18998	775	       58.96	       -0.12	1287	2102965	UNSAT	      198.31
88	cadical_v21	5	320	C:/Users/cball/OneDrive/Documentos/Pessoal/ITA/SAT/Competições/SATRace2015-Sample/Benchmark/velev-vliw-uns-4.0-9-i1.cnf	154309	3230737	1283713	1243204	18170785	1726442324	46427	43150	3277	       75.79	       -0.11	5325	4253229	UNSAT	      512.67
89	cadical_v21	5	320	C:/Users/cball/OneDrive/Documentos/Pessoal/ITA/SAT/Competições/SATRace2015-Sample/Benchmark/vmpc_29.cnf	841	120147	6459375	6236202	13429938	682975314	216024	201250	14774	       44.85	       -0.06	22870	5359934	SAT	     1906.30
90	cadical_v21	5	320	C:/Users/cball/OneDrive/Documentos/Pessoal/ITA/SAT/Competições/SATRace2015-Sample/Benchmark/vmpc_33.cnf	1089	177375	12633249	12189832	26929894	1635791241	329558	290131	39427	       56.11	       -0.06	60662	8626890	IND	     4999.77
