ID	version	restart base fast	restart base slow	file	vars	clauses	conflicts	learned	decisions	propagations	restarts	restarts unstable	restarts stable	learned avg. size	learnt stack avg	learnt stack stable counter	learnt stack unstable counter	answer	cpu time
1	cadical_v21	5	320	C:/Users/cball/OneDrive/Documentos/Pessoal/ITA/SAT/Competições/SATRace2019/Benchmark/001-80-12-sc2014.cnf	13408	309430	3353860	3265845	65830811	624698691	140335	133188	7147	       59.89	       -0.21	13178	10130899	SAT	      559.26
2	cadical_v21	5	320	C:/Users/cball/OneDrive/Documentos/Pessoal/ITA/SAT/Competições/SATRace2019/Benchmark/002-80-8-sc2014.cnf	13408	309437	3319432	3237158	56010541	554574871	131361	123958	7403	       65.68	       -0.19	13315	10011847	SAT	      494.59
3	cadical_v21	5	320	C:/Users/cball/OneDrive/Documentos/Pessoal/ITA/SAT/Competições/SATRace2019/Benchmark/002-sc2013.cnf	4128	72562	17531369	17097581	180653380	2280884979	551049	495276	55773	      106.47	       -0.14	88526	21944286	IND	     4995.73
4	cadical_v21	5	320	C:/Users/cball/OneDrive/Documentos/Pessoal/ITA/SAT/Competições/SATRace2019/Benchmark/003-sc2013.cnf	4288	76700	13430137	13075629	169520307	1853188430	454341	414020	40321	      106.83	       -0.16	64227	22147549	SAT	     3395.94
5	cadical_v21	5	320	C:/Users/cball/OneDrive/Documentos/Pessoal/ITA/SAT/Competições/SATRace2019/Benchmark/004-22-160-sc2014.cnf	4128	72564	17622992	17187992	179750484	2285719895	556326	499672	56654	      106.54	       -0.14	89388	22106132	IND	     4996.17
6	cadical_v21	5	320	C:/Users/cball/OneDrive/Documentos/Pessoal/ITA/SAT/Competições/SATRace2019/Benchmark/004-80-8-sc2014.cnf	13408	309439	3105518	3020583	59207308	555025237	126781	120449	6332	       62.77	       -0.21	11606	10226340	SAT	      507.06
7	cadical_v21	5	320	C:/Users/cball/OneDrive/Documentos/Pessoal/ITA/SAT/Competições/SATRace2019/Benchmark/004-sc2013.cnf	4128	72571	14940947	14572546	166944102	2022878276	472914	423354	49560	      114.39	       -0.15	77965	20264331	SAT	     3990.84
8	cadical_v21	5	320	C:/Users/cball/OneDrive/Documentos/Pessoal/ITA/SAT/Competições/SATRace2019/Benchmark/006-23-96-sc2014.cnf	4288	76698	16853175	16425031	190025662	2226911826	497180	446527	50653	      100.60	       -0.15	83514	24132196	IND	     4993.78
9	cadical_v21	5	320	C:/Users/cball/OneDrive/Documentos/Pessoal/ITA/SAT/Competições/SATRace2019/Benchmark/007-sc2013.cnf	4128	72567	10706180	10395058	145850513	1490509447	447464	420586	26878	       89.29	       -0.18	42609	19208097	SAT	     2876.65
10	cadical_v21	5	320	C:/Users/cball/OneDrive/Documentos/Pessoal/ITA/SAT/Competições/SATRace2019/Benchmark/008-80-8-sc2014.cnf	13408	309438	2918444	2836911	59147176	531066348	128237	122006	6231	       62.27	       -0.22	10926	10107669	SAT	      459.05
11	cadical_v21	5	320	C:/Users/cball/OneDrive/Documentos/Pessoal/ITA/SAT/Competições/SATRace2019/Benchmark/11pipe_11_ooo-sc2011.cnf	88289	4187682	4384572	4216191	36721094	6687721483	114913	101610	13303	      158.89	       -0.09	21475	9825585	UNSAT	     1840.05
12	cadical_v21	5	320	C:/Users/cball/OneDrive/Documentos/Pessoal/ITA/SAT/Competições/SATRace2019/Benchmark/20180322_164224543_p_cnf_320_1120-sc2018.cnf	320	1120	3321169	3246654	5942565	142894103	88740	79472	9268	       24.97	       -0.05	15150	1178984	SAT	      545.36
13	cadical_v21	5	320	C:/Users/cball/OneDrive/Documentos/Pessoal/ITA/SAT/Competições/SATRace2019/Benchmark/20180326_095804936_p_cnf_320_1120-sc2018.cnf	320	1120	1128090	1101737	1975150	49839855	27932	24624	3308	       24.63	       -0.05	5358	391850	SAT	      108.45
14	cadical_v21	5	320	C:/Users/cball/OneDrive/Documentos/Pessoal/ITA/SAT/Competições/SATRace2019/Benchmark/24.4-sc2017.cnf	4448	80690	18528353	18041502	195874246	2357423523	598278	547824	50454	       92.08	       -0.16	83319	25222649	IND	     4999.77
15	cadical_v21	5	320	C:/Users/cball/OneDrive/Documentos/Pessoal/ITA/SAT/Competições/SATRace2019/Benchmark/26_stack_cas_longest_true-unreach-call.i-cbmc-u2-sc2016.cnf	7807714	35974300	1322	1222	2744543	33737143	70	70	0	       15.74	       -0.27	2	13679	SAT	      136.59
16	cadical_v21	5	320	C:/Users/cball/OneDrive/Documentos/Pessoal/ITA/SAT/Competições/SATRace2019/Benchmark/289-unsat-21x14-sc2011.cnf	1176	78498	45746375	44531717	208929645	1339143550	1019778	914403	105375	       61.12	       -0.09	177387	24849807	IND	     4999.55
17	cadical_v21	5	320	C:/Users/cball/OneDrive/Documentos/Pessoal/ITA/SAT/Competições/SATRace2019/Benchmark/58bits_13.dimacs-sr2015.cnf	1097	23771	9271286	9186607	19309985	1076721694	485695	465811	19884	       33.71	       -0.07	31319	4396277	IND	     4998.39
18	cadical_v21	5	320	C:/Users/cball/OneDrive/Documentos/Pessoal/ITA/SAT/Competições/SATRace2019/Benchmark/6-4-6-sc2018.cnf	15320	245163	9325756	9163644	33060164	3411419855	493982	474932	19050	       58.22	       -0.11	30646	5155641	IND	     4999.62
19	cadical_v21	5	320	C:/Users/cball/OneDrive/Documentos/Pessoal/ITA/SAT/Competições/SATRace2019/Benchmark/62bits_14.dimacs-sr2015.cnf	1164	28980	10270714	10182191	21304159	1131278161	501418	476415	25003	       33.71	       -0.07	39436	4397864	IND	     4999.73
20	cadical_v21	5	320	C:/Users/cball/OneDrive/Documentos/Pessoal/ITA/SAT/Competições/SATRace2019/Benchmark/6s126-opt-sc2014.cnf	578891	1735495	9502219	9129348	77824161	2828611980	298824	280787	18037	       58.88	       -0.15	30230	23162288	UNSAT	     1593.41
21	cadical_v21	5	320	C:/Users/cball/OneDrive/Documentos/Pessoal/ITA/SAT/Competições/SATRace2019/Benchmark/6s133-sc2014.cnf	48258	140967	2016498	1986720	10730573	375929876	141124	137947	3177	       21.84	       -0.13	5233	1848824	UNSAT	      251.77
22	cadical_v21	5	320	C:/Users/cball/OneDrive/Documentos/Pessoal/ITA/SAT/Competições/SATRace2019/Benchmark/6s139-sc2013.cnf	508510	1464738	1659167	1637553	422685884	4188472720	72404	70499	1905	       24.90	       -0.16	3987	231603110	UNSAT	     1249.83
23	cadical_v21	5	320	C:/Users/cball/OneDrive/Documentos/Pessoal/ITA/SAT/Competições/SATRace2019/Benchmark/6s166-sc2013.cnf	5448	15992	547789	540073	1265991	58501073	24118	23026	1092	       24.96	       -0.08	1714	310351	UNSAT	       39.64
24	cadical_v21	5	320	C:/Users/cball/OneDrive/Documentos/Pessoal/ITA/SAT/Competições/SATRace2019/Benchmark/6s169-opt-sc2014.cnf	6061	17574	327696	323278	816517	28336761	15701	14875	826	       21.44	       -0.09	1339	149364	UNSAT	       16.80
25	cadical_v21	5	320	C:/Users/cball/OneDrive/Documentos/Pessoal/ITA/SAT/Competições/SATRace2019/Benchmark/6s20-sc2013.cnf	58614	175092	3618724	3546730	8859650	1847977924	129672	118707	10965	       33.25	       -0.08	17731	1502766	UNSAT	      790.70
26	cadical_v21	5	320	C:/Users/cball/OneDrive/Documentos/Pessoal/ITA/SAT/Competições/SATRace2019/Benchmark/9_50-sc2017.cnf	1458	30499	6654302	6534903	14620607	385120736	302211	289330	12881	       43.87	       -0.08	21085	3380419	SAT	     1377.27
27	cadical_v21	5	320	C:/Users/cball/OneDrive/Documentos/Pessoal/ITA/SAT/Competições/SATRace2019/Benchmark/9dlx_vliw_at_b_iq8-sc2007.cnf	371419	7170905	1100867	1069598	27757771	2467018719	38793	35468	3325	       86.69	       -0.10	5370	4054033	UNSAT	     1013.76
28	cadical_v21	5	320	C:/Users/cball/OneDrive/Documentos/Pessoal/ITA/SAT/Competições/SATRace2019/Benchmark/9pipe_k-sc2012.cnf	49112	2317836	291475	283783	2231197	322723520	7495	6649	846	      188.67	       -0.08	1358	548429	UNSAT	      169.25
29	cadical_v21	5	320	C:/Users/cball/OneDrive/Documentos/Pessoal/ITA/SAT/Competições/SATRace2019/Benchmark/ACG-20-10p1-sc2009.cnf	381708	1619095	594302	494125	4602904	4976349167	20206	19014	1192	      211.15	       -0.11	1940	621263	SAT	     1162.56
30	cadical_v21	5	320	C:/Users/cball/OneDrive/Documentos/Pessoal/ITA/SAT/Competições/SATRace2019/Benchmark/AProVE07-26-sc2007.cnf	21734	78990	20025086	19732956	75073947	3629851061	810530	756196	54334	       53.72	       -0.10	87100	10118384	IND	     4999.84
31	cadical_v21	5	320	C:/Users/cball/OneDrive/Documentos/Pessoal/ITA/SAT/Competições/SATRace2019/Benchmark/ASG_72_keystream76_1.cnf	3426	15230	6799959	6799791	6820638	2103639804	257333	243613	13720	       19.46	       -0.00	21942	3420063	SAT	      984.76
32	cadical_v21	5	320	C:/Users/cball/OneDrive/Documentos/Pessoal/ITA/SAT/Competições/SATRace2019/Benchmark/ASG_72_keystream76_2.cnf	3426	15230	3421701	3421597	3426872	1364058409	73543	63247	10296	       18.33	       -0.00	16488	1199612	SAT	      509.97
33	cadical_v21	5	320	C:/Users/cball/OneDrive/Documentos/Pessoal/ITA/SAT/Competições/SATRace2019/Benchmark/ASG_96_len112_known_last12_2.cnf	6658	31911	3769057	3768386	3787076	2709700265	111825	99277	12548	       18.13	       -0.00	19790	1080829	SAT	     1061.58
34	cadical_v21	5	320	C:/Users/cball/OneDrive/Documentos/Pessoal/ITA/SAT/Competições/SATRace2019/Benchmark/ASG_96_len112_known_last12_2_u.cnf	6658	31911	3769057	3768386	3787076	2709700265	111825	99277	12548	       18.13	       -0.00	19790	1080829	SAT	     1061.78
35	cadical_v21	5	320	C:/Users/cball/OneDrive/Documentos/Pessoal/ITA/SAT/Competições/SATRace2019/Benchmark/ASG_96_len112_known_last13_2.cnf	6658	31909	1859646	1859023	1871725	1520162094	81840	78268	3572	       19.89	       -0.00	5627	957053	SAT	      576.58
36	cadical_v21	5	320	C:/Users/cball/OneDrive/Documentos/Pessoal/ITA/SAT/Competições/SATRace2019/Benchmark/ASG_96_len112_known_last13_2_u.cnf	6658	31909	1854033	1853406	1868298	1543438956	75286	71927	3359	       17.40	       -0.00	5416	968079	UNSAT	      611.94
37	cadical_v21	5	320	C:/Users/cball/OneDrive/Documentos/Pessoal/ITA/SAT/Competições/SATRace2019/Benchmark/Bibd-sc-10-03-08_c18.cnf	32852	170331	40164	38802	203307	15268701	3437	3355	82	       20.47	       -0.21	142	36701	SAT	        6.69
38	cadical_v21	5	320	C:/Users/cball/OneDrive/Documentos/Pessoal/ITA/SAT/Competições/SATRace2019/Benchmark/CarSequencing-90-01_c18.cnf	66201	915628	183037	176981	2769371	82156577	8671	8385	286	       15.60	       -0.22	587	752918	SAT	       58.95
39	cadical_v21	5	320	C:/Users/cball/OneDrive/Documentos/Pessoal/ITA/SAT/Competições/SATRace2019/Benchmark/CarSequencing-90-02_c18.cnf	48941	552747	140828	135962	3582685	88021831	8894	8757	137	       11.32	       -0.27	311	670189	SAT	       34.05
40	cadical_v21	5	320	C:/Users/cball/OneDrive/Documentos/Pessoal/ITA/SAT/Competições/SATRace2019/Benchmark/EDP3-70000-sc2014.cnf	708290	5425469	3551033	3401612	46687957	6058685652	102364	93234	9130	      367.00	       -0.17	15716	6496029	IND	     4999.44
41	cadical_v21	5	320	C:/Users/cball/OneDrive/Documentos/Pessoal/ITA/SAT/Competições/SATRace2019/Benchmark/Eternity-10-05_c18.cnf	3298	142629	151014	144992	511596	18742544	8983	8683	300	       55.69	       -0.14	501	105065	SAT	       14.65
42	cadical_v21	5	320	C:/Users/cball/OneDrive/Documentos/Pessoal/ITA/SAT/Competições/SATRace2019/Benchmark/Eternity-10-06_c18.cnf	4660	243504	2183495	2110957	5349947	389023891	78397	74608	3789	      120.08	       -0.08	6246	1562922	SAT	      602.47
43	cadical_v21	5	320	C:/Users/cball/OneDrive/Documentos/Pessoal/ITA/SAT/Competições/SATRace2019/Benchmark/GracefulGraph-K04-P04_c18.cnf	2692	79064	692301	677186	2033770	86236238	31790	30218	1572	       61.00	       -0.12	2632	417320	SAT	       82.78
44	cadical_v21	5	320	C:/Users/cball/OneDrive/Documentos/Pessoal/ITA/SAT/Competições/SATRace2019/Benchmark/GracefulGraph-K05-P02_c18.cnf	1385	27650	58667	57333	142755	6720593	2220	2041	179	       37.70	       -0.10	295	26224	SAT	        4.09
45	cadical_v21	5	320	C:/Users/cball/OneDrive/Documentos/Pessoal/ITA/SAT/Competições/SATRace2019/Benchmark/Grain_no_init_ver1_out200_known_last104_0.cnf	2425	23118	11840125	11820466	13323460	1113799061	424160	391110	33050	       20.99	       -0.02	52213	4438394	SAT	     1590.89
46	cadical_v21	5	320	C:/Users/cball/OneDrive/Documentos/Pessoal/ITA/SAT/Competições/SATRace2019/Benchmark/Grain_no_init_ver1_out200_known_last104_0_u.cnf	2425	23064	24435706	24399481	25347231	1374721181	935913	880563	55350	       20.18	       -0.01	88188	11247308	UNSAT	     3141.89
47	cadical_v21	5	320	C:/Users/cball/OneDrive/Documentos/Pessoal/ITA/SAT/Competições/SATRace2019/Benchmark/Grain_no_init_ver1_out200_known_last105_0.cnf	2425	23032	24422258	24394927	25663335	1420974239	846969	790888	56081	       21.78	       -0.01	88918	11439712	SAT	     3304.42
48	cadical_v21	5	320	C:/Users/cball/OneDrive/Documentos/Pessoal/ITA/SAT/Competições/SATRace2019/Benchmark/Grain_no_init_ver1_out200_known_last105_0_u.cnf	2425	23034	16564047	16536487	17986614	950780428	468752	413130	55622	       18.20	       -0.01	88447	4591273	UNSAT	     1994.44
49	cadical_v21	5	320	C:/Users/cball/OneDrive/Documentos/Pessoal/ITA/SAT/Competições/SATRace2019/Benchmark/Haystacks-ext-12_c18.cnf	1728	19526	4807160	4784568	5363672	58444348	141552	124597	16955	       42.21	       -0.02	25068	1772845	UNSAT	      398.20
50	cadical_v21	5	320	C:/Users/cball/OneDrive/Documentos/Pessoal/ITA/SAT/Competições/SATRace2019/Benchmark/Haystacks-ext-13_c18.cnf	2197	26977	35932096	35738845	39389150	427643557	1480336	1394509	85827	       48.80	       -0.02	127694	18317991	IND	     4998.53
51	cadical_v21	5	320	C:/Users/cball/OneDrive/Documentos/Pessoal/ITA/SAT/Competições/SATRace2019/Benchmark/IBM_FV_20002_31_1_rule_1_SAT_dat.k95-sc2007.cnf	141985	634173	11582507	11331483	52942171	7162237347	505351	476711	28640	       60.43	       -0.12	47021	7195973	IND	     4993.33
52	cadical_v21	5	320	C:/Users/cball/OneDrive/Documentos/Pessoal/ITA/SAT/Competições/SATRace2019/Benchmark/IBM_FV_2004_rule_batch_2_31_2_SAT_dat.k45.debugged-sc2012.cnf	59794	243931	10598781	10421071	32829592	2868043142	507248	483073	24175	       57.23	       -0.10	39600	4873397	IND	     4998.69
53	cadical_v21	5	320	C:/Users/cball/OneDrive/Documentos/Pessoal/ITA/SAT/Competições/SATRace2019/Benchmark/LABS_n066_goal005-sc2013.cnf	152376	308482	4551976	4498538	13936518	16084755037	170407	156483	13924	       44.94	       -0.06	22114	1647174	IND	     4997.50
54	cadical_v21	5	320	C:/Users/cball/OneDrive/Documentos/Pessoal/ITA/SAT/Competições/SATRace2019/Benchmark/LABS_n071_goal001-sc2013.cnf	189982	384580	1982501	1943338	4110568	7800742562	91603	88297	3306	       30.23	       -0.08	5359	1296042	UNSAT	     2581.50
55	cadical_v21	5	320	C:/Users/cball/OneDrive/Documentos/Pessoal/ITA/SAT/Competições/SATRace2019/Benchmark/LABS_n087_goal008-sc2013.cnf	335424	950345	464648	456309	2938929	4747376779	28967	28080	887	       48.96	       -0.11	1398	312384	SAT	     1266.50
56	cadical_v21	5	320	C:/Users/cball/OneDrive/Documentos/Pessoal/ITA/SAT/Competições/SATRace2019/Benchmark/LABS_n089_goal008-sc2013.cnf	351053	1039313	1912021	1877237	12459491	18415153221	123815	120428	3387	       47.87	       -0.12	5436	1230786	IND	     4999.69
57	cadical_v21	5	320	C:/Users/cball/OneDrive/Documentos/Pessoal/ITA/SAT/Competições/SATRace2019/Benchmark/MASG0_72_keystream76_0.cnf	3426	20454	18399029	18398977	18406454	12479209635	434270	376350	57920	       14.15	       -0.00	90764	6382907	SAT	     3298.56
58	cadical_v21	5	320	C:/Users/cball/OneDrive/Documentos/Pessoal/ITA/SAT/Competições/SATRace2019/Benchmark/MASG_72_keystream76_0.cnf	3426	20302	17913248	17912864	17937237	14299840499	361101	305219	55882	       16.57	       -0.00	88770	6110724	SAT	     4204.08
59	cadical_v21	5	320	C:/Users/cball/OneDrive/Documentos/Pessoal/ITA/SAT/Competições/SATRace2019/Benchmark/MD5-29-4-sc2014.cnf	8590	65144	16542911	16108231	190418305	2752818091	428331	380882	47449	      101.89	       -0.15	80365	23035644	IND	     4999.80
60	cadical_v21	5	320	C:/Users/cball/OneDrive/Documentos/Pessoal/ITA/SAT/Competições/SATRace2019/Benchmark/MD5-29-5-sc2014.cnf	8591	65154	16688147	16244196	194989589	2749207927	437639	390426	47213	       95.34	       -0.15	80131	23564718	IND	     4996.77
61	cadical_v21	5	320	C:/Users/cball/OneDrive/Documentos/Pessoal/ITA/SAT/Competições/SATRace2019/Benchmark/MM-22.cnf	24975	111780	26740731	26126838	348269301	6525544845	1572025	1525225	46800	       61.60	       -0.15	79759	25643269	IND	     4997.23
62	cadical_v21	5	320	C:/Users/cball/OneDrive/Documentos/Pessoal/ITA/SAT/Competições/SATRace2019/Benchmark/MM-23-2-2-2-2-3.cnf	26541	117126	24798700	24367320	227207775	4757773676	1101701	1051040	50661	       62.97	       -0.13	83552	23498438	IND	     4999.81
63	cadical_v21	5	320	C:/Users/cball/OneDrive/Documentos/Pessoal/ITA/SAT/Competições/SATRace2019/Benchmark/MM-23-2-2-2-2-A.cnf	26541	117126	27557099	27043210	287660302	5659729711	1389733	1339447	50286	       60.07	       -0.14	83184	29283059	IND	     4999.70
64	cadical_v21	5	320	C:/Users/cball/OneDrive/Documentos/Pessoal/ITA/SAT/Competições/SATRace2019/Benchmark/MM-23-2-2-2-2-B.cnf	26541	117126	24849025	24404751	239804294	4971319222	1157733	1106744	50989	       63.64	       -0.14	83869	24333316	IND	     4999.67
65	cadical_v21	5	320	C:/Users/cball/OneDrive/Documentos/Pessoal/ITA/SAT/Competições/SATRace2019/Benchmark/MM-23-2-2-2-2-C.cnf	26541	117126	24800446	24355416	236353572	4883430117	1123026	1072166	50860	       63.27	       -0.13	83746	24221867	IND	     4999.77
66	cadical_v21	5	320	C:/Users/cball/OneDrive/Documentos/Pessoal/ITA/SAT/Competições/SATRace2019/Benchmark/MM-23-2-2-2-2-D.cnf	26541	117126	24454516	24021372	221007783	4733876835	1037074	986573	50501	       64.59	       -0.13	83392	23943597	IND	     4999.59
67	cadical_v21	5	320	C:/Users/cball/OneDrive/Documentos/Pessoal/ITA/SAT/Competições/SATRace2019/Benchmark/MM-23-2-2-2-2-M.cnf	26541	117126	24963351	24514573	238814098	4918235042	1133856	1083504	50352	       62.47	       -0.13	83251	24423782	IND	     4999.61
68	cadical_v21	5	320	C:/Users/cball/OneDrive/Documentos/Pessoal/ITA/SAT/Competições/SATRace2019/Benchmark/MM-23-2-2-2-3-4.cnf	26541	117126	22532211	22160535	193489167	4288048119	953717	901738	51979	       67.40	       -0.12	84840	18738533	IND	     4999.64
69	cadical_v21	5	320	C:/Users/cball/OneDrive/Documentos/Pessoal/ITA/SAT/Competições/SATRace2019/Benchmark/MM-23-2-2-2-4-A.cnf	26541	117126	25422684	24975155	238975315	4937630225	1157387	1106251	51136	       62.63	       -0.13	84018	24836333	IND	     4999.70
70	cadical_v21	5	320	C:/Users/cball/OneDrive/Documentos/Pessoal/ITA/SAT/Competições/SATRace2019/Benchmark/MM-23-2-2-2-4-B.cnf	26541	117126	24373870	23948512	223367892	4674403337	1073830	1023141	50689	       62.80	       -0.13	83577	22765479	IND	     4997.22
71	cadical_v21	5	320	C:/Users/cball/OneDrive/Documentos/Pessoal/ITA/SAT/Competições/SATRace2019/Benchmark/MM-23-2-2-3-A.cnf	26541	117126	22231381	21840726	190479582	4275329601	887949	836432	51517	       69.66	       -0.12	84387	19120567	IND	     4995.20
72	cadical_v21	5	320	C:/Users/cball/OneDrive/Documentos/Pessoal/ITA/SAT/Competições/SATRace2019/Benchmark/MM-23-2-2-3-B.cnf	26541	117126	20454705	20104457	167814620	3826605085	789085	736908	52177	       72.11	       -0.12	85033	16331513	IND	     4995.02
73	cadical_v21	5	320	C:/Users/cball/OneDrive/Documentos/Pessoal/ITA/SAT/Competições/SATRace2019/Benchmark/MM-23-2-4-A.cnf	26541	117126	22611479	22217992	202556712	4266768349	970156	918522	51634	       65.70	       -0.13	84501	19661771	IND	     4999.31
74	cadical_v21	5	320	C:/Users/cball/OneDrive/Documentos/Pessoal/ITA/SAT/Competições/SATRace2019/Benchmark/MM-23-2-4-B.cnf	26541	117126	24721852	24281630	242339480	4845245219	1168868	1117665	51203	       62.52	       -0.14	84083	23503461	IND	     4999.58
75	cadical_v21	5	320	C:/Users/cball/OneDrive/Documentos/Pessoal/ITA/SAT/Competições/SATRace2019/Benchmark/MM-23-3-3-A.cnf	26541	117126	25473879	25010978	258777591	5121006178	1260367	1209936	50431	       61.41	       -0.14	83326	24912254	IND	     4999.42
76	cadical_v21	5	320	C:/Users/cball/OneDrive/Documentos/Pessoal/ITA/SAT/Competições/SATRace2019/Benchmark/MM-23-3-3-B.cnf	26541	117126	24206976	23769114	220990354	4729265464	1038437	988308	50129	       64.74	       -0.13	83031	23223095	IND	     4999.33
77	cadical_v21	5	320	C:/Users/cball/OneDrive/Documentos/Pessoal/ITA/SAT/Competições/SATRace2019/Benchmark/MM-23-3-3-M.cnf	26541	117126	22697027	22301784	199608190	4319362769	934331	883452	50879	       66.40	       -0.13	83766	20163895	IND	     4999.72
78	cadical_v21	5	320	C:/Users/cball/OneDrive/Documentos/Pessoal/ITA/SAT/Competições/SATRace2019/Benchmark/MM-23-3-3-N.cnf	26541	117126	24399660	23962743	239819096	4833201864	1162308	1111881	50427	       62.55	       -0.14	83323	22977524	IND	     4999.50
79	cadical_v21	5	320	C:/Users/cball/OneDrive/Documentos/Pessoal/ITA/SAT/Competições/SATRace2019/Benchmark/MM-23-4-4-4-4-1.cnf	26541	117126	21245074	20905489	167223828	3907765000	828540	776006	52534	       70.07	       -0.12	85385	16160150	IND	     4999.53
80	cadical_v21	5	320	C:/Users/cball/OneDrive/Documentos/Pessoal/ITA/SAT/Competições/SATRace2019/Benchmark/MM-23-5-A.cnf	26541	117126	23211224	22793581	214247189	4593681182	1020982	970313	50669	       67.16	       -0.13	83553	20727128	IND	     4999.31
81	cadical_v21	5	320	C:/Users/cball/OneDrive/Documentos/Pessoal/ITA/SAT/Competições/SATRace2019/Benchmark/MM-23-5-B.cnf	26541	117126	23488929	23064376	221060997	4658174119	1059927	1009184	50743	       66.35	       -0.13	83628	20956815	IND	     4999.55
82	cadical_v21	5	320	C:/Users/cball/OneDrive/Documentos/Pessoal/ITA/SAT/Competições/SATRace2019/Benchmark/MM-23-no-type3.cnf	26541	117153	26454012	25843169	386308805	7225455152	1689401	1643058	46343	       62.07	       -0.16	79310	23240087	IND	     4999.75
83	cadical_v21	5	320	C:/Users/cball/OneDrive/Documentos/Pessoal/ITA/SAT/Competições/SATRace2019/Benchmark/MUS-v310-4-sc2013.cnf	310	1081	9331986	9167101	14887348	330276031	417158	399112	18046	       17.97	       -0.06	29687	4430375	UNSAT	     2382.69
84	cadical_v21	5	320	C:/Users/cball/OneDrive/Documentos/Pessoal/ITA/SAT/Competições/SATRace2019/Benchmark/Mario-t-hard-2_c18.cnf	35945	1218255	1042	1019	17325	175580	36	36	0	       14.02	       -0.17	1	6689	SAT	        2.73
85	cadical_v21	5	320	C:/Users/cball/OneDrive/Documentos/Pessoal/ITA/SAT/Competições/SATRace2019/Benchmark/Mario-t-hard-5_c18.cnf	35320	1182493	1082	1069	23463	226033	48	47	1	       19.18	       -0.15	2	10249	SAT	        2.69
86	cadical_v21	5	320	C:/Users/cball/OneDrive/Documentos/Pessoal/ITA/SAT/Competições/SATRace2019/Benchmark/Mickey_out250_known_last146_0.cnf	72078	517702	2154090	2115913	14478956	753953542	124969	120795	4174	       28.46	       -0.15	6544	2493188	SAT	      557.26
87	cadical_v21	5	320	C:/Users/cball/OneDrive/Documentos/Pessoal/ITA/SAT/Competições/SATRace2019/Benchmark/Mickey_out250_known_last146_0_u.cnf	72078	517705	2781536	2739269	14862007	1139154638	125025	117556	7469	       28.09	       -0.12	11723	2489013	UNSAT	      772.53
88	cadical_v21	5	320	C:/Users/cball/OneDrive/Documentos/Pessoal/ITA/SAT/Competições/SATRace2019/Benchmark/Mickey_out250_known_last147_0.cnf	72078	517728	589754	578607	3888115	250187373	34437	33094	1343	       28.87	       -0.15	2092	701100	SAT	      138.58
89	cadical_v21	5	320	C:/Users/cball/OneDrive/Documentos/Pessoal/ITA/SAT/Competições/SATRace2019/Benchmark/Mickey_out250_known_last147_0_u.cnf	72078	517728	958150	944986	4263112	443074245	36131	32866	3265	       30.50	       -0.10	5120	689785	UNSAT	      251.89
90	cadical_v21	5	320	C:/Users/cball/OneDrive/Documentos/Pessoal/ITA/SAT/Competições/SATRace2019/Benchmark/Nb51T6-sc2018.cnf	2365527	10508040	840016	830015	1469436	3674549030	26755	24403	2352	       15.47	       -0.06	3856	306359	UNSAT	     2966.70
91	cadical_v21	5	320	C:/Users/cball/OneDrive/Documentos/Pessoal/ITA/SAT/Competições/SATRace2019/Benchmark/Nb7T44-sc2017.cnf	55333	219128	563032	550203	17658179	199693618	40871	39831	1040	       70.66	       -0.17	1711	860870	SAT	      108.39
92	cadical_v21	5	320	C:/Users/cball/OneDrive/Documentos/Pessoal/ITA/SAT/Competições/SATRace2019/Benchmark/Pb-chnl15-16_c18.cnf	480	3632	31201637	30989969	36368449	532138787	1251417	1184757	66660	       65.40	       -0.03	99059	16953336	IND	     4999.56
93	cadical_v21	5	320	C:/Users/cball/OneDrive/Documentos/Pessoal/ITA/SAT/Competições/SATRace2019/Benchmark/Pb-chnl20-21_c18.cnf	840	8442	27508923	27305301	31151481	652384493	805324	738989	66335	      121.04	       -0.03	98740	14875328	IND	     4999.62
94	cadical_v21	5	320	C:/Users/cball/OneDrive/Documentos/Pessoal/ITA/SAT/Competições/SATRace2019/Benchmark/QG7a-gensys-icl001.sat05-3822.reshuffled-07-sc2007.cnf	2441	15733	775359	762528	1206872	52194299	24320	22274	2046	       26.19	       -0.06	3354	321401	UNSAT	       87.59
95	cadical_v21	5	320	C:/Users/cball/OneDrive/Documentos/Pessoal/ITA/SAT/Competições/SATRace2019/Benchmark/QG7a-gensys-ukn002.sat05-3842.reshuffled-07-sc2007.cnf	2935	18371	1741421	1722088	2542138	109108726	65755	62521	3234	       29.37	       -0.05	5286	945663	UNSAT	      355.86
96	cadical_v21	5	320	C:/Users/cball/OneDrive/Documentos/Pessoal/ITA/SAT/Competições/SATRace2019/Benchmark/QuasiGroup-4-10_c18.cnf	3220	59525	9678477	9547896	16680174	2536894016	321653	300167	21486	       56.16	       -0.05	34139	4778885	IND	     4999.38
97	cadical_v21	5	320	C:/Users/cball/OneDrive/Documentos/Pessoal/ITA/SAT/Competições/SATRace2019/Benchmark/QuasiGroup-4-12_c18.cnf	5244	118126	6804328	6674147	18049685	2608282338	222151	208749	13402	       88.56	       -0.07	21603	3925199	SAT	     3067.55
98	cadical_v21	5	320	C:/Users/cball/OneDrive/Documentos/Pessoal/ITA/SAT/Competições/SATRace2019/Benchmark/SAT_dat.k100-sc2012.cnf	349350	1419267	1046862	1020995	3383859	655094097	44756	41760	2996	       28.77	       -0.14	5052	532839	UNSAT	      313.11
99	cadical_v21	5	320	C:/Users/cball/OneDrive/Documentos/Pessoal/ITA/SAT/Competições/SATRace2019/Benchmark/SAT_dat.k85-sc2013.cnf	1376707	5351985	1476108	1433661	6513204	4909501844	96424	93387	3037	       46.90	       -0.16	5090	1137345	UNSAT	     1584.22
100	cadical_v21	5	320	C:/Users/cball/OneDrive/Documentos/Pessoal/ITA/SAT/Competições/SATRace2019/Benchmark/SGI_30_60_24_40_2-dir.shuffled-as.sat03-118-sc2002.cnf	720	58758	4708716	4621775	6327393	260233314	148756	133841	14915	      104.76	       -0.03	23030	1856551	UNSAT	     1675.02
101	cadical_v21	5	320	C:/Users/cball/OneDrive/Documentos/Pessoal/ITA/SAT/Competições/SATRace2019/Benchmark/SGI_30_60_28_40_2-dir.shuffled-as.sat03-124-sc2002.cnf	840	71206	11081994	10863759	14614995	685186326	363857	333709	30148	      119.63	       -0.04	46898	5273775	IND	     4999.45
102	cadical_v21	5	320	C:/Users/cball/OneDrive/Documentos/Pessoal/ITA/SAT/Competições/SATRace2019/Benchmark/Schur_160_5_d38-sc2016.cnf	752	27325	17648725	17209954	30110906	903212072	494915	441492	53423	       43.54	       -0.06	86177	6139207	SAT	     2749.52
103	cadical_v21	5	320	C:/Users/cball/OneDrive/Documentos/Pessoal/ITA/SAT/Competições/SATRace2019/Benchmark/Schur_161_5_d22-sc2016.cnf	773	29353	26277309	25685689	50461826	1394862180	994116	941484	52632	       41.21	       -0.07	85413	13410815	IND	     4999.48
104	cadical_v21	5	320	C:/Users/cball/OneDrive/Documentos/Pessoal/ITA/SAT/Competições/SATRace2019/Benchmark/SocialGolfers-6-6-6-cp_c18.cnf	9188	81017	9978913	9828160	24386898	1692362404	403500	381849	21651	       29.65	       -0.08	35235	5284913	IND	     4999.64
105	cadical_v21	5	320	C:/Users/cball/OneDrive/Documentos/Pessoal/ITA/SAT/Competições/SATRace2019/Benchmark/SocialGolfers-6-6-7-cp_c18.cnf	11244	99730	10451611	10310119	24869847	1956921508	404065	380449	23616	       30.40	       -0.08	38630	5102130	IND	     4998.44
106	cadical_v21	5	320	C:/Users/cball/OneDrive/Documentos/Pessoal/ITA/SAT/Competições/SATRace2019/Benchmark/Subisomorphism-g10-g23_c18.cnf	2309	88734	13666490	13410366	18989506	1085432696	363581	317053	46528	      139.70	       -0.03	70827	5530890	UNSAT	     4182.70
107	cadical_v21	5	320	C:/Users/cball/OneDrive/Documentos/Pessoal/ITA/SAT/Competições/SATRace2019/Benchmark/Subisomorphism-g10-g27_c18.cnf	3191	73950	6790395	6569308	13081665	1000516242	209900	195593	14307	      139.90	       -0.06	22437	5005835	SAT	     1708.20
108	cadical_v21	5	320	C:/Users/cball/OneDrive/Documentos/Pessoal/ITA/SAT/Competições/SATRace2019/Benchmark/T103.2.1-sc2017.cnf	2943830	10335595	363280	345951	5934068	1738066476	20354	19748	606	       31.02	       -0.16	1123	428549	UNSAT	     1041.09
109	cadical_v21	5	320	C:/Users/cball/OneDrive/Documentos/Pessoal/ITA/SAT/Competições/SATRace2019/Benchmark/T169.1.0-sc2017.cnf	1579557	5889425	142585	138679	44919370	498229514	8663	8553	110	       11.62	       -0.22	289	17085104	SAT	      402.66
110	cadical_v21	5	320	C:/Users/cball/OneDrive/Documentos/Pessoal/ITA/SAT/Competições/SATRace2019/Benchmark/Tal-07_c18.cnf	76668	639201	158896	64280	1424838	213685843	1103	841	262	     1867.50	       -0.07	400	237718	SAT	      100.64
111	cadical_v21	5	320	C:/Users/cball/OneDrive/Documentos/Pessoal/ITA/SAT/Competições/SATRace2019/Benchmark/Tal-08_c18.cnf	97675	809532	142341	60235	1737375	206186859	1364	1194	170	     1645.72	       -0.09	276	271284	SAT	       92.53
112	cadical_v21	5	320	C:/Users/cball/OneDrive/Documentos/Pessoal/ITA/SAT/Competições/SATRace2019/Benchmark/TimetableCNFEncoding_5_UNKNOWN-sc2018.cnf	302576	1702428	18235595	17729070	1089498323	12201532476	379948	334957	44991	      101.63	       -0.09	77840	111153469	IND	     4999.09
113	cadical_v21	5	320	C:/Users/cball/OneDrive/Documentos/Pessoal/ITA/SAT/Competições/SATRace2019/Benchmark/Trivium_no_init_out350_known_last142_1.cnf	2187	21358	9412897	9380531	12463500	599512519	462663	442080	20583	       23.93	       -0.03	32451	4293100	SAT	     1877.83
114	cadical_v21	5	320	C:/Users/cball/OneDrive/Documentos/Pessoal/ITA/SAT/Competições/SATRace2019/Benchmark/Trivium_no_init_out350_known_last142_1_u.cnf	2187	21364	16139667	16091150	18930927	1017393145	490766	435897	54869	       23.50	       -0.02	86941	4314053	UNSAT	     3675.12
115	cadical_v21	5	320	C:/Users/cball/OneDrive/Documentos/Pessoal/ITA/SAT/Competições/SATRace2019/Benchmark/Trivium_no_init_out350_known_last143_1.cnf	2187	21286	7650301	7625238	9969549	484758981	403556	389038	14518	       23.26	       -0.03	22710	3893807	SAT	     1441.31
116	cadical_v21	5	320	C:/Users/cball/OneDrive/Documentos/Pessoal/ITA/SAT/Competições/SATRace2019/Benchmark/Trivium_no_init_out350_known_last143_1_u.cnf	2187	21286	8193967	8164415	10527254	510206249	444063	429956	14107	       21.58	       -0.03	22317	4328836	UNSAT	     1469.17
117	cadical_v21	5	320	C:/Users/cball/OneDrive/Documentos/Pessoal/ITA/SAT/Competições/SATRace2019/Benchmark/UCG-20-10p1-sc2009.cnf	259258	1374203	556825	448290	4451305	2107039534	17510	16445	1065	      236.98	       -0.10	1696	687022	SAT	      585.09
118	cadical_v21	5	320	C:/Users/cball/OneDrive/Documentos/Pessoal/ITA/SAT/Competições/SATRace2019/Benchmark/UR-20-5p1-sc2009.cnf	224962	1192377	149927	121621	1704821	342108991	6623	6337	286	      165.82	       -0.17	478	183292	SAT	      101.41
119	cadical_v21	5	320	C:/Users/cball/OneDrive/Documentos/Pessoal/ITA/SAT/Competições/SATRace2019/Benchmark/UTI-20-10p0-sc2009.cnf	259616	1360766	1255891	1127058	8377723	2189435167	38675	35229	3446	      219.26	       -0.09	5463	917357	UNSAT	      781.97
120	cadical_v21	5	320	C:/Users/cball/OneDrive/Documentos/Pessoal/ITA/SAT/Competições/SATRace2019/Benchmark/UTI-20-10p1-sc2009.cnf	260342	1377484	2585630	2365152	14684792	3730599694	85312	79315	5997	      185.83	       -0.10	9615	2003447	SAT	     1491.03
121	cadical_v21	5	320	C:/Users/cball/OneDrive/Documentos/Pessoal/ITA/SAT/Competições/SATRace2019/Benchmark/UTI-20-5p0-sc2009.cnf	225296	1180795	1566462	1441772	8162579	1890012751	56381	53072	3309	      141.81	       -0.10	5336	1199277	UNSAT	      719.20
122	cadical_v21	5	320	C:/Users/cball/OneDrive/Documentos/Pessoal/ITA/SAT/Competições/SATRace2019/Benchmark/aaai10-planning-ipc5-TPP-21-step11-sc2011.cnf	99736	783852	563783	533840	1699131	1977950849	16701	15684	1017	      101.14	       -0.07	1686	424493	UNSAT	      364.72
123	cadical_v21	5	320	C:/Users/cball/OneDrive/Documentos/Pessoal/ITA/SAT/Competições/SATRace2019/Benchmark/aaai10-planning-ipc5-pathways-17-step21-sc2011.cnf	53919	307816	680684	658152	2557350	776052736	22437	20844	1593	      132.93	       -0.07	2613	354765	SAT	      212.62
124	cadical_v21	5	320	C:/Users/cball/OneDrive/Documentos/Pessoal/ITA/SAT/Competições/SATRace2019/Benchmark/ablmulub16x4o-sc2016.cnf	2958	8708	1027647	1025422	1086177	211025665	25913	22250	3663	       45.31	       -0.01	5714	284383	UNSAT	      134.69
125	cadical_v21	5	320	C:/Users/cball/OneDrive/Documentos/Pessoal/ITA/SAT/Competições/SATRace2019/Benchmark/ablmulub2x32o-sc2016.cnf	5241	15431	3422338	3348931	6941756	251336734	111926	102209	9717	       24.38	       -0.07	15907	1408740	UNSAT	      255.99
126	cadical_v21	5	320	C:/Users/cball/OneDrive/Documentos/Pessoal/ITA/SAT/Competições/SATRace2019/Benchmark/ae_rphp095_04-sc2018.cnf	14665	34976	58259698	51693085	384530646	3170971875	699656	439867	259789	       43.84	       -0.04	364890	41849171	UNSAT	     4988.58
127	cadical_v21	5	320	C:/Users/cball/OneDrive/Documentos/Pessoal/ITA/SAT/Competições/SATRace2019/Benchmark/aes_24_4_keyfind_2-sc2013.cnf	520	5763	3515857	3506719	4555326	129921856	140363	129508	10855	       25.59	       -0.03	17319	1017148	SAT	      790.92
128	cadical_v21	5	320	C:/Users/cball/OneDrive/Documentos/Pessoal/ITA/SAT/Competições/SATRace2019/Benchmark/aes_24_4_keyfind_5-sc2014.cnf	520	5761	2526575	2520039	3445300	99409643	138304	132313	5991	       25.47	       -0.03	9480	1008555	SAT	      541.50
129	cadical_v21	5	320	C:/Users/cball/OneDrive/Documentos/Pessoal/ITA/SAT/Competições/SATRace2019/Benchmark/aes_32_3_keyfind_1-sc2011.cnf	708	2539	9993323	9960920	13975069	465100120	471288	449508	21780	       22.87	       -0.04	35416	4294217	SAT	     1932.95
130	cadical_v21	5	320	C:/Users/cball/OneDrive/Documentos/Pessoal/ITA/SAT/Competições/SATRace2019/Benchmark/aes_equiv_encry_3_rounds.debugged-sc2012.cnf	501284	2745938	1893664	1884660	15547419	128360968	98257	93818	4439	       14.24	       -0.08	6469	2115396	UNSAT	      304.78
131	cadical_v21	5	320	C:/Users/cball/OneDrive/Documentos/Pessoal/ITA/SAT/Competições/SATRace2019/Benchmark/ak128astepbg2msaig-sc2016.cnf	422649	1265651	3830502	3700496	19687181	13826891683	115145	102234	12911	      120.64	       -0.12	20281	3996215	IND	     4999.56
132	cadical_v21	5	320	C:/Users/cball/OneDrive/Documentos/Pessoal/ITA/SAT/Competições/SATRace2019/Benchmark/ak128modasbg2asisc-sc2016.cnf	293123	943087	3280543	3170991	17880601	10431008214	106382	96326	10056	      103.09	       -0.13	15782	3808036	SAT	     3640.37
133	cadical_v21	5	320	C:/Users/cball/OneDrive/Documentos/Pessoal/ITA/SAT/Competições/SATRace2019/Benchmark/apn-sbox6-cut4-helpbox31-sc2018.cnf	137472	810768	2440038	2425696	3992591	171761567	70032	65326	4706	       22.03	       -0.07	7949	1471909	SAT	      343.26
134	cadical_v21	5	320	C:/Users/cball/OneDrive/Documentos/Pessoal/ITA/SAT/Competições/SATRace2019/Benchmark/atco_enc1_opt1_04_32-sc2014.cnf	57220	568572	136808	132294	1362658	160828022	16516	16326	190	       22.50	       -0.27	349	111114	SAT	       67.59
135	cadical_v21	5	320	C:/Users/cball/OneDrive/Documentos/Pessoal/ITA/SAT/Competições/SATRace2019/Benchmark/atco_enc1_opt2_10_16-sc2014.cnf	9643	145203	2994866	2947693	5304145	548089548	127960	120133	7827	       23.46	       -0.07	12722	1098669	SAT	      402.31
136	cadical_v21	5	320	C:/Users/cball/OneDrive/Documentos/Pessoal/ITA/SAT/Competições/SATRace2019/Benchmark/atco_enc1_opt2_20_12-sc2014.cnf	171148	6591010	3132606	3099964	5184584	1806042982	117500	108852	8648	       25.65	       -0.06	13959	1100659	UNSAT	     1816.70
137	cadical_v21	5	320	C:/Users/cball/OneDrive/Documentos/Pessoal/ITA/SAT/Competições/SATRace2019/Benchmark/atco_enc2_opt2_05_9-sc2014.cnf	14912	381544	514914	499185	2459192	183254666	37561	36780	781	       31.70	       -0.18	1306	395717	SAT	      125.64
138	cadical_v21	5	320	C:/Users/cball/OneDrive/Documentos/Pessoal/ITA/SAT/Competições/SATRace2019/Benchmark/atco_enc2_opt2_10_21-sc2014.cnf	9824	153979	708941	696799	1438357	125519517	28383	26590	1793	       25.43	       -0.08	2899	307035	SAT	       74.59
139	cadical_v21	5	320	C:/Users/cball/OneDrive/Documentos/Pessoal/ITA/SAT/Competições/SATRace2019/Benchmark/atco_enc3_opt2_10_12-sc2014.cnf	1236271	4906536	208637	203368	416384	3247974002	5678	5137	541	       22.93	       -0.07	916	85978	UNSAT	      983.30
140	cadical_v21	5	320	C:/Users/cball/OneDrive/Documentos/Pessoal/ITA/SAT/Competições/SATRace2019/Benchmark/b04_s_2_unknown_pre-sc2013.cnf	123133	796517	2264853	2179240	8526718	5200669894	96901	92859	4042	       81.08	       -0.13	6751	1841426	SAT	     2020.92
141	cadical_v21	5	320	C:/Users/cball/OneDrive/Documentos/Pessoal/ITA/SAT/Competições/SATRace2019/Benchmark/b04_s_unknown-sc2013.cnf	290693	1262210	185439	176450	1400283	463652903	9116	8863	253	       35.85	       -0.21	562	235775	SAT	      193.72
142	cadical_v21	5	320	C:/Users/cball/OneDrive/Documentos/Pessoal/ITA/SAT/Competições/SATRace2019/Benchmark/b1904P1-8x8c6h5SAT.cnf	63268	396114	15916004	15588182	55752830	3992211418	582276	529594	52682	       59.74	       -0.10	83972	6341706	IND	     4998.03
143	cadical_v21	5	320	C:/Users/cball/OneDrive/Documentos/Pessoal/ITA/SAT/Competições/SATRace2019/Benchmark/b1904P1-8x8c6h7SAT.cnf	63268	374457	11155495	10905679	38396681	3455976035	529030	500752	28278	       60.34	       -0.11	45331	6002979	SAT	     3670.05
144	cadical_v21	5	320	C:/Users/cball/OneDrive/Documentos/Pessoal/ITA/SAT/Competições/SATRace2019/Benchmark/b1904P2-8x8c9h5SAT.cnf	68940	327952	14486884	14173777	37099512	4655668465	484213	438253	45960	       60.20	       -0.09	72959	5973358	IND	     4999.53
145	cadical_v21	5	320	C:/Users/cball/OneDrive/Documentos/Pessoal/ITA/SAT/Competições/SATRace2019/Benchmark/b1904P2-8x8c9h7UNSAT.cnf	68940	310541	12230281	11969707	28225022	4689776707	443326	410641	32685	       51.58	       -0.09	52984	5433083	IND	     4998.08
146	cadical_v21	5	320	C:/Users/cball/OneDrive/Documentos/Pessoal/ITA/SAT/Competições/SATRace2019/Benchmark/b1904P3-8x8c11h0SAT.cnf	69644	368587	13431311	13132309	32848231	4113601783	425243	384219	41024	       85.98	       -0.09	64854	6335385	IND	     4997.01
147	cadical_v21	5	320	C:/Users/cball/OneDrive/Documentos/Pessoal/ITA/SAT/Competições/SATRace2019/Benchmark/b1904P3-8x8c11h7SAT.cnf	69644	305432	6204141	6061455	14047137	1956411217	257964	244866	13098	       47.99	       -0.09	21284	3461109	SAT	     1950.91
148	cadical_v21	5	320	C:/Users/cball/OneDrive/Documentos/Pessoal/ITA/SAT/Competições/SATRace2019/Benchmark/b1904P3-8x8c11h7UNSAT.cnf	69644	306029	5093406	4984377	10597948	1829067326	180135	167055	13080	       53.06	       -0.08	21266	2325646	UNSAT	     1596.73
149	cadical_v21	5	320	C:/Users/cball/OneDrive/Documentos/Pessoal/ITA/SAT/Competições/SATRace2019/Benchmark/b_unsat-sc2013.cnf	113407	1010625	1275289	1257812	2035741	2379155536	49404	46113	3291	       55.71	       -0.07	5339	489464	UNSAT	     1140.39
150	cadical_v21	5	320	C:/Users/cball/OneDrive/Documentos/Pessoal/ITA/SAT/Competições/SATRace2019/Benchmark/blockpuzzle_5x10_s3_free4-sc2017.cnf	2750	286160	7792010	7599031	17422061	342124898	364014	348965	15049	      101.09	       -0.05	23146	6365205	UNSAT	     1305.20
151	cadical_v21	5	320	C:/Users/cball/OneDrive/Documentos/Pessoal/ITA/SAT/Competições/SATRace2019/Benchmark/blocks-blocks-36-0.120-NOTKNOWN-sc2011.cnf	489685	8702447	1771724	1411118	19392715	10367444632	37179	33704	3475	     1136.58	       -0.08	5436	3248572	IND	     4999.41
152	cadical_v21	5	320	C:/Users/cball/OneDrive/Documentos/Pessoal/ITA/SAT/Competições/SATRace2019/Benchmark/blocks-blocks-37-1.130-NOTKNOWN-sc2011.cnf	559571	10144966	986030	753918	11018005	7112551230	11936	8626	3310	     1454.81	       -0.06	5118	1300461	UNSAT	     3260.05
153	cadical_v21	5	320	C:/Users/cball/OneDrive/Documentos/Pessoal/ITA/SAT/Competições/SATRace2019/Benchmark/bob12s06-sc2013.cnf	482548	1368963	4536725	4492817	147979772	3644619035	195224	181592	13632	       26.33	       -0.08	21836	37677759	UNSAT	     1429.42
154	cadical_v21	5	320	C:/Users/cball/OneDrive/Documentos/Pessoal/ITA/SAT/Competições/SATRace2019/Benchmark/c6288mul.miter.shuffled-as.sat03-346-sc2002.cnf	9540	61421	4753227	4674383	15869795	1031577428	210208	196943	13265	       41.43	       -0.10	21470	2050349	UNSAT	     1008.75
155	cadical_v21	5	320	C:/Users/cball/OneDrive/Documentos/Pessoal/ITA/SAT/Competições/SATRace2019/Benchmark/cms-scheel-md5-families-r24-c8-p0-3-5-6-14-16-18-19-sc2018.cnf	39547	130954	8528039	8343408	157422340	1260233375	428185	416700	11485	       23.38	       -0.21	20778	25372996	SAT	     1688.53
156	cadical_v21	5	320	C:/Users/cball/OneDrive/Documentos/Pessoal/ITA/SAT/Competições/SATRace2019/Benchmark/connm-ue-csp-sat-n800-d0.02-s111845174.used-as.sat04-958-sc2011.cnf	772	9601	12454806	12423984	14357760	1378731810	373709	337343	36366	       24.23	       -0.02	57345	4556308	UNSAT	     4000.75
157	cadical_v21	5	320	C:/Users/cball/OneDrive/Documentos/Pessoal/ITA/SAT/Competições/SATRace2019/Benchmark/countbitsrotate032-sc2009.cnf	8527	25482	12379990	12379969	12387060	11310761928	186791	149582	37209	       31.33	       -0.00	58006	5028949	IND	     4997.94
158	cadical_v21	5	320	C:/Users/cball/OneDrive/Documentos/Pessoal/ITA/SAT/Competições/SATRace2019/Benchmark/countbitssrl032-sc2009.cnf	18607	55720	357285	351302	803901	148957364	17068	16204	864	       33.90	       -0.09	1375	165090	UNSAT	       72.16
159	cadical_v21	5	320	C:/Users/cball/OneDrive/Documentos/Pessoal/ITA/SAT/Competições/SATRace2019/Benchmark/countbitswegner128-sc2011.cnf	98048	293756	5617635	5505978	16012800	2174705340	242997	230671	12326	       89.79	       -0.10	20545	2943937	UNSAT	     1294.86
160	cadical_v21	5	320	C:/Users/cball/OneDrive/Documentos/Pessoal/ITA/SAT/Competições/SATRace2019/Benchmark/course0.2_2018_3-sc2018.cnf	1314940	2548425	956010	926193	7186401	2580328204	35022	32904	2118	       25.37	       -0.15	3985	652415	SAT	      887.06
161	cadical_v21	5	320	C:/Users/cball/OneDrive/Documentos/Pessoal/ITA/SAT/Competições/SATRace2019/Benchmark/crafted_n11_d6_c3_num24-sc2013.cnf	36208	7010872	404348	395656	854134	255557605	4879	3987	892	      221.63	       -0.06	1399	321200	UNSAT	      235.98
162	cadical_v21	5	320	C:/Users/cball/OneDrive/Documentos/Pessoal/ITA/SAT/Competições/SATRace2019/Benchmark/cruxmiter28seed8.cnf	506	1406	3866961	3842349	5149234	90068692	126481	114546	11935	       18.58	       -0.04	19465	1116221	UNSAT	      287.67
163	cadical_v21	5	320	C:/Users/cball/OneDrive/Documentos/Pessoal/ITA/SAT/Competições/SATRace2019/Benchmark/cruxmiter29seed4.cnf	511	1418	7718532	7665481	11177321	171334673	373206	360079	13127	       19.48	       -0.06	21337	4343687	UNSAT	      714.03
164	cadical_v21	5	320	C:/Users/cball/OneDrive/Documentos/Pessoal/ITA/SAT/Competições/SATRace2019/Benchmark/cruxmiter29seed9.cnf	513	1424	35447344	35285172	39914599	861949452	1554833	1489078	65755	       20.16	       -0.02	106677	18368249	UNSAT	     4750.77
165	cadical_v21	5	320	C:/Users/cball/OneDrive/Documentos/Pessoal/ITA/SAT/Competições/SATRace2019/Benchmark/cruxmiter32seed4.cnf	621	1733	30299608	30129616	40992395	713894943	1443986	1391345	52641	       23.86	       -0.04	85495	16109002	IND	     4999.75
166	cadical_v21	5	320	C:/Users/cball/OneDrive/Documentos/Pessoal/ITA/SAT/Competições/SATRace2019/Benchmark/ctl_4291_567_2_unsat-sc2013.cnf	17850	149132	8164126	8050772	11614179	3936028063	382949	369211	13738	       17.05	       -0.07	21928	4575765	UNSAT	     2089.59
167	cadical_v21	5	320	C:/Users/cball/OneDrive/Documentos/Pessoal/ITA/SAT/Competições/SATRace2019/Benchmark/ctl_4291_567_2_unsat_pre-sc2013.cnf	15232	147245	8188745	8073687	11708663	3902747583	386005	372223	13782	       16.89	       -0.07	21971	4583330	UNSAT	     2077.28
168	cadical_v21	5	320	C:/Users/cball/OneDrive/Documentos/Pessoal/ITA/SAT/Competições/SATRace2019/Benchmark/ctl_4291_567_5_unsat_pre-sc2014.cnf	15232	134756	17828557	17634468	22997846	9392929327	555075	498195	56880	       16.81	       -0.05	89638	5669016	IND	     4999.66
169	cadical_v21	5	320	C:/Users/cball/OneDrive/Documentos/Pessoal/ITA/SAT/Competições/SATRace2019/Benchmark/custmulsb2x32o-sc2016.cnf	4660	13676	23036586	23034582	23095309	4301003283	394637	334126	60511	       64.55	       -0.00	93309	11162073	IND	     4999.66
170	cadical_v21	5	320	C:/Users/cball/OneDrive/Documentos/Pessoal/ITA/SAT/Competições/SATRace2019/Benchmark/custmulun16x16o-sc2016.cnf	3633	10625	18533049	18320912	25719965	3762038335	663761	608597	55164	       47.19	       -0.02	87952	6051596	IND	     4999.72
171	cadical_v21	5	320	C:/Users/cball/OneDrive/Documentos/Pessoal/ITA/SAT/Competições/SATRace2019/Benchmark/dist6.c-sc2018.cnf	15254	68087	817855	810948	1105743	123798157	29857	27491	2366	       25.33	       -0.04	3803	272798	UNSAT	       86.69
172	cadical_v21	5	320	C:/Users/cball/OneDrive/Documentos/Pessoal/ITA/SAT/Competições/SATRace2019/Benchmark/dp12u11.used-as.sat04-358-sc2004.cnf	11137	29956	1680021	1654976	2645148	182489096	64689	61404	3285	       20.27	       -0.06	5333	876855	UNSAT	      158.75
173	cadical_v21	5	320	C:/Users/cball/OneDrive/Documentos/Pessoal/ITA/SAT/Competições/SATRace2019/Benchmark/e_rphp035_05-sc2018.cnf	2960	5555	19933891	15938495	83147858	603547483	319900	255110	64790	       23.90	       -0.06	97105	27793074	UNSAT	      845.66
174	cadical_v21	5	320	C:/Users/cball/OneDrive/Documentos/Pessoal/ITA/SAT/Competições/SATRace2019/Benchmark/ecarev-110-1031-23-40-8-sc2018.cnf	42271	247381	3268219	3197526	7407033	329697526	126877	117573	9304	       21.70	       -0.12	15024	1752120	SAT	      501.47
175	cadical_v21	5	320	C:/Users/cball/OneDrive/Documentos/Pessoal/ITA/SAT/Competições/SATRace2019/Benchmark/edges-024-4-5613555-1-00-sc2014.cnf	97	204	34155663	33913175	40298639	484826251	1916612	1857329	59283	       18.45	       -0.03	96306	16926077	IND	     4998.56
176	cadical_v21	5	320	C:/Users/cball/OneDrive/Documentos/Pessoal/ITA/SAT/Competições/SATRace2019/Benchmark/eq2csparrc162cbpwtcl16.cnf	6154	18364	14452862	14330559	18189819	2946926471	560687	514241	46446	       51.43	       -0.02	73417	4055318	IND	     4997.86
177	cadical_v21	5	320	C:/Users/cball/OneDrive/Documentos/Pessoal/ITA/SAT/Competições/SATRace2019/Benchmark/eqbparrc12spctbk12.cnf	3018	8982	14753369	14627820	18140600	1707225700	521115	474594	46521	       34.52	       -0.03	74428	4187802	IND	     4998.50
178	cadical_v21	5	320	C:/Users/cball/OneDrive/Documentos/Pessoal/ITA/SAT/Competições/SATRace2019/Benchmark/eqbparrc14spwtcl14.cnf	4838	14428	15282328	15152432	20109754	2117724293	562337	512019	50318	       47.51	       -0.03	79779	4049063	IND	     4999.05
179	cadical_v21	5	320	C:/Users/cball/OneDrive/Documentos/Pessoal/ITA/SAT/Competições/SATRace2019/Benchmark/eqbparrc18spwtrc18.cnf	7193	21469	14323745	14184094	19069788	2540564428	524691	478860	45831	       64.85	       -0.03	72401	4154279	IND	     4996.88
180	cadical_v21	5	320	C:/Users/cball/OneDrive/Documentos/Pessoal/ITA/SAT/Competições/SATRace2019/Benchmark/eqbpdtlf12bparrc12.cnf	3105	9242	4981578	4932935	7131346	411826328	201490	187652	13838	       29.80	       -0.04	22033	1792934	UNSAT	     1080.37
181	cadical_v21	5	320	C:/Users/cball/OneDrive/Documentos/Pessoal/ITA/SAT/Competições/SATRace2019/Benchmark/eqbpdtlf14bpwtcl14.cnf	4719	14071	6765580	6692109	10633643	809177585	343338	329208	14130	       39.31	       -0.05	22323	3222009	UNSAT	     1956.09
182	cadical_v21	5	320	C:/Users/cball/OneDrive/Documentos/Pessoal/ITA/SAT/Competições/SATRace2019/Benchmark/eqbpdtlf14spctbk14.cnf	4000	11914	14193370	14068942	18246132	1708536512	538735	494288	44447	       44.58	       -0.03	70643	4105412	IND	     4998.09
183	cadical_v21	5	320	C:/Users/cball/OneDrive/Documentos/Pessoal/ITA/SAT/Competições/SATRace2019/Benchmark/eqbpdtlf14spdtlf14.cnf	4249	12662	15109298	14963692	20112721	1742119831	539142	489794	49348	       47.22	       -0.03	78283	4147087	IND	     4999.30
184	cadical_v21	5	320	C:/Users/cball/OneDrive/Documentos/Pessoal/ITA/SAT/Competições/SATRace2019/Benchmark/eqbpdtlf16spdtlf16.cnf	5550	16552	15471551	15314353	20895880	2060208746	510075	459810	50265	       53.99	       -0.03	80299	4238367	IND	     4999.62
185	cadical_v21	5	320	C:/Users/cball/OneDrive/Documentos/Pessoal/ITA/SAT/Competições/SATRace2019/Benchmark/eqbpdtlf18sparcl18.cnf	7282	21738	16374806	16232115	21033654	3305126796	553676	498633	55043	       57.07	       -0.03	87792	4094803	IND	     4999.77
186	cadical_v21	5	320	C:/Users/cball/OneDrive/Documentos/Pessoal/ITA/SAT/Competições/SATRace2019/Benchmark/eqbpwtcl10spwtcl10.cnf	2616	7788	2582229	2560391	3357573	314137948	125463	119239	6224	       29.91	       -0.03	9881	1059968	UNSAT	      416.91
187	cadical_v21	5	320	C:/Users/cball/OneDrive/Documentos/Pessoal/ITA/SAT/Competições/SATRace2019/Benchmark/eqbpwtrc10bpdtlf10.cnf	2205	6555	2070686	2053054	2891466	175511858	122117	118474	3643	       27.47	       -0.05	5762	1062309	UNSAT	      307.70
188	cadical_v21	5	320	C:/Users/cball/OneDrive/Documentos/Pessoal/ITA/SAT/Competições/SATRace2019/Benchmark/eqbpwtrc10spctbk10.cnf	2089	6206	2515204	2491463	3198278	258471218	120507	114648	5859	       26.25	       -0.03	9316	1070655	UNSAT	      388.97
189	cadical_v21	5	320	C:/Users/cball/OneDrive/Documentos/Pessoal/ITA/SAT/Competições/SATRace2019/Benchmark/eqsparcl10bpwtrc10.cnf	2275	6764	2434093	2407620	3246554	249809780	117089	111641	5448	       26.58	       -0.04	8658	1097396	UNSAT	      336.86
190	cadical_v21	5	320	C:/Users/cball/OneDrive/Documentos/Pessoal/ITA/SAT/Competições/SATRace2019/Benchmark/eqsparcl12bpwtrc12.cnf	3278	9760	17766321	17628656	22058184	2176626996	698883	643523	55360	       30.88	       -0.03	88146	5078539	IND	     4999.39
191	cadical_v21	5	320	C:/Users/cball/OneDrive/Documentos/Pessoal/ITA/SAT/Competições/SATRace2019/Benchmark/eqsparrc12bpdtlf12.cnf	3096	9215	16420143	16282533	19996187	1898806767	561732	506944	54788	       33.97	       -0.03	87582	4105864	IND	     4999.70
192	cadical_v21	5	320	C:/Users/cball/OneDrive/Documentos/Pessoal/ITA/SAT/Competições/SATRace2019/Benchmark/eqsparrc14spctbk14.cnf	4136	12323	16953096	16802369	22244800	2111712617	604008	550442	53566	       36.37	       -0.03	86367	4546460	IND	     4999.27
193	cadical_v21	5	320	C:/Users/cball/OneDrive/Documentos/Pessoal/ITA/SAT/Competições/SATRace2019/Benchmark/eqsparrc16spwtcl16.cnf	