ID	version	restart base fast	restart base slow	file	vars	clauses	conflicts	learned	decisions	propagations	restarts	restarts unstable	restarts stable	learned avg. size	learnt stack avg	learnt stack stable counter	learnt stack unstable counter	answer	cpu time
1	cadical_v21	10	320	C:/Users/cball/OneDrive/Documentos/Pessoal/ITA/SAT/Competições/SATRace2019-3/Benchmark/frb59-26-1.used-as.sat04-891-sc2011.cnf	1534	132295	18427648	18004906	28399104	2179092096	417626	370249	47377	       77.12	       -0.05	79468	7584943	IND	     4995.55
2	cadical_v21	10	320	C:/Users/cball/OneDrive/Documentos/Pessoal/ITA/SAT/Competições/SATRace2019-3/Benchmark/gensys-icl005.shuffled-as.sat05-3826-sc2011.cnf	2703	17985	1974238	1945715	2918547	132524867	75796	72830	2966	       27.33	       -0.06	4975	1162469	UNSAT	      426.00
3	cadical_v21	10	320	C:/Users/cball/OneDrive/Documentos/Pessoal/ITA/SAT/Competições/SATRace2019-3/Benchmark/gss-20-s100-sc2009.cnf	31503	94548	796282	795941	806074	2929071355	17767	15534	2233	       34.29	       -0.00	3570	298069	SAT	      831.01
4	cadical_v21	10	320	C:/Users/cball/OneDrive/Documentos/Pessoal/ITA/SAT/Competições/SATRace2019-3/Benchmark/gss-33-s100-sc2009.cnf	32402	97364	5196690	5184071	5646109	9824091676	165561	152053	13508	       56.78	       -0.01	21507	2054370	IND	     4998.09
5	cadical_v21	10	320	C:/Users/cball/OneDrive/Documentos/Pessoal/ITA/SAT/Competições/SATRace2019-3/Benchmark/gto_p60c238-sc2018.cnf	1043	2829	4812792	4762173	5479572	73835996	135978	123765	12213	       22.78	       -0.03	20244	1770638	UNSAT	      306.05
6	cadical_v21	10	320	C:/Users/cball/OneDrive/Documentos/Pessoal/ITA/SAT/Competições/SATRace2019-3/Benchmark/gus-md5-14-sc2009.cnf	69641	226367	2392026	2366029	5604504	10475073516	87393	82539	4854	      120.01	       -0.05	7872	1311381	IND	     4999.31
7	cadical_v21	10	320	C:/Users/cball/OneDrive/Documentos/Pessoal/ITA/SAT/Competições/SATRace2019-3/Benchmark/hcp_CP14_14.cnf	47040	178880	9622689	9401223	95494831	21456981510	338365	321617	16748	       96.69	       -0.09	29051	8873974	IND	     4999.12
8	cadical_v21	10	320	C:/Users/cball/OneDrive/Documentos/Pessoal/ITA/SAT/Competições/SATRace2019-3/Benchmark/hcp_CP16_16.cnf	77824	282013	8393131	8184074	121006345	25811824231	343767	332424	11343	       78.13	       -0.11	20022	10748545	IND	     4999.33
9	cadical_v21	10	320	C:/Users/cball/OneDrive/Documentos/Pessoal/ITA/SAT/Competições/SATRace2019-3/Benchmark/hcp_CP18_18.cnf	122472	440385	7360528	7177828	136058579	30781891197	319860	309453	10407	       68.50	       -0.11	18493	10483340	IND	     4999.11
10	cadical_v21	10	320	C:/Users/cball/OneDrive/Documentos/Pessoal/ITA/SAT/Competições/SATRace2019-3/Benchmark/hcp_CP20_20.cnf	183200	637206	2530763	2466640	55401991	13947825877	109271	104978	4293	       66.81	       -0.11	7753	3767864	SAT	     1820.59
11	cadical_v21	10	320	C:/Users/cball/OneDrive/Documentos/Pessoal/ITA/SAT/Competições/SATRace2019-3/Benchmark/hcp_CP22_22.cnf	264264	895141	5510350	5373818	127815767	36930073365	212284	202197	10087	       71.21	       -0.10	18183	8401102	IND	     4999.45
12	cadical_v21	10	320	C:/Users/cball/OneDrive/Documentos/Pessoal/ITA/SAT/Competições/SATRace2019-3/Benchmark/hcp_CP24_24.cnf	370944	1254550	4691341	4578446	111853246	37128653337	155802	145770	10032	       72.63	       -0.09	18131	6935806	IND	     4999.56
13	cadical_v21	10	320	C:/Users/cball/OneDrive/Documentos/Pessoal/ITA/SAT/Competições/SATRace2019-3/Benchmark/hcp_CP26_26.cnf	505648	1677281	3755251	3664391	98392618	36199351103	112661	104084	8577	       76.26	       -0.09	15676	5770586	IND	     4999.27
14	cadical_v21	10	320	C:/Users/cball/OneDrive/Documentos/Pessoal/ITA/SAT/Competições/SATRace2019-3/Benchmark/hcp_bij16_16.cnf	81920	16496017	7663752	6918684	289411531	4400421429	260599	246758	13841	      316.25	       -0.08	21151	62815305	IND	     4999.22
15	cadical_v21	10	320	C:/Users/cball/OneDrive/Documentos/Pessoal/ITA/SAT/Competições/SATRace2019-3/Benchmark/hcp_d12_12.cnf	23345	49263	34704	33551	496147	8747175	3696	3647	49	       37.97	       -0.25	91	31713	SAT	        3.95
16	cadical_v21	10	320	C:/Users/cball/OneDrive/Documentos/Pessoal/ITA/SAT/Competições/SATRace2019-3/Benchmark/hcp_d14_14.cnf	41961	70118	142912	138264	2506880	41342528	14294	14089	205	       45.21	       -0.24	379	147685	SAT	       18.03
17	cadical_v21	10	320	C:/Users/cball/OneDrive/Documentos/Pessoal/ITA/SAT/Competições/SATRace2019-3/Benchmark/hcp_d16_16.cnf	70675	106388	17659043	17258573	133523587	2877974633	485844	444074	41770	       82.54	       -0.10	74146	15238973	IND	     4999.48
18	cadical_v21	10	320	C:/Users/cball/OneDrive/Documentos/Pessoal/ITA/SAT/Competições/SATRace2019-3/Benchmark/hcp_d18_18.cnf	111475	138053	18096877	17661266	176751773	3170385316	545776	505431	40345	       74.67	       -0.11	72777	20891935	IND	     4999.58
19	cadical_v21	10	320	C:/Users/cball/OneDrive/Documentos/Pessoal/ITA/SAT/Competições/SATRace2019-3/Benchmark/hcp_d20_20.cnf	168019	173814	18516904	18049873	220376424	3650537170	588190	548700	39490	       73.05	       -0.12	71953	28070561	IND	     4999.19
20	cadical_v21	10	320	C:/Users/cball/OneDrive/Documentos/Pessoal/ITA/SAT/Competições/SATRace2019-3/Benchmark/hcp_d22_22.cnf	243955	213707	18631246	18148901	262749763	4066310475	615078	576635	38443	       71.23	       -0.13	70950	35254646	IND	     4997.80
21	cadical_v21	10	320	C:/Users/cball/OneDrive/Documentos/Pessoal/ITA/SAT/Competições/SATRace2019-3/Benchmark/hcp_d24_24.cnf	344469	286016	18561438	18067453	303289265	4632730833	633028	595678	37350	       69.43	       -0.14	69899	42503086	IND	     4996.97
22	cadical_v21	10	320	C:/Users/cball/OneDrive/Documentos/Pessoal/ITA/SAT/Competições/SATRace2019-3/Benchmark/hcp_r20_20.cnf	323138	21567424	42	42	488000	577871	0	0	0	        9.19	       -0.74	0	487781	SAT	       28.84
23	cadical_v21	10	320	C:/Users/cball/OneDrive/Documentos/Pessoal/ITA/SAT/Competições/SATRace2019-3/Benchmark/hcp_r26_26.cnf	919562	103439854	0	0	0	230180	0	0	0	        0.00	        0.00	0	0	SAT	      145.44
24	cadical_v21	10	320	C:/Users/cball/OneDrive/Documentos/Pessoal/ITA/SAT/Competições/SATRace2019-3/Benchmark/hitag2-8-60-0-0x880693399044612-25-SAT-sc2013.cnf	2316	30945	2382089	2366261	3777286	144595541	115163	110506	4657	       22.73	       -0.05	7649	1057020	SAT	      375.70
25	cadical_v21	10	320	C:/Users/cball/OneDrive/Documentos/Pessoal/ITA/SAT/Competições/SATRace2019-3/Benchmark/hwb-n26-01-S1957858365.shuffled-as.sat03-1622-sc2002.cnf	172	832	10454475	10397079	12752196	240449366	418893	396096	22797	       18.92	       -0.03	37494	4438978	UNSAT	     1368.14
26	cadical_v21	10	320	C:/Users/cball/OneDrive/Documentos/Pessoal/ITA/SAT/Competições/SATRace2019-3/Benchmark/hwb-n26-03-S540351185.sat05-490.reshuffled-07-sc2007.cnf	172	832	12173782	12094392	15729747	276575315	466492	436018	30474	       19.23	       -0.04	50234	4346248	UNSAT	     1774.80
27	cadical_v21	10	320	C:/Users/cball/OneDrive/Documentos/Pessoal/ITA/SAT/Competições/SATRace2019-3/Benchmark/hwmcc10-timeframe-expansion-k45-pdtpmspalu-tseitin-sc2011.cnf	89190	265715	9974875	9765247	90355271	1708907892	575643	557689	17954	       30.96	       -0.15	31320	12162136	UNSAT	     2360.62
28	cadical_v21	10	320	C:/Users/cball/OneDrive/Documentos/Pessoal/ITA/SAT/Competições/SATRace2019-3/Benchmark/hwmcc15deep-6s516r-k18-sc2017.cnf	51996	147555	11009667	10958661	125814614	1295318727	353644	324707	28937	       49.31	       -0.03	44972	45290934	UNSAT	      956.27
29	cadical_v21	10	320	C:/Users/cball/OneDrive/Documentos/Pessoal/ITA/SAT/Competições/SATRace2019-3/Benchmark/hwmcc15deep-oski15a10b10s-k22-sc2017.cnf	569318	1484813	5522454	5316992	36113732	3680668396	281637	270919	10718	       35.38	       -0.14	18789	6727722	UNSAT	     2063.83
30	cadical_v21	10	320	C:/Users/cball/OneDrive/Documentos/Pessoal/ITA/SAT/Competições/SATRace2019-3/Benchmark/jgiraldezlevy.2200.9086.08.40.149-sr2015.cnf	2200	9086	597404	579641	1850054	117139501	40747	39693	1054	       24.88	       -0.12	1813	264865	SAT	       81.03
31	cadical_v21	10	320	C:/Users/cball/OneDrive/Documentos/Pessoal/ITA/SAT/Competições/SATRace2019-3/Benchmark/k_unsat-sc2013.cnf	7021	95854	11447651	11314814	19602822	3374398469	433329	406939	26390	       26.87	       -0.07	44027	4600536	IND	     4997.56
32	cadical_v21	10	320	C:/Users/cball/OneDrive/Documentos/Pessoal/ITA/SAT/Competições/SATRace2019-3/Benchmark/knight_14.cnf	4680	39640	587471	567470	7350598	134642467	39718	38791	927	       55.09	       -0.19	1660	677397	SAT	       75.58
33	cadical_v21	10	320	C:/Users/cball/OneDrive/Documentos/Pessoal/ITA/SAT/Competições/SATRace2019-3/Benchmark/knight_16.cnf	81119	804926	6069240	4260947	271847618	8521052152	164092	157229	6863	      436.78	       -0.18	14764	31043425	SAT	     4237.80
34	cadical_v21	10	320	C:/Users/cball/OneDrive/Documentos/Pessoal/ITA/SAT/Competições/SATRace2019-3/Benchmark/knight_18.cnf	126152	1297025	6490397	4186264	372268998	11699918959	163600	157022	6578	      480.39	       -0.19	14285	41366243	IND	     4998.72
35	cadical_v21	10	320	C:/Users/cball/OneDrive/Documentos/Pessoal/ITA/SAT/Competições/SATRace2019-3/Benchmark/knight_20.cnf	189446	2004246	6216013	3731800	387902941	12726353396	135159	129380	5779	      507.40	       -0.18	13239	46846013	IND	     4999.28
36	cadical_v21	10	320	C:/Users/cball/OneDrive/Documentos/Pessoal/ITA/SAT/Competições/SATRace2019-3/Benchmark/le450_15b.col.15-sc2018.cnf	6300	114816	33233499	32966384	37797690	2267443981	1202167	1146988	55179	       52.72	       -0.03	88460	19377842	IND	     4999.25
37	cadical_v21	10	320	C:/Users/cball/OneDrive/Documentos/Pessoal/ITA/SAT/Competições/SATRace2019-3/Benchmark/li-exam-63.shuffled-as.sat03-368-sc2002.cnf	28147	108399	8715670	8309810	123554807	6432962460	530234	518941	11293	      164.30	       -0.17	20971	6811528	IND	     4999.50
38	cadical_v21	10	320	C:/Users/cball/OneDrive/Documentos/Pessoal/ITA/SAT/Competições/SATRace2019-3/Benchmark/li-test4-99.shuffled-as.sat03-377-sc2002.cnf	36809	142448	7892188	7428994	266216096	8112888304	475066	465980	9086	      212.07	       -0.19	17219	12862575	IND	     4999.28
39	cadical_v21	10	320	C:/Users/cball/OneDrive/Documentos/Pessoal/ITA/SAT/Competições/SATRace2019-3/Benchmark/manthey_DimacsSorter_37_3-sr2015.cnf	6634	23392	2702755	2649755	5683485	812170680	89398	83291	6107	       68.89	       -0.06	10029	1180647	SAT	      537.92
40	cadical_v21	10	320	C:/Users/cball/OneDrive/Documentos/Pessoal/ITA/SAT/Competições/SATRace2019-3/Benchmark/manthey_single-ordered-initialized-w50-b7-sr2015.cnf	10675	84849	4238072	4160776	6421141	1066522993	95359	83523	11836	       29.75	       -0.04	19848	1545782	UNSAT	     1185.22
41	cadical_v21	10	320	C:/Users/cball/OneDrive/Documentos/Pessoal/ITA/SAT/Competições/SATRace2019-3/Benchmark/maxxor032-sc2011.cnf	13240	39135	428965	415416	1630487	70869895	29893	29232	661	       32.24	       -0.15	1165	265952	UNSAT	       38.77
42	cadical_v21	10	320	C:/Users/cball/OneDrive/Documentos/Pessoal/ITA/SAT/Competições/SATRace2019-3/Benchmark/minxorminand128-sc2009.cnf	153834	459957	5980321	5744065	49464077	900685688	191968	179955	12013	       94.43	       -0.07	19978	17272177	UNSAT	     1091.94
43	cadical_v21	10	320	C:/Users/cball/OneDrive/Documentos/Pessoal/ITA/SAT/Competições/SATRace2019-3/Benchmark/mod2c-3cage-unsat-10-2.sat05-2567.reshuffled-07-sc2007.cnf	140	560	28794294	28784331	37659461	184671047	1105739	1051933	53806	       16.73	       -0.04	85805	17696997	UNSAT	     1065.55
44	cadical_v21	10	320	C:/Users/cball/OneDrive/Documentos/Pessoal/ITA/SAT/Competições/SATRace2019-3/Benchmark/mod2c-3cage-unsat-10-3.sat05-2568.reshuffled-07-sc2007.cnf	140	560	31739952	31736333	38299404	239620645	1201489	1149137	52352	       18.39	       -0.02	84383	19850716	UNSAT	     1624.42
45	cadical_v21	10	320	C:/Users/cball/OneDrive/Documentos/Pessoal/ITA/SAT/Competições/SATRace2019-3/Benchmark/mod4block_2vars_10gates_u2_autoenc-sc2009.cnf	479	123439	2062206	2022077	8449430	59187546	167767	164988	2779	       22.36	       -0.15	4843	1064835	SAT	      338.42
46	cadical_v21	10	320	C:/Users/cball/OneDrive/Documentos/Pessoal/ITA/SAT/Competições/SATRace2019-3/Benchmark/mrpp_6x6#12_24-sc2013.cnf	12197	78363	162715	155962	2707512	18021969	11874	11721	153	       11.13	       -0.27	391	421374	SAT	       10.05
47	cadical_v21	10	320	C:/Users/cball/OneDrive/Documentos/Pessoal/ITA/SAT/Competições/SATRace2019-3/Benchmark/mrpp_8x8#20_24-sc2014.cnf	22022	172772	669936	643964	10052466	87000002	46180	45495	685	       14.12	       -0.25	1684	1507776	SAT	       53.33
48	cadical_v21	10	320	C:/Users/cball/OneDrive/Documentos/Pessoal/ITA/SAT/Competições/SATRace2019-3/Benchmark/mulhs016-sc2009.cnf	4656	13868	10897920	10744787	20586620	2296598793	460883	436746	24137	       40.53	       -0.05	40150	4401837	IND	     4997.63
49	cadical_v21	10	320	C:/Users/cball/OneDrive/Documentos/Pessoal/ITA/SAT/Competições/SATRace2019-3/Benchmark/ndhf_xits_16_UNKNOWN-sc2009.cnf	3366	362797	31291876	30772851	41925151	2764813289	1078030	1025571	52459	       70.32	       -0.04	84351	18870949	IND	     4999.55
50	cadical_v21	10	320	C:/Users/cball/OneDrive/Documentos/Pessoal/ITA/SAT/Competições/SATRace2019-3/Benchmark/ndhf_xits_19_UNKNOWN-sc2011.cnf	4020	466486	714875	703335	909073	90605578	13978	12220	1758	       99.33	       -0.03	2852	335943	SAT	      104.48
51	cadical_v21	10	320	C:/Users/cball/OneDrive/Documentos/Pessoal/ITA/SAT/Competições/SATRace2019-3/Benchmark/newton.2.3.i.smt2-cvc4-sc2016.cnf	302737	1309727	1314609	1287753	2094300	10238550617	51161	48346	2815	       49.06	       -0.04	4831	658754	UNSAT	     2878.50
52	cadical_v21	10	320	C:/Users/cball/OneDrive/Documentos/Pessoal/ITA/SAT/Competições/SATRace2019-3/Benchmark/par32-1-c.shuffled-as.sat03-1531-sc2002.cnf	1315	5254	23763737	23563093	36874112	1764243227	1076356	1027983	48373	       23.03	       -0.05	80548	9967513	IND	     4999.48
53	cadical_v21	10	320	C:/Users/cball/OneDrive/Documentos/Pessoal/ITA/SAT/Competições/SATRace2019-3/Benchmark/partial-10-11-s-sc2007.cnf	189456	835275	4013400	3812524	26565644	4586789371	93702	82514	11188	      341.40	       -0.07	18954	1660704	SAT	     2493.12
54	cadical_v21	10	320	C:/Users/cball/OneDrive/Documentos/Pessoal/ITA/SAT/Competições/SATRace2019-3/Benchmark/partial-10-11-u-sc2007.cnf	188962	825894	7654914	7272008	57476956	8139258376	312306	300810	11496	      245.54	       -0.10	19495	5350902	IND	     4999.50
55	cadical_v21	10	320	C:/Users/cball/OneDrive/Documentos/Pessoal/ITA/SAT/Competições/SATRace2019-3/Benchmark/partial-5-11-u-sc2007.cnf	164158	717440	11694792	11264719	65598585	7663095916	387976	361167	26809	      157.52	       -0.07	45075	5038066	IND	     4999.25
56	cadical_v21	10	320	C:/Users/cball/OneDrive/Documentos/Pessoal/ITA/SAT/Competições/SATRace2019-3/Benchmark/partial-5-17-s-sc2007.cnf	252328	1169843	7055654	6734069	72809471	10408850338	309912	298512	11400	      220.49	       -0.11	19430	5454220	IND	     4999.41
57	cadical_v21	10	320	C:/Users/cball/OneDrive/Documentos/Pessoal/ITA/SAT/Competições/SATRace2019-3/Benchmark/partial-5-19-u-sc2007.cnf	262368	1226585	6319135	5999181	80633404	9778585727	274623	263301	11322	      289.44	       -0.11	19345	5139671	IND	     4999.39
58	cadical_v21	10	320	C:/Users/cball/OneDrive/Documentos/Pessoal/ITA/SAT/Competições/SATRace2019-3/Benchmark/pb_300_10_lb_08-sc2014.cnf	139915	590682	419282	396047	1766444	269851914	19170	18619	551	       36.40	       -0.16	1060	363519	UNSAT	      117.19
59	cadical_v21	10	320	C:/Users/cball/OneDrive/Documentos/Pessoal/ITA/SAT/Competições/SATRace2019-3/Benchmark/ps_5000_21250_3_0_0.7_0_1.45_4-sc2017.cnf	5000	21250	19908425	19425731	46779009	3743205300	666987	620306	46681	       34.29	       -0.06	78884	7767056	IND	     4995.53
60	cadical_v21	10	320	C:/Users/cball/OneDrive/Documentos/Pessoal/ITA/SAT/Competições/SATRace2019-3/Benchmark/ps_5000_21250_3_0_0.8_0_1.55_2-sc2017.cnf	5000	21250	10357327	10133004	18048859	1746467946	429182	408101	21081	       20.08	       -0.06	35519	4603551	UNSAT	     1685.31
61	cadical_v21	10	320	C:/Users/cball/OneDrive/Documentos/Pessoal/ITA/SAT/Competições/SATRace2019-3/Benchmark/rbcl_xits_11_UNKNOWN-sc2009.cnf	1740	104640	20025100	19735217	42383432	1475994449	785935	738272	47663	       31.62	       -0.07	79813	7563818	IND	     4999.20
62	cadical_v21	10	320	C:/Users/cball/OneDrive/Documentos/Pessoal/ITA/SAT/Competições/SATRace2019-3/Benchmark/rbcl_xits_13_UNKNOWN-sc2009.cnf	2058	133055	21100480	20810248	48497754	1713066001	824772	776815	47957	       37.82	       -0.07	80092	8617281	IND	     4999.52
63	cadical_v21	10	320	C:/Users/cball/OneDrive/Documentos/Pessoal/ITA/SAT/Competições/SATRace2019-3/Benchmark/rbsat-v2100c215164g4-sc2011.cnf	2100	215164	19864473	19364431	34891201	2919819362	470837	423957	46880	       96.01	       -0.05	79010	9263471	IND	     4999.44
64	cadical_v21	10	320	C:/Users/cball/OneDrive/Documentos/Pessoal/ITA/SAT/Competições/SATRace2019-3/Benchmark/rbsat-v2400c266431g5-sc2009.cnf	2400	266431	21528478	20962973	38667822	2944161955	456621	409336	47285	      125.01	       -0.05	79416	11339605	IND	     4999.31
65	cadical_v21	10	320	C:/Users/cball/OneDrive/Documentos/Pessoal/ITA/SAT/Competições/SATRace2019-3/Benchmark/rbsat-v945c61409gyes9-sc2009.cnf	945	61409	544049	530211	852058	52185275	20245	19392	853	       54.46	       -0.06	1453	333525	SAT	       57.67
66	cadical_v21	10	320	C:/Users/cball/OneDrive/Documentos/Pessoal/ITA/SAT/Competições/SATRace2019-3/Benchmark/rphp5_100_shuffled-sc2016.cnf	1000	21405	78132754	57751373	786092766	9384747020	500653	268142	232511	       45.83	       -0.05	346431	184974505	IND	     4999.44
67	cadical_v21	10	320	C:/Users/cball/OneDrive/Documentos/Pessoal/ITA/SAT/Competições/SATRace2019-3/Benchmark/rpoc_xits_11_UNKNOWN-sc2009.cnf	1740	114011	20676039	20398145	38181345	1360356458	801959	754491	47468	       29.21	       -0.06	79631	8111216	IND	     4999.28
68	cadical_v21	10	320	C:/Users/cball/OneDrive/Documentos/Pessoal/ITA/SAT/Competições/SATRace2019-3/Benchmark/rpoc_xits_12_UNKNOWN-sc2009.cnf	1898	128735	20576806	20306067	38581409	1388041911	724972	677107	47865	       31.55	       -0.06	80022	8302928	IND	     4999.41
69	cadical_v21	10	320	C:/Users/cball/OneDrive/Documentos/Pessoal/ITA/SAT/Competições/SATRace2019-3/Benchmark/rubikcube701-sc2017.cnf	3066	59739	6329441	6253351	10071378	1248722574	285636	273492	12144	       20.00	       -0.06	20177	2862296	UNSAT	     2206.08
70	cadical_v21	10	320	C:/Users/cball/OneDrive/Documentos/Pessoal/ITA/SAT/Competições/SATRace2019-3/Benchmark/rubikcube912-sc2017.cnf	3090	59825	7449972	7376773	15508244	1146560119	412166	400243	11923	       25.34	       -0.08	19966	3579341	IND	     4995.73
71	cadical_v21	10	320	C:/Users/cball/OneDrive/Documentos/Pessoal/ITA/SAT/Competições/SATRace2019-3/Benchmark/safe-30-h29-unsat-sc2007.cnf	130928	437704	29114871	28807901	124498406	4222186219	1747281	1699799	47482	       46.97	       -0.10	79635	14175357	IND	     4999.52
72	cadical_v21	10	320	C:/Users/cball/OneDrive/Documentos/Pessoal/ITA/SAT/Competições/SATRace2019-3/Benchmark/satcoin-genesis-SAT-10-sc2018.cnf	134780	648622	1012	978	30271	1634482	45	45	0	       26.63	       -0.24	1	4694	SAT	        2.10
73	cadical_v21	10	320	C:/Users/cball/OneDrive/Documentos/Pessoal/ITA/SAT/Competições/SATRace2019-3/Benchmark/sgen1-sat-180-100-sc2009.cnf	180	432	4832052	4755268	7266479	118991978	155359	143250	12109	       23.26	       -0.05	20147	1734055	SAT	      605.11
74	cadical_v21	10	320	C:/Users/cball/OneDrive/Documentos/Pessoal/ITA/SAT/Competições/SATRace2019-3/Benchmark/sgen1-unsat-109-100-sc2009.cnf	109	228	35249550	34960673	46966683	536072748	1937185	1877430	59755	       20.69	       -0.04	99230	16773212	IND	     4999.47
75	cadical_v21	10	320	C:/Users/cball/OneDrive/Documentos/Pessoal/ITA/SAT/Competições/SATRace2019-3/Benchmark/sha1r17m145ABCD.cnf	3831	15062	8831766	8708644	17429483	1064909527	509941	495593	14348	       37.97	       -0.08	24300	4269634	SAT	     4559.03
76	cadical_v21	10	320	C:/Users/cball/OneDrive/Documentos/Pessoal/ITA/SAT/Competições/SATRace2019-3/Benchmark/sha1r17m145ABCD_p.cnf	2715	11371	7441408	7332666	15168341	896448342	440261	428642	11619	       37.88	       -0.09	19679	3689607	SAT	     3413.08
77	cadical_v21	10	320	C:/Users/cball/OneDrive/Documentos/Pessoal/ITA/SAT/Competições/SATRace2019-3/Benchmark/sha1r17m146ABCD.cnf	3835	15069	6691516	6594362	13265233	780859729	370553	358902	11651	       36.90	       -0.08	19711	3115283	SAT	     2851.09
78	cadical_v21	10	320	C:/Users/cball/OneDrive/Documentos/Pessoal/ITA/SAT/Competições/SATRace2019-3/Benchmark/sha1r17m146ABCD_p.cnf	2719	11388	3131984	3086682	6070139	382904361	133633	126172	7461	       37.91	       -0.07	12682	1101383	SAT	      780.80
79	cadical_v21	10	320	C:/Users/cball/OneDrive/Documentos/Pessoal/ITA/SAT/Competições/SATRace2019-3/Benchmark/sha1r17m147ABCD.cnf	3836	15071	3786504	3736862	6769433	430604847	142076	131827	10249	       38.33	       -0.06	17401	1077304	SAT	     1180.89
80	cadical_v21	10	320	C:/Users/cball/OneDrive/Documentos/Pessoal/ITA/SAT/Competições/SATRace2019-3/Benchmark/sha1r17m147ABCD_p.cnf	2720	11392	7581609	7470784	15419934	909754531	449413	437815	11598	       37.92	       -0.08	19659	3804207	SAT	     3409.00
81	cadical_v21	10	320	C:/Users/cball/OneDrive/Documentos/Pessoal/ITA/SAT/Competições/SATRace2019-3/Benchmark/sha1r17m148ABCD.cnf	3837	15085	7381325	7274243	15044076	863681434	437942	426369	11573	       38.10	       -0.08	19634	3624021	SAT	     3527.08
82	cadical_v21	10	320	C:/Users/cball/OneDrive/Documentos/Pessoal/ITA/SAT/Competições/SATRace2019-3/Benchmark/sha1r17m148ABCD_p.cnf	2721	11396	6464374	6370633	12798252	758424616	348525	337014	11511	       37.75	       -0.08	19575	2944876	SAT	     2663.77
83	cadical_v21	10	320	C:/Users/cball/OneDrive/Documentos/Pessoal/ITA/SAT/Competições/SATRace2019-3/Benchmark/sha1r17m149ABCD.cnf	3838	15113	7635119	7522851	15342063	896322654	446362	434787	11575	       38.08	       -0.08	19637	3870575	SAT	     3642.67
84	cadical_v21	10	320	C:/Users/cball/OneDrive/Documentos/Pessoal/ITA/SAT/Competições/SATRace2019-3/Benchmark/sha1r17m149ABCD_p.cnf	2722	11400	9248777	9123793	17621625	1084326478	506019	489949	16070	       37.80	       -0.08	27255	4275492	IND	     4998.64
85	cadical_v21	10	320	C:/Users/cball/OneDrive/Documentos/Pessoal/ITA/SAT/Competições/SATRace2019-3/Benchmark/sha1r17m63a.cnf	3559	14096	1175947	1156133	2339070	111316826	50242	47355	2887	       33.41	       -0.08	4904	398669	SAT	      119.42
86	cadical_v21	10	320	C:/Users/cball/OneDrive/Documentos/Pessoal/ITA/SAT/Competições/SATRace2019-3/Benchmark/sha1r17m63a_p.cnf	2470	10585	1183479	1166642	2259658	140076604	49622	46598	3024	       33.27	       -0.07	5035	406879	SAT	      141.27
87	cadical_v21	10	320	C:/Users/cball/OneDrive/Documentos/Pessoal/ITA/SAT/Competições/SATRace2019-3/Benchmark/sha1r17m66a.cnf	3566	14138	1713984	1687486	3486125	178442008	96402	93440	2962	       34.08	       -0.08	4976	824251	SAT	      251.72
88	cadical_v21	10	320	C:/Users/cball/OneDrive/Documentos/Pessoal/ITA/SAT/Competições/SATRace2019-3/Benchmark/sha1r17m66a_p.cnf	2477	10608	3443681	3407520	5619528	360802417	130947	121660	9287	       33.98	       -0.05	15415	1083293	SAT	      685.17
89	cadical_v21	10	320	C:/Users/cball/OneDrive/Documentos/Pessoal/ITA/SAT/Competições/SATRace2019-3/Benchmark/sha1r17m67a.cnf	3573	14128	2909670	2875671	5105537	311500026	127242	120346	6896	       34.54	       -0.06	11450	1089187	SAT	      540.03
90	cadical_v21	10	320	C:/Users/cball/OneDrive/Documentos/Pessoal/ITA/SAT/Competições/SATRace2019-3/Benchmark/sha1r17m67a_p.cnf	2484	10627	891894	878393	1721358	110343452	35647	33210	2437	       33.07	       -0.07	4062	274696	SAT	      102.28
91	cadical_v21	10	320	C:/Users/cball/OneDrive/Documentos/Pessoal/ITA/SAT/Competições/SATRace2019-3/Benchmark/sha1r17m72a.cnf	3593	14282	809245	795270	1622850	94243881	34060	32041	2019	       33.94	       -0.08	3403	279339	SAT	       84.44
92	cadical_v21	10	320	C:/Users/cball/OneDrive/Documentos/Pessoal/ITA/SAT/Competições/SATRace2019-3/Benchmark/sha1r17m72a_p.cnf	2504	10705	3443090	3406324	5746473	351668399	134486	125029	9457	       33.63	       -0.06	15574	1074587	SAT	      695.25
93	cadical_v21	10	320	C:/Users/cball/OneDrive/Documentos/Pessoal/ITA/SAT/Competições/SATRace2019-3/Benchmark/sha1r17m75a.cnf	3603	14304	2648619	2612456	5128297	258534640	129975	124300	5675	       34.47	       -0.07	9461	1081398	SAT	      438.30
94	cadical_v21	10	320	C:/Users/cball/OneDrive/Documentos/Pessoal/ITA/SAT/Competições/SATRace2019-3/Benchmark/sha1r17m75a_p.cnf	2514	10733	2628397	2592055	5104756	254066808	129603	124057	5546	       34.57	       -0.08	9273	1077480	SAT	      436.36
95	cadical_v21	10	320	C:/Users/cball/OneDrive/Documentos/Pessoal/ITA/SAT/Competições/SATRace2019-3/Benchmark/sha2.shuffled-as.sat03-442-sc2002.cnf	61377	235249	3893385	3814476	13743149	7152966147	88522	78558	9964	      440.79	       -0.04	17435	1491350	IND	     4999.10
96	cadical_v21	10	320	C:/Users/cball/OneDrive/Documentos/Pessoal/ITA/SAT/Competições/SATRace2019-3/Benchmark/sin.c.75.smt2-cvc4-sc2016.cnf	7916927	32591905	2707978	2621895	14888439	2863561400	110453	106739	3714	       23.94	       -0.14	7751	2489490	IND	     4999.25
97	cadical_v21	10	320	C:/Users/cball/OneDrive/Documentos/Pessoal/ITA/SAT/Competições/SATRace2019-3/Benchmark/size_4_4_4_i0418_r8.cnf	1140	4253	3746223	3704432	5520225	147610212	119173	108763	10410	       19.93	       -0.05	17432	1122378	UNSAT	      406.12
98	cadical_v21	10	320	C:/Users/cball/OneDrive/Documentos/Pessoal/ITA/SAT/Competições/SATRace2019-3/Benchmark/size_4_4_4_i0566_r8.cnf	1140	4253	4592522	4542991	6628577	193141458	153430	141332	12098	       19.99	       -0.05	20140	1534812	UNSAT	      556.75
99	cadical_v21	10	320	C:/Users/cball/OneDrive/Documentos/Pessoal/ITA/SAT/Competições/SATRace2019-3/Benchmark/size_4_4_4_i2704_r8.cnf	1140	4253	3129480	3093659	4931176	142855417	120747	112924	7823	       20.43	       -0.06	13022	1100513	UNSAT	      359.50
100	cadical_v21	10	320	C:/Users/cball/OneDrive/Documentos/Pessoal/ITA/SAT/Competições/SATRace2019-3/Benchmark/size_4_4_4_i3499_r8.cnf	1140	4253	3263169	3225325	5007294	140297408	114826	106392	8434	       19.85	       -0.06	14026	1123536	UNSAT	      344.36
101	cadical_v21	10	320	C:/Users/cball/OneDrive/Documentos/Pessoal/ITA/SAT/Competições/SATRace2019-3/Benchmark/size_4_4_4_i4096_r8.cnf	1140	4253	2470723	2440766	4098269	107165002	114929	110137	4792	       19.21	       -0.07	8055	1108482	UNSAT	      245.45
102	cadical_v21	10	320	C:/Users/cball/OneDrive/Documentos/Pessoal/ITA/SAT/Competições/SATRace2019-3/Benchmark/size_4_4_4_i4295_r8.cnf	1140	4253	2005866	1980527	3466436	86444291	105347	102397	2950	       19.00	       -0.08	4963	1087881	UNSAT	      181.91
103	cadical_v21	10	320	C:/Users/cball/OneDrive/Documentos/Pessoal/ITA/SAT/Competições/SATRace2019-3/Benchmark/size_4_4_4_i4473_r8.cnf	1140	4253	2634999	2602939	4319830	114280105	114151	108592	5559	       19.84	       -0.07	9305	1113995	UNSAT	      261.78
104	cadical_v21	10	320	C:/Users/cball/OneDrive/Documentos/Pessoal/ITA/SAT/Competições/SATRace2019-3/Benchmark/size_4_4_4_i4828_r8.cnf	1140	4253	3334081	3297417	5087235	137681130	121635	113005	8630	       19.26	       -0.06	14435	1100357	UNSAT	      332.34
105	cadical_v21	10	320	C:/Users/cball/OneDrive/Documentos/Pessoal/ITA/SAT/Competições/SATRace2019-3/Benchmark/size_5_5_5_i003_r12.cnf	3220	12314	24224814	23874664	62116698	1596638600	1097227	1050738	46489	       33.68	       -0.09	78734	11849209	IND	     4999.28
106	cadical_v21	10	320	C:/Users/cball/OneDrive/Documentos/Pessoal/ITA/SAT/Competições/SATRace2019-3/Benchmark/size_5_5_5_i044_r12.cnf	3220	12314	10655205	10498834	28334925	727067244	487011	464754	22257	       33.36	       -0.09	37586	4869723	SAT	     1652.16
107	cadical_v21	10	320	C:/Users/cball/OneDrive/Documentos/Pessoal/ITA/SAT/Competições/SATRace2019-3/Benchmark/size_5_5_5_i063_r12.cnf	3220	12314	796816	784013	2452174	62157605	37115	35239	1876	       32.53	       -0.10	3225	302286	SAT	       56.83
108	cadical_v21	10	320	C:/Users/cball/OneDrive/Documentos/Pessoal/ITA/SAT/Competições/SATRace2019-3/Benchmark/size_5_5_5_i116_r12.cnf	3220	12314	8228587	8101657	24380772	533652880	461665	450018	11647	       31.76	       -0.10	19823	4837493	SAT	     1193.25
109	cadical_v21	10	320	C:/Users/cball/OneDrive/Documentos/Pessoal/ITA/SAT/Competições/SATRace2019-3/Benchmark/size_5_5_5_i171_r12.cnf	3220	12314	2799741	2758028	7688298	191558681	126706	120693	6013	       32.35	       -0.09	10254	1177253	SAT	      253.86
110	cadical_v21	10	320	C:/Users/cball/OneDrive/Documentos/Pessoal/ITA/SAT/Competições/SATRace2019-3/Benchmark/size_5_5_5_i198_r12.cnf	3220	12314	10264770	10109732	28968074	691521350	481008	460811	20197	       33.37	       -0.09	34389	4823048	SAT	     1574.39
111	cadical_v21	10	320	C:/Users/cball/OneDrive/Documentos/Pessoal/ITA/SAT/Competições/SATRace2019-3/Benchmark/size_5_5_5_i218_r12.cnf	3220	12314	954587	939586	2662973	71318014	37357	34809	2548	       35.03	       -0.09	4363	298878	SAT	       69.06
112	cadical_v21	10	320	C:/Users/cball/OneDrive/Documentos/Pessoal/ITA/SAT/Competições/SATRace2019-3/Benchmark/size_5_5_5_i223_r12.cnf	3220	12314	725884	714246	2353440	52802824	36426	34789	1637	       30.12	       -0.10	2775	294816	SAT	       46.47
113	cadical_v21	10	320	C:/Users/cball/OneDrive/Documentos/Pessoal/ITA/SAT/Competições/SATRace2019-3/Benchmark/size_5_5_5_i235_r12.cnf	3220	12314	14201504	14003126	33960152	1043584077	507695	470307	37388	       37.66	       -0.08	63186	4871741	SAT	     2500.58
114	cadical_v21	10	320	C:/Users/cball/OneDrive/Documentos/Pessoal/ITA/SAT/Competições/SATRace2019-3/Benchmark/size_5_5_5_i251_r12.cnf	3220	12314	3137434	3093070	7959394	208249303	126334	118849	7485	       31.50	       -0.08	12722	1162743	SAT	      266.86
115	cadical_v21	10	320	C:/Users/cball/OneDrive/Documentos/Pessoal/ITA/SAT/Competições/SATRace2019-3/Benchmark/size_5_5_5_i260_r12.cnf	3220	12314	9457402	9312342	27989736	632505565	507441	490466	16975	       32.51	       -0.10	28776	4734576	SAT	     1476.19
116	cadical_v21	10	320	C:/Users/cball/OneDrive/Documentos/Pessoal/ITA/SAT/Competições/SATRace2019-3/Benchmark/size_5_5_5_i272_r12.cnf	3220	12314	8707862	8568404	28146792	608452605	504258	490654	13604	       33.29	       -0.11	23199	4759293	SAT	     1486.14
117	cadical_v21	10	320	C:/Users/cball/OneDrive/Documentos/Pessoal/ITA/SAT/Competições/SATRace2019-3/Benchmark/slp-synthesis-aes-bottom13-sc2011.cnf	19995	62866	357417	348643	727277	83290007	12419	11677	742	       32.10	       -0.07	1244	173818	UNSAT	       39.38
118	cadical_v21	10	320	C:/Users/cball/OneDrive/Documentos/Pessoal/ITA/SAT/Competições/SATRace2019-3/Benchmark/slp-synthesis-aes-bottom18-sc2011.cnf	36410	115054	16434852	16125354	35837815	4292390479	497385	451458	45927	       58.20	       -0.07	78110	4695957	IND	     4999.09
119	cadical_v21	10	320	C:/Users/cball/OneDrive/Documentos/Pessoal/ITA/SAT/Competições/SATRace2019-3/Benchmark/slp-synthesis-aes-bottom22-sc2011.cnf	53118	168346	15193070	14883899	47483301	5765715441	510092	470255	39837	       68.69	       -0.08	68571	4874981	IND	     4999.34
120	cadical_v21	10	320	C:/Users/cball/OneDrive/Documentos/Pessoal/ITA/SAT/Competições/SATRace2019-3/Benchmark/slp-synthesis-aes-bottom26-sc2011.cnf	73074	231921	14016488	13709038	55416705	6369384204	523798	490587	33211	       75.81	       -0.09	58539	5025889	IND	     4999.20
121	cadical_v21	10	320	C:/Users/cball/OneDrive/Documentos/Pessoal/ITA/SAT/Competições/SATRace2019-3/Benchmark/slp-synthesis-aes-top21-sc2011.cnf	51138	153348	21452288	21137918	33936685	2226813943	789639	741873	47766	       27.15	       -0.05	79909	9120886	UNSAT	     4477.84
122	cadical_v21	10	320	C:/Users/cball/OneDrive/Documentos/Pessoal/ITA/SAT/Competições/SATRace2019-3/Benchmark/slp-synthesis-aes-top26-sc2011.cnf	76943	231299	197979	193403	753055	110997475	10282	9835	447	       42.33	       -0.14	783	107907	SAT	       36.17
123	cadical_v21	10	320	C:/Users/cball/OneDrive/Documentos/Pessoal/ITA/SAT/Competições/SATRace2019-3/Benchmark/smtlib-qfbv-aigs-countbits128-tseitin-sc2011.cnf	95810	287043	5692859	5581703	16000847	2165615584	248343	237855	10488	       85.18	       -0.10	18581	3000594	UNSAT	     1294.06
124	cadical_v21	10	320	C:/Users/cball/OneDrive/Documentos/Pessoal/ITA/SAT/Competições/SATRace2019-3/Benchmark/smulo032-sc2012.cnf	11785	35160	1350085	1323443	3133935	235544303	67755	64836	2919	       25.94	       -0.10	4931	588338	UNSAT	      168.81
125	cadical_v21	10	320	C:/Users/cball/OneDrive/Documentos/Pessoal/ITA/SAT/Competições/SATRace2019-3/Benchmark/snw_13_8_pre-sc2016.cnf	20446	689272	2051206	2001999	3594092	3984458510	92113	89259	2854	       25.54	       -0.08	4879	1302134	UNSAT	     1811.89
126	cadical_v21	10	320	C:/Users/cball/OneDrive/Documentos/Pessoal/ITA/SAT/Competições/SATRace2019-3/Benchmark/snw_16_8_nopre-sc2016.cnf	103136	4673415	1326007	1287785	2423564	6592110245	43284	40388	2896	       26.14	       -0.08	4905	727845	UNSAT	     3480.25
127	cadical_v21	10	320	C:/Users/cball/OneDrive/Documentos/Pessoal/ITA/SAT/Competições/SATRace2019-3/Benchmark/snw_16_8_pre-sc2016.cnf	76006	3192315	998877	972013	1731525	4989883901	27003	24252	2751	       26.35	       -0.07	4693	390228	UNSAT	     2693.41
128	cadical_v21	10	320	C:/Users/cball/OneDrive/Documentos/Pessoal/ITA/SAT/Competições/SATRace2019-3/Benchmark/sokoban-p16.sas.ex.15-sc2016.cnf	2343808	5010575	1269167	1144431	10604841	1403334980	24410	21591	2819	      365.41	       -0.07	4806	1598248	UNSAT	     1379.64
129	cadical_v21	10	320	C:/Users/cball/OneDrive/Documentos/Pessoal/ITA/SAT/Competições/SATRace2019-3/Benchmark/sokoban-p16.sas.ex.19-sc2016.cnf	2929760	6277585	3361053	3025786	34051078	4264136899	59139	50745	8394	      541.98	       -0.07	14186	4040128	IND	     4998.75
130	cadical_v21	10	320	C:/Users/cball/OneDrive/Documentos/Pessoal/ITA/SAT/Competições/SATRace2019-3/Benchmark/sokoban-p16.sas.ex.21-sc2016.cnf	3222736	6910393	3237363	2889901	37825414	4210928483	58510	50726	7784	      571.82	       -0.08	13205	4429240	IND	     4994.75
131	cadical_v21	10	320	C:/Users/cball/OneDrive/Documentos/Pessoal/ITA/SAT/Competições/SATRace2019-3/Benchmark/sokoban-p16.sas.ex.23-sc2016.cnf	3515712	7543854	3573241	3180576	46798897	4743695758	61399	52222	9177	      574.48	       -0.08	15564	5048723	IND	     4997.59
132	cadical_v21	10	320	C:/Users/cball/OneDrive/Documentos/Pessoal/ITA/SAT/Competições/SATRace2019-3/Benchmark/sokoban-p20.sas.cr.35-sc2016.cnf	172512	1477968	3255328	2825493	37593969	9809193346	59384	51602	7782	      691.51	       -0.08	13240	3385410	IND	     4997.45
133	cadical_v21	10	320	C:/Users/cball/OneDrive/Documentos/Pessoal/ITA/SAT/Competições/SATRace2019-3/Benchmark/sokoban-p20.sas.ex.15-sc2016.cnf	2430976	5169846	3304650	2970751	36389252	3966105513	59426	51228	8198	      535.66	       -0.07	13814	4171429	IND	     4996.34
134	cadical_v21	10	320	C:/Users/cball/OneDrive/Documentos/Pessoal/ITA/SAT/Competições/SATRace2019-3/Benchmark/sokoban-p20.sas.ex.17-sc2016.cnf	2734848	5821656	3501358	3122363	45779533	4411180344	64790	55797	8993	      549.20	       -0.08	15166	4750534	IND	     4997.10
135	cadical_v21	10	320	C:/Users/cball/OneDrive/Documentos/Pessoal/ITA/SAT/Competições/SATRace2019-3/Benchmark/sokoban-p20.sas.ex.23-sc2016.cnf	3646464	7777501	3664082	3213292	59315523	4505315652	63779	54328	9451	      515.27	       -0.08	16046	6770409	IND	     4998.58
136	cadical_v21	10	320	C:/Users/cball/OneDrive/Documentos/Pessoal/ITA/SAT/Competições/SATRace2019-3/Benchmark/squ_ali_s10x10_c39_abix_SAT-sc2017.cnf	1672	5262	1059212	1040980	2158637	77108991	40516	37593	2923	       24.98	       -0.07	4936	301169	SAT	       73.17
137	cadical_v21	10	320	C:/Users/cball/OneDrive/Documentos/Pessoal/ITA/SAT/Competições/SATRace2019-3/Benchmark/squ_any_s09x07_c27_abio_UNS-sc2017.cnf	851	2702	7249647	7156749	10284015	257430426	346484	334516	11968	       17.52	       -0.06	20013	3659378	UNSAT	     1168.91
138	cadical_v21	10	320	C:/Users/cball/OneDrive/Documentos/Pessoal/ITA/SAT/Competições/SATRace2019-3/Benchmark/srhd-sgi-m62-q1504.5-n60-p30-s88600538-sc2011.cnf	3651	926696	14341328	14097082	17465742	1855511100	321453	277365	44088	      209.44	       -0.02	69931	5230924	IND	     4996.39
139	cadical_v21	10	320	C:/Users/cball/OneDrive/Documentos/Pessoal/ITA/SAT/Competições/SATRace2019-3/Benchmark/stable-400-0.1-4-9876543214004-sc2014.cnf	400	30664	17366903	16895189	21819452	462527152	340095	290707	49388	       77.83	       -0.04	81327	6409381	IND	     4998.89
140	cadical_v21	10	320	C:/Users/cball/OneDrive/Documentos/Pessoal/ITA/SAT/Competições/SATRace2019-3/Benchmark/sted1_0x0-380-sc2018.cnf	13431	335655	8436175	8178756	30801395	3327854019	434269	421916	12353	       53.23	       -0.10	21130	4767862	IND	     4999.41
141	cadical_v21	10	320	C:/Users/cball/OneDrive/Documentos/Pessoal/ITA/SAT/Competições/SATRace2019-3/Benchmark/stone-width3chain-nmarkers-20_shuffled-sc2016.cnf	3906	13611728	16508250	16256792	228412994	522696346	248906	180402	68504	       76.36	       -0.02	99101	76475758	IND	     5000.28
142	cadical_v21	10	320	C:/Users/cball/OneDrive/Documentos/Pessoal/ITA/SAT/Competições/SATRace2019-3/Benchmark/sv-comp19_prop-reachsafety.25_stack_longest_false-unreach-call.i-witness.cnf	3738383	16651874	1833	1626	2108250	23026303	71	71	0	       20.67	       -0.22	3	3992	SAT	       52.73
143	cadical_v21	10	320	C:/Users/cball/OneDrive/Documentos/Pessoal/ITA/SAT/Competições/SATRace2019-3/Benchmark/sv-comp19_prop-reachsafety.26_stack_cas_longer_false-unreach-call.i-witness.cnf	2633376	12055676	2479	2324	664187	19402149	127	126	1	      105.60	       -0.23	6	9823	SAT	       44.84
144	cadical_v21	10	320	C:/Users/cball/OneDrive/Documentos/Pessoal/ITA/SAT/Competições/SATRace2019-3/Benchmark/sv-comp19_prop-reachsafety.barrier_3t_true-unreach-call.i-witness.cnf	9582411	46593859	130203	115074	3142104776	6437026550	6443	6382	61	       92.22	       -0.22	196	3126156032	SAT	     4211.56
145	cadical_v21	10	320	C:/Users/cball/OneDrive/Documentos/Pessoal/ITA/SAT/Competições/SATRace2019-3/Benchmark/sv-comp19_prop-reachsafety.fib_bench_longest_false-unreach-call.i-witness.cnf	33721	157681	1827974	1743360	7382023	627468272	65925	63212	2713	       71.76	       -0.10	4728	1460862	SAT	      355.74
146	cadical_v21	10	320	C:/Users/cball/OneDrive/Documentos/Pessoal/ITA/SAT/Competições/SATRace2019-3/Benchmark/sv-comp19_prop-reachsafety.newton_2_2_true-unreach-call_true-termination.i-witness.cnf	110108	506714	205155	198162	471470	1118777463	12019	11581	438	       66.31	       -0.08	795	81825	UNSAT	      311.83
147	cadical_v21	10	320	C:/Users/cball/OneDrive/Documentos/Pessoal/ITA/SAT/Competições/SATRace2019-3/Benchmark/sv-comp19_prop-reachsafety.newton_2_3_true-unreach-call_true-termination.i-witness.cnf	110108	506718	126999	121033	405586	206608563	5450	5306	144	       38.28	       -0.15	270	119585	UNSAT	       74.66
148	cadical_v21	10	320	C:/Users/cball/OneDrive/Documentos/Pessoal/ITA/SAT/Competições/SATRace2019-3/Benchmark/sv-comp19_prop-reachsafety.newton_2_4_true-unreach-call_true-termination.i-witness.cnf	110108	506714	225005	217509	488314	885946867	7223	6677	546	       57.15	       -0.08	962	106799	UNSAT	      242.86
149	cadical_v21	10	320	C:/Users/cball/OneDrive/Documentos/Pessoal/ITA/SAT/Competições/SATRace2019-3/Benchmark/sv-comp19_prop-reachsafety.newton_2_6_false-unreach-call_true-termination.i-witness.cnf	110108	506718	52277	49997	128660	251127059	821	718	103	       84.58	       -0.08	197	33469	SAT	       83.42
150	cadical_v21	10	320	C:/Users/cball/OneDrive/Documentos/Pessoal/ITA/SAT/Competições/SATRace2019-3/Benchmark/sv-comp19_prop-reachsafety.newton_2_8_false-unreach-call_true-termination.i-witness.cnf	110079	506624	146893	142050	297083	926821347	7930	7704	226	      109.97	       -0.06	410	89497	SAT	      261.00
151	cadical_v21	10	320	C:/Users/cball/OneDrive/Documentos/Pessoal/ITA/SAT/Competições/SATRace2019-3/Benchmark/sv-comp19_prop-reachsafety.newton_3_6_false-unreach-call_true-termination.i-witness.cnf	164916	759313	318306	307718	848454	1756399763	15537	14900	637	      111.87	       -0.09	1143	178065	SAT	      497.36
152	cadical_v21	10	320	C:/Users/cball/OneDrive/Documentos/Pessoal/ITA/SAT/Competições/SATRace2019-3/Benchmark/sv-comp19_prop-reachsafety.newton_3_7_false-unreach-call_true-termination.i-witness.cnf	164915	759314	279147	268509	798079	923166142	7562	6907	655	      110.33	       -0.10	1159	170679	SAT	      296.53
153	cadical_v21	10	320	C:/Users/cball/OneDrive/Documentos/Pessoal/ITA/SAT/Competições/SATRace2019-3/Benchmark/sv-comp19_prop-reachsafety.newton_3_8_false-unreach-call_true-termination.i-witness.cnf	164887	759228	337576	322992	794593	1267653198	8574	7929	645	      123.09	       -0.08	1149	237903	SAT	      390.66
154	cadical_v21	10	320	C:/Users/cball/OneDrive/Documentos/Pessoal/ITA/SAT/Competições/SATRace2019-3/Benchmark/sv-comp19_prop-reachsafety.queue_longer_false-unreach-call.i-witness.cnf	8043699	39376148	9798	9199	1699427	97274646	345	334	11	       49.61	       -0.17	26	18957	SAT	      819.61
155	cadical_v21	10	320	C:/Users/cball/OneDrive/Documentos/Pessoal/ITA/SAT/Competições/SATRace2019-3/Benchmark/sv-comp19_prop-reachsafety.race-4_2-thread_local_vars_false-unreach-call.i-witness.cnf	693001	3661576	9107	8383	1066889	19906289	624	621	3	       24.19	       -0.26	17	802969	SAT	       49.53
156	cadical_v21	10	320	C:/Users/cball/OneDrive/Documentos/Pessoal/ITA/SAT/Competições/SATRace2019-3/Benchmark/sv-comp19_prop-reachsafety.sigma_false-unreach-call.i-witness.cnf	1094922	5009021	594795	565242	14292871	1657945031	46989	46409	580	       40.30	       -0.27	1344	1318876	SAT	      663.70
157	cadical_v21	10	320	C:/Users/cball/OneDrive/Documentos/Pessoal/ITA/SAT/Competições/SATRace2019-3/Benchmark/sv-comp19_prop-reachsafety.sine_8_true-unreach-call_true-termination.i-witness.cnf	26421	122125	105344	104154	151212	542452761	5146	4913	233	       26.53	       -0.04	356	56661	UNSAT	      134.77
158	cadical_v21	10	320	C:/Users/cball/OneDrive/Documentos/Pessoal/ITA/SAT/Competições/SATRace2019-3/Benchmark/sv-comp19_prop-reachsafety.square_5_true-unreach-call_true-termination.i-witness.cnf	26275	121056	170523	168689	200708	761819617	5266	4858	408	       39.66	       -0.02	660	79298	UNSAT	      186.56
159	cadical_v21	10	320	C:/Users/cball/OneDrive/Documentos/Pessoal/ITA/SAT/Competições/SATRace2019-3/Benchmark/sv-comp19_prop-reachsafety.triangular-longer_false-unreach-call.i-witness.cnf	20965	93387	24266892	23179742	76385923	3029521408	771377	725567	45810	       62.19	       -0.08	78011	20998126	IND	     4999.45
160	cadical_v21	10	320	C:/Users/cball/OneDrive/Documentos/Pessoal/ITA/SAT/Competições/SATRace2019-3/Benchmark/test_v7_r12_vr10_c1_s18160.smt2-stp212-sc2016.cnf	314295	1258522	6013073	5839254	21567934	10564325813	302636	293022	9614	       54.58	       -0.15	17739	4283872	IND	     4999.50
161	cadical_v21	10	320	C:/Users/cball/OneDrive/Documentos/Pessoal/ITA/SAT/Competições/SATRace2019-3/Benchmark/total-10-15-s-sc2007.cnf	270120	1227441	215788	203542	855637	252559100	5070	4526	544	      168.30	       -0.06	930	90476	SAT	       87.94
162	cadical_v21	10	320	C:/Users/cball/OneDrive/Documentos/Pessoal/ITA/SAT/Competições/SATRace2019-3/Benchmark/total-10-15-u-sc2007.cnf	269416	1214079	21261930	20866429	41960265	6260940431	723888	676663	47225	       45.34	       -0.06	79356	8862381	IND	     4999.39
163	cadical_v21	10	320	C:/Users/cball/OneDrive/Documentos/Pessoal/ITA/SAT/Competições/SATRace2019-3/Benchmark/toughsat_22bits_0.cnf	600	16790	333744	331035	558088	27537712	20622	19824	798	       20.91	       -0.07	1299	116281	SAT	       42.92
164	cadical_v21	10	320	C:/Users/cball/OneDrive/Documentos/Pessoal/ITA/SAT/Competições/SATRace2019-3/Benchmark/toughsat_22bits_1.cnf	600	16668	229131	227435	339669	18113892	8472	7827	645	       20.21	       -0.05	1071	69439	SAT	       25.39
165	cadical_v21	10	320	C:/Users/cball/OneDrive/Documentos/Pessoal/ITA/SAT/Competições/SATRace2019-3/Benchmark/toughsat_23bits_0.cnf	679	18374	242870	240928	354907	21381671	8203	7468	735	       21.74	       -0.05	1201	70568	SAT	       26.67
166	cadical_v21	10	320	C:/Users/cball/OneDrive/Documentos/Pessoal/ITA/SAT/Competições/SATRace2019-3/Benchmark/toughsat_23bits_1.cnf	679	18401	345883	342970	568055	27551375	18255	17492	763	       21.74	       -0.07	1265	137810	SAT	       41.19
167	cadical_v21	10	320	C:/Users/cball/OneDrive/Documentos/Pessoal/ITA/SAT/Competições/SATRace2019-3/Benchmark/toughsat_23bits_2.cnf	679	18422	642705	636995	1116305	52415341	38938	37535	1403	       22.74	       -0.07	2292	255969	SAT	       94.45
168	cadical_v21	10	320	C:/Users/cball/OneDrive/Documentos/Pessoal/ITA/SAT/Competições/SATRace2019-3/Benchmark/toughsat_23bits_3.cnf	679	18292	573887	569028	983799	48167306	36032	34970	1062	       21.51	       -0.07	1748	260266	SAT	       87.95
169	cadical_v21	10	320	C:/Users/cball/OneDrive/Documentos/Pessoal/ITA/SAT/Competições/SATRace2019-3/Benchmark/toughsat_24bits_0.cnf	686	19093	177394	175634	320997	13148048	9742	9342	400	       21.93	       -0.08	674	65286	SAT	       16.58
170	cadical_v21	10	320	C:/Users/cball/OneDrive/Documentos/Pessoal/ITA/SAT/Competições/SATRace2019-3/Benchmark/toughsat_24bits_1.cnf	687	19618	787624	781561	1246946	74728318	35916	33879	2037	       22.24	       -0.06	3353	266853	SAT	      147.45
171	cadical_v21	10	320	C:/Users/cball/OneDrive/Documentos/Pessoal/ITA/SAT/Competições/SATRace2019-3/Benchmark/toughsat_24bits_2.cnf	686	19096	886228	880118	1340124	91331745	36320	33806	2514	       21.16	       -0.05	4119	263873	SAT	      181.48
172	cadical_v21	10	320	C:/Users/cball/OneDrive/Documentos/Pessoal/ITA/SAT/Competições/SATRace2019-3/Benchmark/toughsat_24bits_3.cnf	687	19681	704220	698234	1188558	60825425	35874	34230	1644	       21.72	       -0.07	2715	265432	SAT	      113.61
173	cadical_v21	10	320	C:/Users/cball/OneDrive/Documentos/Pessoal/ITA/SAT/Competições/SATRace2019-3/Benchmark/toughsat_25bits_0.cnf	827	20662	1248540	1238520	2100056	135690677	66264	63190	3074	       23.46	       -0.07	5084	413657	SAT	      278.63
174	cadical_v21	10	320	C:/Users/cball/OneDrive/Documentos/Pessoal/ITA/SAT/Competições/SATRace2019-3/Benchmark/toughsat_25bits_1.cnf	827	20629	1932649	1917249	3607870	205149337	137684	134633	3051	       24.56	       -0.08	5063	918266	SAT	      585.69
175	cadical_v21	10	320	C:/Users/cball/OneDrive/Documentos/Pessoal/ITA/SAT/Competições/SATRace2019-3/Benchmark/toughsat_25bits_2.cnf	827	20669	1504899	1491576	2772271	152249780	92648	89489	3159	       23.28	       -0.08	5166	610081	SAT	      365.97
176	cadical_v21	10	320	C:/Users/cball/OneDrive/Documentos/Pessoal/ITA/SAT/Competições/SATRace2019-3/Benchmark/toughsat_25bits_3.cnf	827	20730	1324647	1313170	2292285	137805058	70692	67562	3130	       23.51	       -0.07	5138	485040	SAT	      314.25
177	cadical_v21	10	320	C:/Users/cball/OneDrive/Documentos/Pessoal/ITA/SAT/Competições/SATRace2019-3/Benchmark/toughsat_26bits_0.cnf	895	20751	2945794	2925393	4562715	348878966	141725	134493	7232	       25.67	       -0.05	11885	1040029	SAT	     1027.30
178	cadical_v21	10	320	C:/Users/cball/OneDrive/Documentos/Pessoal/ITA/SAT/Competições/SATRace2019-3/Benchmark/toughsat_26bits_1.cnf	895	20847	686358	679897	1185409	63951349	35430	33849	1581	       25.10	       -0.07	2599	267464	SAT	       99.78
179	cadical_v21	10	320	C:/Users/cball/OneDrive/Documentos/Pessoal/ITA/SAT/Competições/SATRace2019-3/Benchmark/toughsat_26bits_2.cnf	895	20756	1730176	1715020	2967028	174854532	105161	102132	3029	       25.84	       -0.07	5042	813484	SAT	      390.78
180	cadical_v21	10	320	C:/Users/cball/OneDrive/Documentos/Pessoal/ITA/SAT/Competições/SATRace2019-3/Benchmark/toughsat_26bits_3.cnf	895	20818	469758	464972	856316	40087597	31403	30607	796	       24.35	       -0.08	1296	230710	SAT	       57.89
181	cadical_v21	10	320	C:/Users/cball/OneDrive/Documentos/Pessoal/ITA/SAT/Competições/SATRace2019-3/Benchmark/toughsat_27bits_0.cnf	984	22937	4683492	4652465	7557489	837271521	199411	186794	12617	       26.99	       -0.05	20647	1523584	SAT	     2407.76
182	cadical_v21	10	320	C:/Users/cball/OneDrive/Documentos/Pessoal/ITA/SAT/Competições/SATRace2019-3/Benchmark/toughsat_28bits_0.cnf	1046	22804	7949525	7892439	14777026	1079410638	510957	498386	12571	       28.49	       -0.07	20603	3991857	IND	     4999.34
183	cadical_v21	10	320	C:/Users/cball/OneDrive/Documentos/Pessoal/ITA/SAT/Competições/SATRace2019-3/Benchmark/toughsat_29bits_0.cnf	1085	25464	8227869	8159909	16714942	1066290485	524783	511983	12800	       29.47	       -0.08	20939	4248895	IND	     4999.38
184	cadical_v21	10	320	C:/Users/cball/OneDrive/Documentos/Pessoal/ITA/SAT/Competições/SATRace2019-3/Benchmark/toughsat_30bits_0.cnf	1110	27596	9318220	9240720	19638729	1059577190	501763	484201	17562	       31.86	       -0.07	28915	4345707	IND	     4997.30
185	cadical_v21	10	320	C:/Users/cball/OneDrive/Documentos/Pessoal/ITA/SAT/Competições/SATRace2019-3/Benchmark/tseitingrid7x160_shuffled-sc2016.cnf	2240	8960	130588260	130551034	890272669	1872473673	6282288	6091619	190669	       20.84	       -0.05	319577	189703298	IND	     4995.15
186	cadical_v21	10	320	C:/Users/cball/OneDrive/Documentos/Pessoal/ITA/SAT/Competições/SATRace2019-3/Benchmark/uniqinv47prop-sc2018.cnf	17349	51071	17604421	17442413	45894625	3359798922	617237	566339	50898	       47.40	       -0.06	83008	6590010	IND	     4997.23
187	cadical_v21	10	320	C:/Users/cball/OneDrive/Documentos/Pessoal/ITA/SAT/Competições/SATRace2019-3/Benchmark/unsat-set-a-fclqcolor-20-13-14.sat05-1278.reshuffled-07-sc2007.cnf	730	43124	88219603	68476273	260189530	2461062409	811403	621622	189781	       51.26	       -0.05	318034	139553388	IND	     4990.14
188	cadical_v21	10	320	C:/Users/cball/OneDrive/Documentos/Pessoal/ITA/SAT/Competições/SATRace2019-3/Benchmark/vmpc_30-sc2007.cnf	900	133080	988849	959996	1976977	124701920	21997	19136	2861	       42.03	       -0.05	4757	530909	SAT	      131.25
189	cadical_v21	10	320	C:/Users/cball/OneDrive/Documentos/Pessoal/ITA/SAT/Competições/SATRace2019-3/Benchmark/vmpc_31-sc2007.cnf	961	146909	11450487	11068732	23218470	1384669566	322163	294870	27293	       51.77	       -0.06	44753	8064814	IND	     4996.03
190	cadical_v21	10	320	C:/Users/cball/OneDrive/Documentos/Pessoal/ITA/SAT/Competições/SATRace2019-3/Benchmark/vmpc_34.shuffled-as.sat05-1958-sc2005.cnf	1156	194072	12780157	12332052	27712384	1736833702	320480	287188	33292	       58.45	       -0.06	54629	8837133	IND	     4996.90
191	cadical_v21	10	320	C:/Users/cball/OneDrive/Documentos/Pessoal/ITA/SAT/Competições/SATRace2019-3/Benchmark/vmpc_36.renamed-as.sat05-1922-sc2005.cnf	1296	230544	13720946	13229705	30728443	1982071124	320143	283028	37115	       63.14	       -0.06	61217	9220972	IND	     4998.80
192	cadical_v21	10	320	C:/Users/cball/OneDrive/Documentos/Pessoal/ITA/SAT/Competições/SATRace2019-3/Benchmark/x2_128.shuffled-as.sat03-1598-sc2002.cnf	382	1018	82498186	82480547	140554780	762931836	2521998	2320137	201861	       36.98	       -0.04	330307	42855006	IND	     4999.24
