ID	version	restart base fast	restart base slow	file	vars	clauses	conflicts	learned	decisions	propagations	restarts	restarts unstable	restarts stable	learned avg. size	learnt stack avg	learnt stack stable counter	learnt stack unstable counter	answer	cpu time
1	cadical_v21	15	320	C:/Users/cball/OneDrive/Documentos/Pessoal/ITA/SAT/Competições/SATRace2019/Benchmark/001-80-12-sc2014.cnf	13408	309430	3360671	3274173	61989047	689935239	136610	129796	6814	       65.45	       -0.20	12660	9820990	SAT	      637.19
2	cadical_v21	15	320	C:/Users/cball/OneDrive/Documentos/Pessoal/ITA/SAT/Competições/SATRace2019/Benchmark/002-80-8-sc2014.cnf	13408	309437	2867120	2795864	62195459	358106470	135591	130836	4755	       34.67	       -0.23	9177	10317868	SAT	      301.30
3	cadical_v21	15	320	C:/Users/cball/OneDrive/Documentos/Pessoal/ITA/SAT/Competições/SATRace2019/Benchmark/002-sc2013.cnf	4128	72562	11266914	10946215	142846656	1526637988	446753	415747	31006	       87.83	       -0.18	47432	18200444	SAT	     2918.39
4	cadical_v21	15	320	C:/Users/cball/OneDrive/Documentos/Pessoal/ITA/SAT/Competições/SATRace2019/Benchmark/003-sc2013.cnf	4288	76700	17948401	17477425	222517430	2504717555	581031	521365	59666	      111.23	       -0.16	90492	28277396	IND	     4996.30
5	cadical_v21	15	320	C:/Users/cball/OneDrive/Documentos/Pessoal/ITA/SAT/Competições/SATRace2019/Benchmark/004-22-160-sc2014.cnf	4128	72564	12213711	11879040	146781539	1631075056	453741	416727	37014	       92.17	       -0.17	56070	18216790	SAT	     3093.70
6	cadical_v21	15	320	C:/Users/cball/OneDrive/Documentos/Pessoal/ITA/SAT/Competições/SATRace2019/Benchmark/004-80-8-sc2014.cnf	13408	309439	2495500	2437385	46601665	271968871	116589	113086	3503	       35.33	       -0.21	6837	8893681	SAT	      232.73
7	cadical_v21	15	320	C:/Users/cball/OneDrive/Documentos/Pessoal/ITA/SAT/Competições/SATRace2019/Benchmark/004-sc2013.cnf	4128	72571	2975304	2889932	48072716	425036031	150094	142375	7719	       77.80	       -0.20	12325	5077550	SAT	      493.08
8	cadical_v21	15	320	C:/Users/cball/OneDrive/Documentos/Pessoal/ITA/SAT/Competições/SATRace2019/Benchmark/006-23-96-sc2014.cnf	4288	76698	18326223	17828464	228256923	2479532401	597462	544384	53078	       95.78	       -0.16	84248	29889136	IND	     4988.53
9	cadical_v21	15	320	C:/Users/cball/OneDrive/Documentos/Pessoal/ITA/SAT/Competições/SATRace2019/Benchmark/007-sc2013.cnf	4128	72567	2390141	2315098	43867368	346502489	147148	142596	4552	       60.37	       -0.24	7502	4807028	SAT	      386.64
10	cadical_v21	15	320	C:/Users/cball/OneDrive/Documentos/Pessoal/ITA/SAT/Competições/SATRace2019/Benchmark/008-80-8-sc2014.cnf	13408	309438	2585695	2509099	62159441	381320384	134372	130327	4045	       41.52	       -0.25	7630	10043497	SAT	      304.69
11	cadical_v21	15	320	C:/Users/cball/OneDrive/Documentos/Pessoal/ITA/SAT/Competições/SATRace2019/Benchmark/11pipe_11_ooo-sc2011.cnf	88289	4187682	4565426	4375494	39389036	7257798351	133165	114083	19082	      142.47	       -0.09	26531	10778644	UNSAT	     2039.53
12	cadical_v21	15	320	C:/Users/cball/OneDrive/Documentos/Pessoal/ITA/SAT/Competições/SATRace2019/Benchmark/20180322_164224543_p_cnf_320_1120-sc2018.cnf	320	1120	4465188	4366927	7917047	189958097	128664	103598	25066	       24.78	       -0.05	32235	1490495	SAT	      917.58
13	cadical_v21	15	320	C:/Users/cball/OneDrive/Documentos/Pessoal/ITA/SAT/Competições/SATRace2019/Benchmark/20180326_095804936_p_cnf_320_1120-sc2018.cnf	320	1120	861099	840909	1509021	38474011	22928	18224	4704	       24.33	       -0.06	6076	301586	SAT	       74.72
14	cadical_v21	15	320	C:/Users/cball/OneDrive/Documentos/Pessoal/ITA/SAT/Competições/SATRace2019/Benchmark/24.4-sc2017.cnf	4448	80690	18363653	17881309	195413298	2367314252	588308	534225	54083	       95.48	       -0.15	85197	24722165	IND	     4999.06
15	cadical_v21	15	320	C:/Users/cball/OneDrive/Documentos/Pessoal/ITA/SAT/Competições/SATRace2019/Benchmark/26_stack_cas_longest_true-unreach-call.i-cbmc-u2-sc2016.cnf	7807714	35974300	1322	1222	2744543	33737143	70	70	0	       15.74	       -0.27	2	13679	SAT	      136.53
16	cadical_v21	15	320	C:/Users/cball/OneDrive/Documentos/Pessoal/ITA/SAT/Competições/SATRace2019/Benchmark/289-unsat-21x14-sc2011.cnf	1176	78498	47586551	46333753	214502830	1360782721	1034185	915538	118647	       60.39	       -0.09	192409	24870808	IND	     4999.14
17	cadical_v21	15	320	C:/Users/cball/OneDrive/Documentos/Pessoal/ITA/SAT/Competições/SATRace2019/Benchmark/58bits_13.dimacs-sr2015.cnf	1097	23771	9092697	9012185	18243823	1182169383	517188	473837	43351	       33.68	       -0.07	52396	4374476	IND	     4999.19
18	cadical_v21	15	320	C:/Users/cball/OneDrive/Documentos/Pessoal/ITA/SAT/Competições/SATRace2019/Benchmark/6-4-6-sc2018.cnf	15320	245163	9013699	8854109	32937079	3228969615	503716	476402	27314	       56.77	       -0.11	36915	5136926	SAT	     4813.30
19	cadical_v21	15	320	C:/Users/cball/OneDrive/Documentos/Pessoal/ITA/SAT/Competições/SATRace2019/Benchmark/62bits_14.dimacs-sr2015.cnf	1164	28980	10545477	10452580	22597609	1037103787	554023	497555	56468	       33.55	       -0.07	69345	4341694	IND	     4999.28
20	cadical_v21	15	320	C:/Users/cball/OneDrive/Documentos/Pessoal/ITA/SAT/Competições/SATRace2019/Benchmark/6s126-opt-sc2014.cnf	578891	1735495	4107845	3995498	29997524	2164872276	149936	119892	30044	       80.22	       -0.12	36994	5509377	UNSAT	      965.72
21	cadical_v21	15	320	C:/Users/cball/OneDrive/Documentos/Pessoal/ITA/SAT/Competições/SATRace2019/Benchmark/6s133-sc2014.cnf	48258	140967	2037837	2007026	11324897	381425961	143369	138977	4392	       22.04	       -0.13	6284	1875288	UNSAT	      257.33
22	cadical_v21	15	320	C:/Users/cball/OneDrive/Documentos/Pessoal/ITA/SAT/Competições/SATRace2019/Benchmark/6s139-sc2013.cnf	508510	1464738	1610945	1589204	416461673	4139598990	71586	69579	2007	       22.57	       -0.17	4023	220216302	UNSAT	     1215.27
23	cadical_v21	15	320	C:/Users/cball/OneDrive/Documentos/Pessoal/ITA/SAT/Competições/SATRace2019/Benchmark/6s166-sc2013.cnf	5448	15992	498192	490967	1144658	54968914	22782	21171	1611	       23.34	       -0.08	2057	301819	UNSAT	       35.02
24	cadical_v21	15	320	C:/Users/cball/OneDrive/Documentos/Pessoal/ITA/SAT/Competições/SATRace2019/Benchmark/6s169-opt-sc2014.cnf	6061	17574	306889	302958	751020	27847859	13212	11515	1697	       20.96	       -0.08	2139	133839	UNSAT	       15.78
25	cadical_v21	15	320	C:/Users/cball/OneDrive/Documentos/Pessoal/ITA/SAT/Competições/SATRace2019/Benchmark/6s20-sc2013.cnf	58614	175092	2633313	2573758	7400290	1528069697	129719	120322	9397	       31.90	       -0.10	12843	1464866	UNSAT	      603.17
26	cadical_v21	15	320	C:/Users/cball/OneDrive/Documentos/Pessoal/ITA/SAT/Competições/SATRace2019/Benchmark/9_50-sc2017.cnf	1458	30499	7246790	7117376	16177559	418960504	350330	329741	20589	       43.50	       -0.08	27984	3890851	SAT	     1614.59
27	cadical_v21	15	320	C:/Users/cball/OneDrive/Documentos/Pessoal/ITA/SAT/Competições/SATRace2019/Benchmark/9dlx_vliw_at_b_iq8-sc2007.cnf	371419	7170905	1129594	1097145	29830121	2570793286	39524	35821	3703	      118.76	       -0.10	5623	4218849	UNSAT	     1032.33
28	cadical_v21	15	320	C:/Users/cball/OneDrive/Documentos/Pessoal/ITA/SAT/Competições/SATRace2019/Benchmark/9pipe_k-sc2012.cnf	49112	2317836	261122	253932	1961085	258609329	7536	6231	1305	      277.47	       -0.08	1766	388619	UNSAT	      135.50
29	cadical_v21	15	320	C:/Users/cball/OneDrive/Documentos/Pessoal/ITA/SAT/Competições/SATRace2019/Benchmark/ACG-20-10p1-sc2009.cnf	381708	1619095	604193	494816	4723678	4968431433	20193	18519	1674	      223.37	       -0.11	2379	658311	SAT	     1173.73
30	cadical_v21	15	320	C:/Users/cball/OneDrive/Documentos/Pessoal/ITA/SAT/Competições/SATRace2019/Benchmark/AProVE07-26-sc2007.cnf	21734	78990	19907129	19619932	75418676	3584287438	811801	740725	71076	       53.01	       -0.10	101277	10056960	IND	     4999.28
31	cadical_v21	15	320	C:/Users/cball/OneDrive/Documentos/Pessoal/ITA/SAT/Competições/SATRace2019/Benchmark/ASG_72_keystream76_1.cnf	3426	15230	1285736	1285726	1288330	669017276	46938	22563	24375	       18.19	       -0.00	25280	539852	SAT	      227.14
32	cadical_v21	15	320	C:/Users/cball/OneDrive/Documentos/Pessoal/ITA/SAT/Competições/SATRace2019/Benchmark/ASG_72_keystream76_2.cnf	3426	15230	8185031	8184892	8199682	3371953458	349873	297508	52365	       18.05	       -0.00	58223	4644310	SAT	     1319.13
33	cadical_v21	15	320	C:/Users/cball/OneDrive/Documentos/Pessoal/ITA/SAT/Competições/SATRace2019/Benchmark/ASG_96_len112_known_last12_2.cnf	6658	31911	3585798	3585234	3604541	2702030741	119522	72364	47158	       19.22	       -0.00	51704	1159437	SAT	     1030.86
34	cadical_v21	15	320	C:/Users/cball/OneDrive/Documentos/Pessoal/ITA/SAT/Competições/SATRace2019/Benchmark/ASG_96_len112_known_last12_2_u.cnf	6658	31911	3585798	3585234	3604541	2702030741	119522	72364	47158	       19.22	       -0.00	51704	1159437	SAT	     1030.89
35	cadical_v21	15	320	C:/Users/cball/OneDrive/Documentos/Pessoal/ITA/SAT/Competições/SATRace2019/Benchmark/ASG_96_len112_known_last13_2.cnf	6658	31909	1740564	1740043	1754126	1535136636	82512	67517	14995	       20.41	       -0.00	16365	866234	SAT	      549.00
36	cadical_v21	15	320	C:/Users/cball/OneDrive/Documentos/Pessoal/ITA/SAT/Competições/SATRace2019/Benchmark/ASG_96_len112_known_last13_2_u.cnf	6658	31909	1841953	1841319	1857184	1547209052	80235	69439	10796	       17.98	       -0.00	12364	969846	UNSAT	      611.27
37	cadical_v21	15	320	C:/Users/cball/OneDrive/Documentos/Pessoal/ITA/SAT/Competições/SATRace2019/Benchmark/Bibd-sc-10-03-08_c18.cnf	32852	170331	2920	2781	31629	1296587	16	11	5	       17.57	       -0.18	11	15995	SAT	        0.92
38	cadical_v21	15	320	C:/Users/cball/OneDrive/Documentos/Pessoal/ITA/SAT/Competições/SATRace2019/Benchmark/CarSequencing-90-01_c18.cnf	66201	915628	141567	136634	2645483	71991783	8509	8379	130	       10.77	       -0.26	300	760610	SAT	       50.89
39	cadical_v21	15	320	C:/Users/cball/OneDrive/Documentos/Pessoal/ITA/SAT/Competições/SATRace2019/Benchmark/CarSequencing-90-02_c18.cnf	48941	552747	140263	135572	2834215	71640170	7640	7506	134	       11.56	       -0.26	301	715368	SAT	       33.11
40	cadical_v21	15	320	C:/Users/cball/OneDrive/Documentos/Pessoal/ITA/SAT/Competições/SATRace2019/Benchmark/EDP3-70000-sc2014.cnf	708290	5425469	3536240	3383969	47530233	6283226524	101429	91500	9929	      369.04	       -0.17	16142	6540552	IND	     4998.89
41	cadical_v21	15	320	C:/Users/cball/OneDrive/Documentos/Pessoal/ITA/SAT/Competições/SATRace2019/Benchmark/Eternity-10-05_c18.cnf	3298	142629	143274	137433	489278	17619056	8419	8078	341	       53.71	       -0.14	505	108732	SAT	       13.70
42	cadical_v21	15	320	C:/Users/cball/OneDrive/Documentos/Pessoal/ITA/SAT/Competições/SATRace2019/Benchmark/Eternity-10-06_c18.cnf	4660	243504	7914313	7709851	17327169	1640217702	286172	266154	20018	      145.05	       -0.07	27416	5260682	SAT	     4587.66
43	cadical_v21	15	320	C:/Users/cball/OneDrive/Documentos/Pessoal/ITA/SAT/Competições/SATRace2019/Benchmark/GracefulGraph-K04-P04_c18.cnf	2692	79064	807652	790893	2140791	99202219	32538	29032	3506	       61.20	       -0.10	4769	425643	SAT	      104.13
44	cadical_v21	15	320	C:/Users/cball/OneDrive/Documentos/Pessoal/ITA/SAT/Competições/SATRace2019/Benchmark/GracefulGraph-K05-P02_c18.cnf	1385	27650	174791	171075	417120	20754559	7969	7136	833	       38.01	       -0.10	1070	95477	SAT	       15.45
45	cadical_v21	15	320	C:/Users/cball/OneDrive/Documentos/Pessoal/ITA/SAT/Competições/SATRace2019/Benchmark/Grain_no_init_ver1_out200_known_last104_0.cnf	2425	23118	6590155	6578897	7977729	546139461	328040	284644	43396	       22.97	       -0.02	49656	3115722	SAT	      702.06
46	cadical_v21	15	320	C:/Users/cball/OneDrive/Documentos/Pessoal/ITA/SAT/Competições/SATRace2019/Benchmark/Grain_no_init_ver1_out200_known_last104_0_u.cnf	2425	23064	24649739	24615490	25613318	1396586046	1064027	895761	168266	       20.26	       -0.01	193555	11422329	UNSAT	     3286.37
47	cadical_v21	15	320	C:/Users/cball/OneDrive/Documentos/Pessoal/ITA/SAT/Competições/SATRace2019/Benchmark/Grain_no_init_ver1_out200_known_last105_0.cnf	2425	23032	522176	521244	617346	42616120	14710	11693	3017	       25.78	       -0.01	3426	312037	SAT	       30.75
48	cadical_v21	15	320	C:/Users/cball/OneDrive/Documentos/Pessoal/ITA/SAT/Competições/SATRace2019/Benchmark/Grain_no_init_ver1_out200_known_last105_0_u.cnf	2425	23034	5812705	5801424	6264259	548644378	250187	206826	43361	       18.52	       -0.01	49611	2543062	UNSAT	      659.06
49	cadical_v21	15	320	C:/Users/cball/OneDrive/Documentos/Pessoal/ITA/SAT/Competições/SATRace2019/Benchmark/Haystacks-ext-12_c18.cnf	1728	19526	4751851	4729462	5327662	58820134	171812	126591	45221	       43.77	       -0.02	51307	1704963	UNSAT	      429.64
50	cadical_v21	15	320	C:/Users/cball/OneDrive/Documentos/Pessoal/ITA/SAT/Competições/SATRace2019/Benchmark/Haystacks-ext-13_c18.cnf	2197	26977	37313140	37114492	41995249	460478302	1607494	1362875	244619	       45.92	       -0.02	279711	18433288	IND	     4998.39
51	cadical_v21	15	320	C:/Users/cball/OneDrive/Documentos/Pessoal/ITA/SAT/Competições/SATRace2019/Benchmark/IBM_FV_20002_31_1_rule_1_SAT_dat.k95-sc2007.cnf	141985	634173	12074706	11817421	53974744	7374160403	504920	472393	32527	       60.44	       -0.12	51339	7176558	IND	     4997.86
52	cadical_v21	15	320	C:/Users/cball/OneDrive/Documentos/Pessoal/ITA/SAT/Competições/SATRace2019/Benchmark/IBM_FV_2004_rule_batch_2_31_2_SAT_dat.k45.debugged-sc2012.cnf	59794	243931	11337131	11149066	34057103	3047446403	523607	483637	39970	       55.15	       -0.10	56100	4878538	IND	     4999.31
53	cadical_v21	15	320	C:/Users/cball/OneDrive/Documentos/Pessoal/ITA/SAT/Competições/SATRace2019/Benchmark/LABS_n066_goal005-sc2013.cnf	152376	308482	4713697	4657991	14221124	14610837474	193298	160163	33135	       44.00	       -0.06	39889	1798609	IND	     4998.64
54	cadical_v21	15	320	C:/Users/cball/OneDrive/Documentos/Pessoal/ITA/SAT/Competições/SATRace2019/Benchmark/LABS_n071_goal001-sc2013.cnf	189982	384580	2063562	2021821	4345682	8132042552	100590	94208	6382	       29.41	       -0.09	8222	1360666	UNSAT	     2523.67
55	cadical_v21	15	320	C:/Users/cball/OneDrive/Documentos/Pessoal/ITA/SAT/Competições/SATRace2019/Benchmark/LABS_n087_goal008-sc2013.cnf	335424	950345	564653	554543	3168473	5403869634	31866	29251	2615	       47.11	       -0.10	3175	358453	SAT	     1436.36
56	cadical_v21	15	320	C:/Users/cball/OneDrive/Documentos/Pessoal/ITA/SAT/Competições/SATRace2019/Benchmark/LABS_n089_goal008-sc2013.cnf	351053	1039313	539227	529143	3712021	5959786599	37708	35325	2383	       51.92	       -0.12	2875	349376	SAT	     1616.69
57	cadical_v21	15	320	C:/Users/cball/OneDrive/Documentos/Pessoal/ITA/SAT/Competições/SATRace2019/Benchmark/MASG0_72_keystream76_0.cnf	3426	20454	7829378	7829354	7833541	5159076365	349764	244194	105570	       15.32	       -0.00	108803	4389505	SAT	     1408.61
58	cadical_v21	15	320	C:/Users/cball/OneDrive/Documentos/Pessoal/ITA/SAT/Competições/SATRace2019/Benchmark/MASG_72_keystream76_0.cnf	3426	20302	11450287	11450070	11463556	9448430251	473736	228678	245058	       17.36	       -0.00	251480	4802130	SAT	     2824.33
59	cadical_v21	15	320	C:/Users/cball/OneDrive/Documentos/Pessoal/ITA/SAT/Competições/SATRace2019/Benchmark/MD5-29-4-sc2014.cnf	8590	65144	16495991	16062455	191534025	2728332201	426115	379716	46399	       96.56	       -0.15	77901	22760925	IND	     4999.22
60	cadical_v21	15	320	C:/Users/cball/OneDrive/Documentos/Pessoal/ITA/SAT/Competições/SATRace2019/Benchmark/MD5-29-5-sc2014.cnf	8591	65154	16585478	16149030	193420485	2721775586	429699	383935	45764	       94.30	       -0.15	77299	23175388	IND	     4999.28
61	cadical_v21	15	320	C:/Users/cball/OneDrive/Documentos/Pessoal/ITA/SAT/Competições/SATRace2019/Benchmark/MM-22.cnf	24975	111780	27271594	26639210	360905802	6670672248	1626659	1579915	46744	       60.25	       -0.16	78255	26422532	IND	     4998.73
62	cadical_v21	15	320	C:/Users/cball/OneDrive/Documentos/Pessoal/ITA/SAT/Competições/SATRace2019/Benchmark/MM-23-2-2-2-2-3.cnf	26541	117126	25048071	24615473	231636024	4761831823	1117066	1065568	51498	       61.23	       -0.13	82779	24036344	IND	     4999.14
63	cadical_v21	15	320	C:/Users/cball/OneDrive/Documentos/Pessoal/ITA/SAT/Competições/SATRace2019/Benchmark/MM-23-2-2-2-2-A.cnf	26541	117126	26050689	25576124	262563801	5210909732	1262389	1212865	49524	       60.36	       -0.14	80905	26567416	IND	     4999.44
64	cadical_v21	15	320	C:/Users/cball/OneDrive/Documentos/Pessoal/ITA/SAT/Competições/SATRace2019/Benchmark/MM-23-2-2-2-2-B.cnf	26541	117126	24111304	23690710	228974931	4631403607	1100590	1050275	50315	       62.82	       -0.13	81654	22646628	IND	     4999.22
65	cadical_v21	15	320	C:/Users/cball/OneDrive/Documentos/Pessoal/ITA/SAT/Competições/SATRace2019/Benchmark/MM-23-2-2-2-2-C.cnf	26541	117126	25323258	24865715	240942356	4998679612	1135389	1086446	48943	       62.29	       -0.13	80351	25382838	IND	     4999.03
66	cadical_v21	15	320	C:/Users/cball/OneDrive/Documentos/Pessoal/ITA/SAT/Competições/SATRace2019/Benchmark/MM-23-2-2-2-2-D.cnf	26541	117126	24479729	24047004	225639889	4688739781	1065536	1013641	51895	       62.28	       -0.13	83152	23795870	IND	     4999.16
67	cadical_v21	15	320	C:/Users/cball/OneDrive/Documentos/Pessoal/ITA/SAT/Competições/SATRace2019/Benchmark/MM-23-2-2-2-2-M.cnf	26541	117126	23372037	22964960	213897261	4479895140	1006297	956494	49803	       64.44	       -0.13	81171	21350027	IND	     4997.36
68	cadical_v21	15	320	C:/Users/cball/OneDrive/Documentos/Pessoal/ITA/SAT/Competições/SATRace2019/Benchmark/MM-23-2-2-2-3-4.cnf	26541	117126	22278456	21910430	200780854	4240728163	998994	947734	51260	       64.84	       -0.13	82551	18085038	IND	     4994.45
69	cadical_v21	15	320	C:/Users/cball/OneDrive/Documentos/Pessoal/ITA/SAT/Competições/SATRace2019/Benchmark/MM-23-2-2-2-4-A.cnf	26541	117126	23482299	23078564	213646623	4491831251	1028572	978341	50231	       63.63	       -0.13	81575	21319434	IND	     4993.97
70	cadical_v21	15	320	C:/Users/cball/OneDrive/Documentos/Pessoal/ITA/SAT/Competições/SATRace2019/Benchmark/MM-23-2-2-2-4-B.cnf	26541	117126	23177206	22782554	205464758	4418734500	978640	927636	51004	       65.18	       -0.13	82308	20668134	IND	     4993.16
71	cadical_v21	15	320	C:/Users/cball/OneDrive/Documentos/Pessoal/ITA/SAT/Competições/SATRace2019/Benchmark/MM-23-2-2-3-A.cnf	26541	117126	22636891	22238788	195770127	4348706932	907200	856115	51085	       68.09	       -0.12	82382	20167641	IND	     4995.31
72	cadical_v21	15	320	C:/Users/cball/OneDrive/Documentos/Pessoal/ITA/SAT/Competições/SATRace2019/Benchmark/MM-23-2-2-3-B.cnf	26541	117126	21199511	20832276	182284793	3992455161	862495	810021	52474	       68.96	       -0.12	83699	17535805	IND	     4993.39
73	cadical_v21	15	320	C:/Users/cball/OneDrive/Documentos/Pessoal/ITA/SAT/Competições/SATRace2019/Benchmark/MM-23-2-4-A.cnf	26541	117126	21849767	21468110	194474811	4228763693	925428	873588	51840	       67.48	       -0.13	83098	18476439	IND	     4991.49
74	cadical_v21	15	320	C:/Users/cball/OneDrive/Documentos/Pessoal/ITA/SAT/Competições/SATRace2019/Benchmark/MM-23-2-4-B.cnf	26541	117126	24755944	24312591	242617460	4907501103	1160784	1110995	49789	       61.19	       -0.14	81157	23835467	IND	     4996.30
75	cadical_v21	15	320	C:/Users/cball/OneDrive/Documentos/Pessoal/ITA/SAT/Competições/SATRace2019/Benchmark/MM-23-3-3-A.cnf	26541	117126	24271182	23838630	239641790	4790651016	1159593	1108506	51087	       62.39	       -0.14	82385	22545536	IND	     4997.84
76	cadical_v21	15	320	C:/Users/cball/OneDrive/Documentos/Pessoal/ITA/SAT/Competições/SATRace2019/Benchmark/MM-23-3-3-B.cnf	26541	117126	24282496	23842839	222470561	4760093502	1040914	990467	50447	       63.93	       -0.13	81777	23580816	IND	     4998.70
77	cadical_v21	15	320	C:/Users/cball/OneDrive/Documentos/Pessoal/ITA/SAT/Competições/SATRace2019/Benchmark/MM-23-3-3-M.cnf	26541	117126	22851630	22454478	199849656	4308237700	927149	876393	50756	       66.34	       -0.13	82070	20653616	IND	     4997.74
78	cadical_v21	15	320	C:/Users/cball/OneDrive/Documentos/Pessoal/ITA/SAT/Competições/SATRace2019/Benchmark/MM-23-3-3-N.cnf	26541	117126	24784966	24341026	241387866	4808674006	1157816	1106451	51365	       59.99	       -0.14	82650	24124865	IND	     4998.83
79	cadical_v21	15	320	C:/Users/cball/OneDrive/Documentos/Pessoal/ITA/SAT/Competições/SATRace2019/Benchmark/MM-23-4-4-4-4-1.cnf	26541	117126	20778182	20451232	159500034	3663809572	780708	727116	53592	       69.13	       -0.12	84760	15405396	IND	     4997.36
80	cadical_v21	15	320	C:/Users/cball/OneDrive/Documentos/Pessoal/ITA/SAT/Competições/SATRace2019/Benchmark/MM-23-5-A.cnf	26541	117126	23166655	22752460	214250062	4510088257	1014384	963889	50495	       65.76	       -0.13	81825	20706527	IND	     4998.75
81	cadical_v21	15	320	C:/Users/cball/OneDrive/Documentos/Pessoal/ITA/SAT/Competições/SATRace2019/Benchmark/MM-23-5-B.cnf	26541	117126	22260243	21867613	205618568	4349901592	984668	933583	51085	       67.53	       -0.13	82383	18778963	IND	     4999.14
82	cadical_v21	15	320	C:/Users/cball/OneDrive/Documentos/Pessoal/ITA/SAT/Competições/SATRace2019/Benchmark/MM-23-no-type3.cnf	26541	117153	25453404	24869197	365256826	7105197572	1586211	1540673	45538	       61.99	       -0.16	77112	21728445	IND	     4998.83
83	cadical_v21	15	320	C:/Users/cball/OneDrive/Documentos/Pessoal/ITA/SAT/Competições/SATRace2019/Benchmark/MUS-v310-4-sc2013.cnf	310	1081	9154670	8991029	14628823	324891199	432447	396257	36190	       17.91	       -0.06	45768	4439635	UNSAT	     2562.83
84	cadical_v21	15	320	C:/Users/cball/OneDrive/Documentos/Pessoal/ITA/SAT/Competições/SATRace2019/Benchmark/Mario-t-hard-2_c18.cnf	35945	1218255	1042	1019	17325	175580	36	36	0	       14.02	       -0.17	1	6689	SAT	        2.80
85	cadical_v21	15	320	C:/Users/cball/OneDrive/Documentos/Pessoal/ITA/SAT/Competições/SATRace2019/Benchmark/Mario-t-hard-5_c18.cnf	35320	1182493	1082	1069	23463	226033	48	47	1	       19.18	       -0.15	2	10249	SAT	        2.69
86	cadical_v21	15	320	C:/Users/cball/OneDrive/Documentos/Pessoal/ITA/SAT/Competições/SATRace2019/Benchmark/Mickey_out250_known_last146_0.cnf	72078	517702	589562	578423	3786253	260290938	34842	32238	2604	       28.26	       -0.15	3243	696442	SAT	      145.23
87	cadical_v21	15	320	C:/Users/cball/OneDrive/Documentos/Pessoal/ITA/SAT/Competições/SATRace2019/Benchmark/Mickey_out250_known_last146_0_u.cnf	72078	517705	2708385	2666961	15168343	1116461699	135963	120755	15208	       28.44	       -0.12	18601	2484542	UNSAT	      793.22
88	cadical_v21	15	320	C:/Users/cball/OneDrive/Documentos/Pessoal/ITA/SAT/Competições/SATRace2019/Benchmark/Mickey_out250_known_last147_0.cnf	72078	517728	555219	542193	4180049	190509703	34502	33319	1183	       47.86	       -0.17	1789	705686	SAT	      120.83
89	cadical_v21	15	320	C:/Users/cball/OneDrive/Documentos/Pessoal/ITA/SAT/Competições/SATRace2019/Benchmark/Mickey_out250_known_last147_0_u.cnf	72078	517728	842605	829893	4067550	395363978	37260	32006	5254	       27.86	       -0.11	6543	697943	UNSAT	      212.91
90	cadical_v21	15	320	C:/Users/cball/OneDrive/Documentos/Pessoal/ITA/SAT/Competições/SATRace2019/Benchmark/Nb51T6-sc2018.cnf	2365527	10508040	882715	872451	1498081	3603229130	29138	23848	5290	       16.08	       -0.06	6700	309359	UNSAT	     3037.89
91	cadical_v21	15	320	C:/Users/cball/OneDrive/Documentos/Pessoal/ITA/SAT/Competições/SATRace2019/Benchmark/Nb7T44-sc2017.cnf	55333	219128	819658	803601	20219237	265747970	45495	43387	2108	       87.69	       -0.14	3489	856589	SAT	      161.58
92	cadical_v21	15	320	C:/Users/cball/OneDrive/Documentos/Pessoal/ITA/SAT/Competições/SATRace2019/Benchmark/Pb-chnl15-16_c18.cnf	480	3632	30118810	29910987	35430371	521745610	1265761	1124337	141424	       66.12	       -0.03	167747	16086589	IND	     4997.94
93	cadical_v21	15	320	C:/Users/cball/OneDrive/Documentos/Pessoal/ITA/SAT/Competições/SATRace2019/Benchmark/Pb-chnl20-21_c18.cnf	840	8442	25789045	25596765	29573581	620560324	806491	665003	141488	      117.94	       -0.03	167806	13326634	IND	     4994.34
94	cadical_v21	15	320	C:/Users/cball/OneDrive/Documentos/Pessoal/ITA/SAT/Competições/SATRace2019/Benchmark/QG7a-gensys-icl001.sat05-3822.reshuffled-07-sc2007.cnf	2441	15733	687232	675566	1150402	48063521	26145	22946	3199	       27.16	       -0.07	4108	321417	UNSAT	       83.70
95	cadical_v21	15	320	C:/Users/cball/OneDrive/Documentos/Pessoal/ITA/SAT/Competições/SATRace2019/Benchmark/QG7a-gensys-ukn002.sat05-3842.reshuffled-07-sc2007.cnf	2935	18371	2249575	2229335	3393688	164345295	93351	83762	9589	       35.65	       -0.05	11836	1187784	UNSAT	      725.94
96	cadical_v21	15	320	C:/Users/cball/OneDrive/Documentos/Pessoal/ITA/SAT/Competições/SATRace2019/Benchmark/QuasiGroup-4-10_c18.cnf	3220	59525	9374803	9248158	16379346	2522738506	345594	299718	45876	       56.19	       -0.05	55646	4781720	IND	     4917.62
97	cadical_v21	15	320	C:/Users/cball/OneDrive/Documentos/Pessoal/ITA/SAT/Competições/SATRace2019/Benchmark/QuasiGroup-4-12_c18.cnf	5244	118126	803630	784003	4306497	349818000	61963	57981	3982	       72.78	       -0.15	5212	332442	SAT	      261.44
98	cadical_v21	15	320	C:/Users/cball/OneDrive/Documentos/Pessoal/ITA/SAT/Competições/SATRace2019/Benchmark/SAT_dat.k100-sc2012.cnf	349350	1419267	1142618	1113885	3852919	692981256	56613	53247	3366	       31.15	       -0.14	5310	629692	UNSAT	      349.28
99	cadical_v21	15	320	C:/Users/cball/OneDrive/Documentos/Pessoal/ITA/SAT/Competições/SATRace2019/Benchmark/SAT_dat.k85-sc2013.cnf	1376707	5351985	1478915	1436224	6639153	5128208389	94074	91027	3047	       44.41	       -0.16	5005	1187951	UNSAT	     1729.84
100	cadical_v21	15	320	C:/Users/cball/OneDrive/Documentos/Pessoal/ITA/SAT/Competições/SATRace2019/Benchmark/SGI_30_60_24_40_2-dir.shuffled-as.sat03-118-sc2002.cnf	720	58758	4803692	4715744	6574214	268369578	170834	138406	32428	      102.09	       -0.03	39131	1942982	UNSAT	     1909.56
101	cadical_v21	15	320	C:/Users/cball/OneDrive/Documentos/Pessoal/ITA/SAT/Competições/SATRace2019/Benchmark/SGI_30_60_28_40_2-dir.shuffled-as.sat03-124-sc2002.cnf	840	71206	10161518	9961141	13679242	632112171	390024	335898	54126	      118.99	       -0.04	65801	5222575	IND	     4990.31
102	cadical_v21	15	320	C:/Users/cball/OneDrive/Documentos/Pessoal/ITA/SAT/Competições/SATRace2019/Benchmark/Schur_160_5_d38-sc2016.cnf	752	27325	25340012	24672908	47875954	1332266030	1025471	933427	92044	       43.41	       -0.08	121100	13139241	IND	     4995.92
103	cadical_v21	15	320	C:/Users/cball/OneDrive/Documentos/Pessoal/ITA/SAT/Competições/SATRace2019/Benchmark/Schur_161_5_d22-sc2016.cnf	773	29353	25353820	24782810	48370174	1351947280	979392	882297	97095	       40.96	       -0.07	125901	12622055	IND	     4995.03
104	cadical_v21	15	320	C:/Users/cball/OneDrive/Documentos/Pessoal/ITA/SAT/Competições/SATRace2019/Benchmark/SocialGolfers-6-6-6-cp_c18.cnf	9188	81017	10050029	9915835	23791986	1658968973	422780	378119	44661	       32.20	       -0.08	56595	5101294	IND	     4996.14
105	cadical_v21	15	320	C:/Users/cball/OneDrive/Documentos/Pessoal/ITA/SAT/Competições/SATRace2019/Benchmark/SocialGolfers-6-6-7-cp_c18.cnf	11244	99730	9517116	9379927	24521212	1677650951	430836	391801	39035	       30.65	       -0.08	49608	5088660	IND	     4998.58
106	cadical_v21	15	320	C:/Users/cball/OneDrive/Documentos/Pessoal/ITA/SAT/Competições/SATRace2019/Benchmark/Subisomorphism-g10-g23_c18.cnf	2309	88734	11068472	10855806	16034832	893464565	388694	316680	72014	      114.45	       -0.03	85445	5543614	UNSAT	     2931.95
107	cadical_v21	15	320	C:/Users/cball/OneDrive/Documentos/Pessoal/ITA/SAT/Competições/SATRace2019/Benchmark/Subisomorphism-g10-g27_c18.cnf	3191	73950	13332832	12948336	23274352	1896755569	340289	262464	77825	      145.20	       -0.05	98006	6697691	SAT	     4083.75
108	cadical_v21	15	320	C:/Users/cball/OneDrive/Documentos/Pessoal/ITA/SAT/Competições/SATRace2019/Benchmark/T103.2.1-sc2017.cnf	2943830	10335595	390486	371866	6829028	2070959555	20639	19977	662	       28.56	       -0.16	1155	586752	UNSAT	     1172.48
109	cadical_v21	15	320	C:/Users/cball/OneDrive/Documentos/Pessoal/ITA/SAT/Competições/SATRace2019/Benchmark/T169.1.0-sc2017.cnf	1579557	5889425	148280	144354	40256978	467746789	9226	9111	115	       11.15	       -0.22	308	15087950	SAT	      404.76
110	cadical_v21	15	320	C:/Users/cball/OneDrive/Documentos/Pessoal/ITA/SAT/Competições/SATRace2019/Benchmark/Tal-07_c18.cnf	76668	639201	117315	46514	1344414	146817853	1213	1071	142	     1654.00	       -0.09	213	210574	SAT	       67.86
111	cadical_v21	15	320	C:/Users/cball/OneDrive/Documentos/Pessoal/ITA/SAT/Competições/SATRace2019/Benchmark/Tal-08_c18.cnf	97675	809532	154679	63586	1786689	212423991	1314	1087	227	     1832.78	       -0.08	357	221849	SAT	      104.53
112	cadical_v21	15	320	C:/Users/cball/OneDrive/Documentos/Pessoal/ITA/SAT/Competições/SATRace2019/Benchmark/TimetableCNFEncoding_5_UNKNOWN-sc2018.cnf	302576	1702428	18319603	17810129	1112852095	12226404644	385444	325540	59904	      100.65	       -0.09	90561	126299442	IND	     5000.06
113	cadical_v21	15	320	C:/Users/cball/OneDrive/Documentos/Pessoal/ITA/SAT/Competições/SATRace2019/Benchmark/Trivium_no_init_out350_known_last142_1.cnf	2187	21358	11629355	11592609	14772824	733905221	541491	449956	91535	       23.50	       -0.03	105980	4271799	SAT	     2447.92
114	cadical_v21	15	320	C:/Users/cball/OneDrive/Documentos/Pessoal/ITA/SAT/Competições/SATRace2019/Benchmark/Trivium_no_init_out350_known_last142_1_u.cnf	2187	21364	18321453	18269336	21414188	1150678326	740320	575936	164384	       23.35	       -0.02	189843	5880669	UNSAT	     4452.64
115	cadical_v21	15	320	C:/Users/cball/OneDrive/Documentos/Pessoal/ITA/SAT/Competições/SATRace2019/Benchmark/Trivium_no_init_out350_known_last143_1.cnf	2187	21286	2774772	2764909	3774292	182546545	132148	110480	21668	       24.44	       -0.04	24933	1075206	SAT	      351.97
116	cadical_v21	15	320	C:/Users/cball/OneDrive/Documentos/Pessoal/ITA/SAT/Competições/SATRace2019/Benchmark/Trivium_no_init_out350_known_last143_1_u.cnf	2187	21286	9829798	9796873	12565819	594606744	508573	441968	66605	       22.22	       -0.03	76746	4293884	UNSAT	     1883.09
117	cadical_v21	15	320	C:/Users/cball/OneDrive/Documentos/Pessoal/ITA/SAT/Competições/SATRace2019/Benchmark/UCG-20-10p1-sc2009.cnf	259258	1374203	545230	443778	3909750	2246803783	17528	16115	1413	      192.99	       -0.10	1955	653010	SAT	      589.09
118	cadical_v21	15	320	C:/Users/cball/OneDrive/Documentos/Pessoal/ITA/SAT/Competições/SATRace2019/Benchmark/UR-20-5p1-sc2009.cnf	224962	1192377	206557	171857	1897794	473761394	6803	6253	550	      222.23	       -0.13	893	181426	SAT	      140.78
119	cadical_v21	15	320	C:/Users/cball/OneDrive/Documentos/Pessoal/ITA/SAT/Competições/SATRace2019/Benchmark/UTI-20-10p0-sc2009.cnf	259616	1360766	1429316	1288320	9062158	2491632679	47948	43931	4017	      200.87	       -0.10	5893	1141927	UNSAT	      891.97
120	cadical_v21	15	320	C:/Users/cball/OneDrive/Documentos/Pessoal/ITA/SAT/Competições/SATRace2019/Benchmark/UTI-20-10p1-sc2009.cnf	260342	1377484	1814195	1634593	12214237	3095972129	70328	66525	3803	      206.56	       -0.11	5689	1680717	SAT	     1163.00
121	cadical_v21	15	320	C:/Users/cball/OneDrive/Documentos/Pessoal/ITA/SAT/Competições/SATRace2019/Benchmark/UTI-20-5p0-sc2009.cnf	225296	1180795	1381106	1267224	7410906	1667145266	47573	43831	3742	      135.79	       -0.10	5640	946843	UNSAT	      598.70
122	cadical_v21	15	320	C:/Users/cball/OneDrive/Documentos/Pessoal/ITA/SAT/Competições/SATRace2019/Benchmark/aaai10-planning-ipc5-TPP-21-step11-sc2011.cnf	99736	783852	557012	527992	1678643	2003910751	17099	15652	1447	       97.74	       -0.08	2038	420123	UNSAT	      362.02
123	cadical_v21	15	320	C:/Users/cball/OneDrive/Documentos/Pessoal/ITA/SAT/Competições/SATRace2019/Benchmark/aaai10-planning-ipc5-pathways-17-step21-sc2011.cnf	53919	307816	50428	48072	363538	90781512	2769	2599	170	      134.25	       -0.13	254	28753	SAT	       20.06
124	cadical_v21	15	320	C:/Users/cball/OneDrive/Documentos/Pessoal/ITA/SAT/Competições/SATRace2019/Benchmark/ablmulub16x4o-sc2016.cnf	2958	8708	1278838	1275608	1350578	256010915	45112	33244	11868	       37.98	       -0.01	13387	506450	UNSAT	      160.20
125	cadical_v21	15	320	C:/Users/cball/OneDrive/Documentos/Pessoal/ITA/SAT/Competições/SATRace2019/Benchmark/ablmulub2x32o-sc2016.cnf	5241	15431	3677460	3599923	7138394	270410313	126297	105815	20482	       22.28	       -0.07	26602	1357955	UNSAT	      266.95
126	cadical_v21	15	320	C:/Users/cball/OneDrive/Documentos/Pessoal/ITA/SAT/Competições/SATRace2019/Benchmark/ae_rphp095_04-sc2018.cnf	14665	34976	56977009	50191510	392140452	3140693331	880321	444551	435770	       42.00	       -0.05	518216	41564800	UNSAT	     4360.56
127	cadical_v21	15	320	C:/Users/cball/OneDrive/Documentos/Pessoal/ITA/SAT/Competições/SATRace2019/Benchmark/aes_24_4_keyfind_2-sc2013.cnf	520	5763	2924314	2915799	3969288	105096787	146819	126547	20272	       25.15	       -0.03	24072	1026557	SAT	      602.75
128	cadical_v21	15	320	C:/Users/cball/OneDrive/Documentos/Pessoal/ITA/SAT/Competições/SATRace2019/Benchmark/aes_24_4_keyfind_5-sc2014.cnf	520	5761	10410891	10391279	13136697	356031205	539844	473398	66446	       25.95	       -0.02	78394	4204669	SAT	     3899.51
129	cadical_v21	15	320	C:/Users/cball/OneDrive/Documentos/Pessoal/ITA/SAT/Competições/SATRace2019/Benchmark/aes_32_3_keyfind_1-sc2011.cnf	708	2539	8096236	8067972	12001207	368891220	483489	447527	35962	       22.91	       -0.05	42586	4204737	SAT	     1525.45
130	cadical_v21	15	320	C:/Users/cball/OneDrive/Documentos/Pessoal/ITA/SAT/Competições/SATRace2019/Benchmark/aes_equiv_encry_3_rounds.debugged-sc2012.cnf	501284	2745938	2013667	2004351	16078988	139015330	106805	100825	5980	       15.09	       -0.07	7792	2170852	UNSAT	      317.06
131	cadical_v21	15	320	C:/Users/cball/OneDrive/Documentos/Pessoal/ITA/SAT/Competições/SATRace2019/Benchmark/ak128astepbg2msaig-sc2016.cnf	422649	1265651	6198277	6005909	38811900	12333947187	275546	253200	22346	       73.00	       -0.16	29644	9383559	IND	     4995.88
132	cadical_v21	15	320	C:/Users/cball/OneDrive/Documentos/Pessoal/ITA/SAT/Competições/SATRace2019/Benchmark/ak128modasbg2asisc-sc2016.cnf	293123	943087	6949020	6747201	44341501	11736687752	318611	295389	23222	       69.04	       -0.17	30481	11187392	IND	     4994.97
133	cadical_v21	15	320	C:/Users/cball/OneDrive/Documentos/Pessoal/ITA/SAT/Competições/SATRace2019/Benchmark/apn-sbox6-cut4-helpbox31-sc2018.cnf	137472	810768	615541	612634	1460234	166681159	28030	26012	2018	       21.15	       -0.10	2768	482635	SAT	      117.19
134	cadical_v21	15	320	C:/Users/cball/OneDrive/Documentos/Pessoal/ITA/SAT/Competições/SATRace2019/Benchmark/atco_enc1_opt1_04_32-sc2014.cnf	57220	568572	136740	131901	1428423	159445023	16724	16477	247	       22.60	       -0.27	397	113594	SAT	       73.09
135	cadical_v21	15	320	C:/Users/cball/OneDrive/Documentos/Pessoal/ITA/SAT/Competições/SATRace2019/Benchmark/atco_enc1_opt2_10_16-sc2014.cnf	9643	145203	3846181	3785562	6515529	774124589	138801	119015	19786	       24.16	       -0.07	26452	1116935	SAT	      574.36
136	cadical_v21	15	320	C:/Users/cball/OneDrive/Documentos/Pessoal/ITA/SAT/Competições/SATRace2019/Benchmark/atco_enc1_opt2_20_12-sc2014.cnf	171148	6591010	3259913	3226322	5400432	1867422350	125260	110346	14914	       25.72	       -0.06	20026	1097260	UNSAT	     1932.39
137	cadical_v21	15	320	C:/Users/cball/OneDrive/Documentos/Pessoal/ITA/SAT/Competições/SATRace2019/Benchmark/atco_enc2_opt2_05_9-sc2014.cnf	14912	381544	734122	714431	2885494	267376830	40478	38195	2283	       39.37	       -0.14	3386	386249	SAT	      177.89
138	cadical_v21	15	320	C:/Users/cball/OneDrive/Documentos/Pessoal/ITA/SAT/Competições/SATRace2019/Benchmark/atco_enc2_opt2_10_21-sc2014.cnf	9824	153979	611015	600319	1376626	102570026	30829	28775	2054	       22.98	       -0.09	2788	301748	SAT	       63.44
139	cadical_v21	15	320	C:/Users/cball/OneDrive/Documentos/Pessoal/ITA/SAT/Competições/SATRace2019/Benchmark/atco_enc3_opt2_10_12-sc2014.cnf	1236271	4906536	209144	204226	423520	3073138337	6713	5708	1005	       20.21	       -0.07	1340	82206	UNSAT	      969.51
140	cadical_v21	15	320	C:/Users/cball/OneDrive/Documentos/Pessoal/ITA/SAT/Competições/SATRace2019/Benchmark/b04_s_2_unknown_pre-sc2013.cnf	123133	796517	2178116	2094317	8383683	5019883865	97061	93329	3732	       75.92	       -0.14	6063	1853283	SAT	     2082.51
141	cadical_v21	15	320	C:/Users/cball/OneDrive/Documentos/Pessoal/ITA/SAT/Competições/SATRace2019/Benchmark/b04_s_unknown-sc2013.cnf	290693	1262210	186317	177281	1451278	492414308	9641	9400	241	       36.03	       -0.22	545	246291	SAT	      213.45
142	cadical_v21	15	320	C:/Users/cball/OneDrive/Documentos/Pessoal/ITA/SAT/Competições/SATRace2019/Benchmark/b1904P1-8x8c6h5SAT.cnf	63268	396114	16026673	15693926	56315125	4062853203	587538	527973	59565	       59.70	       -0.10	89197	6352661	IND	     4996.47
143	cadical_v21	15	320	C:/Users/cball/OneDrive/Documentos/Pessoal/ITA/SAT/Competições/SATRace2019/Benchmark/b1904P1-8x8c6h7SAT.cnf	63268	374457	9660486	9437852	36409932	2780679128	524944	499387	25557	       51.60	       -0.12	37236	5972318	SAT	     3042.24
144	cadical_v21	15	320	C:/Users/cball/OneDrive/Documentos/Pessoal/ITA/SAT/Competições/SATRace2019/Benchmark/b1904P2-8x8c9h5SAT.cnf	68940	327952	14132048	13831923	35011270	4372250061	479394	423294	56100	       59.55	       -0.09	80031	5973214	IND	     4995.25
145	cadical_v21	15	320	C:/Users/cball/OneDrive/Documentos/Pessoal/ITA/SAT/Competições/SATRace2019/Benchmark/b1904P2-8x8c9h7UNSAT.cnf	68940	310541	11545039	11287274	27566091	4963893463	446422	402401	44021	       54.14	       -0.09	60572	5390293	IND	     4996.67
146	cadical_v21	15	320	C:/Users/cball/OneDrive/Documentos/Pessoal/ITA/SAT/Competições/SATRace2019/Benchmark/b1904P3-8x8c11h0SAT.cnf	69644	368587	13526354	13221648	33396856	4139209274	432528	382185	50343	       85.27	       -0.09	72707	6288977	IND	     4997.44
147	cadical_v21	15	320	C:/Users/cball/OneDrive/Documentos/Pessoal/ITA/SAT/Competições/SATRace2019/Benchmark/b1904P3-8x8c11h7SAT.cnf	69644	305432	3679193	3597655	8133414	1178286370	121771	106272	15499	       51.54	       -0.08	21860	1393561	SAT	      917.09
148	cadical_v21	15	320	C:/Users/cball/OneDrive/Documentos/Pessoal/ITA/SAT/Competições/SATRace2019/Benchmark/b1904P3-8x8c11h7UNSAT.cnf	69644	306029	2903946	2836223	6609863	1322664201	113065	102628	10437	       55.87	       -0.09	14661	1353941	UNSAT	      937.84
149	cadical_v21	15	320	C:/Users/cball/OneDrive/Documentos/Pessoal/ITA/SAT/Competições/SATRace2019/Benchmark/b_unsat-sc2013.cnf	113407	1010625	1448013	1428450	2385371	2771366937	63848	58151	5697	       52.90	       -0.07	7516	635860	UNSAT	     1426.59
150	cadical_v21	15	320	C:/Users/cball/OneDrive/Documentos/Pessoal/ITA/SAT/Competições/SATRace2019/Benchmark/blockpuzzle_5x10_s3_free4-sc2017.cnf	2750	286160	7969902	7770216	18240317	353186050	391716	365630	26086	       98.47	       -0.05	33115	6638354	UNSAT	     1302.12
151	cadical_v21	15	320	C:/Users/cball/OneDrive/Documentos/Pessoal/ITA/SAT/Competições/SATRace2019/Benchmark/blocks-blocks-36-0.120-NOTKNOWN-sc2011.cnf	489685	8702447	1904057	1523409	19256006	11461868520	42809	39109	3700	     1048.13	       -0.08	5512	3614295	IND	     4998.31
152	cadical_v21	15	320	C:/Users/cball/OneDrive/Documentos/Pessoal/ITA/SAT/Competições/SATRace2019/Benchmark/blocks-blocks-37-1.130-NOTKNOWN-sc2011.cnf	559571	10144966	597518	447075	6439601	4269682626	10033	8529	1504	     1303.34	       -0.07	2148	1249642	UNSAT	     1734.53
153	cadical_v21	15	320	C:/Users/cball/OneDrive/Documentos/Pessoal/ITA/SAT/Competições/SATRace2019/Benchmark/bob12s06-sc2013.cnf	482548	1368963	4605346	4559607	232733816	4352970289	212664	184400	28264	       27.44	       -0.08	35282	105223482	UNSAT	     1525.06
154	cadical_v21	15	320	C:/Users/cball/OneDrive/Documentos/Pessoal/ITA/SAT/Competições/SATRace2019/Benchmark/c6288mul.miter.shuffled-as.sat03-346-sc2002.cnf	9540	61421	4843487	4765231	16377073	1026261295	231552	204901	26651	       40.74	       -0.10	33745	2106091	UNSAT	     1083.75
155	cadical_v21	15	320	C:/Users/cball/OneDrive/Documentos/Pessoal/ITA/SAT/Competições/SATRace2019/Benchmark/cms-scheel-md5-families-r24-c8-p0-3-5-6-14-16-18-19-sc2018.cnf	39547	130954	3497117	3424622	58077999	480147521	150124	142279	7845	       25.03	       -0.18	14065	6527114	SAT	      440.02
156	cadical_v21	15	320	C:/Users/cball/OneDrive/Documentos/Pessoal/ITA/SAT/Competições/SATRace2019/Benchmark/connm-ue-csp-sat-n800-d0.02-s111845174.used-as.sat04-958-sc2011.cnf	772	9601	14138319	14098808	16261294	1548468474	445599	327703	117896	       24.76	       -0.02	138716	4593397	UNSAT	     4687.50
157	cadical_v21	15	320	C:/Users/cball/OneDrive/Documentos/Pessoal/ITA/SAT/Competições/SATRace2019/Benchmark/countbitsrotate032-sc2009.cnf	8527	25482	12694509	12694403	12705202	11444710817	584531	140855	443676	       26.90	       -0.00	444093	5063744	IND	     4999.38
158	cadical_v21	15	320	C:/Users/cball/OneDrive/Documentos/Pessoal/ITA/SAT/Competições/SATRace2019/Benchmark/countbitssrl032-sc2009.cnf	18607	55720	320186	314966	738125	133965042	17132	15537	1595	       32.08	       -0.09	2042	122693	UNSAT	       60.98
159	cadical_v21	15	320	C:/Users/cball/OneDrive/Documentos/Pessoal/ITA/SAT/Competições/SATRace2019/Benchmark/countbitswegner128-sc2011.cnf	98048	293756	5790581	5676297	16601892	2270125297	259836	245181	14655	       68.56	       -0.10	22367	3093824	UNSAT	     1238.56
160	cadical_v21	15	320	C:/Users/cball/OneDrive/Documentos/Pessoal/ITA/SAT/Competições/SATRace2019/Benchmark/course0.2_2018_3-sc2018.cnf	1314940	2548425	838788	811966	6677232	2407192607	34008	32346	1662	       24.31	       -0.16	3122	666990	SAT	      835.50
161	cadical_v21	15	320	C:/Users/cball/OneDrive/Documentos/Pessoal/ITA/SAT/Competições/SATRace2019/Benchmark/crafted_n11_d6_c3_num24-sc2013.cnf	36208	7010872	303198	293515	692532	223290975	3815	2079	1736	      221.68	       -0.05	2167	210155	UNSAT	      215.81
162	cadical_v21	15	320	C:/Users/cball/OneDrive/Documentos/Pessoal/ITA/SAT/Competições/SATRace2019/Benchmark/cruxmiter28seed8.cnf	506	1406	4016749	3995812	5505703	97737366	135713	106188	29525	       19.34	       -0.04	36235	1132533	UNSAT	      318.48
163	cadical_v21	15	320	C:/Users/cball/OneDrive/Documentos/Pessoal/ITA/SAT/Competições/SATRace2019/Benchmark/cruxmiter29seed4.cnf	511	1418	11408927	11343296	14632059	258531236	454630	386423	68207	       19.03	       -0.04	83149	4576963	UNSAT	     1104.66
164	cadical_v21	15	320	C:/Users/cball/OneDrive/Documentos/Pessoal/ITA/SAT/Competições/SATRace2019/Benchmark/cruxmiter29seed9.cnf	513	1424	34662234	34433227	42721919	765357845	1706542	1561206	145336	       19.77	       -0.04	177601	18275024	UNSAT	     4968.70
165	cadical_v21	15	320	C:/Users/cball/OneDrive/Documentos/Pessoal/ITA/SAT/Competições/SATRace2019/Benchmark/cruxmiter32seed4.cnf	621	1733	30173107	30037210	39267575	730262326	1496312	1367237	129075	       24.43	       -0.03	156334	15985183	IND	     4999.27
166	cadical_v21	15	320	C:/Users/cball/OneDrive/Documentos/Pessoal/ITA/SAT/Competições/SATRace2019/Benchmark/ctl_4291_567_2_unsat-sc2013.cnf	17850	149132	7540122	7434990	10665716	3760379676	352953	326807	26146	       16.78	       -0.07	33262	4042321	UNSAT	     1922.94
167	cadical_v21	15	320	C:/Users/cball/OneDrive/Documentos/Pessoal/ITA/SAT/Competições/SATRace2019/Benchmark/ctl_4291_567_2_unsat_pre-sc2013.cnf	15232	147245	8270525	8154803	11795699	3895020974	395946	369030	26916	       17.02	       -0.07	34237	4597157	UNSAT	     2117.55
168	cadical_v21	15	320	C:/Users/cball/OneDrive/Documentos/Pessoal/ITA/SAT/Competições/SATRace2019/Benchmark/ctl_4291_567_5_unsat_pre-sc2014.cnf	15232	134756	17693768	17501418	23018444	9464918730	615812	497107	118705	       16.62	       -0.05	146480	5529437	IND	     4999.25
169	cadical_v21	15	320	C:/Users/cball/OneDrive/Documentos/Pessoal/ITA/SAT/Competições/SATRace2019/Benchmark/custmulsb2x32o-sc2016.cnf	4660	13676	26359446	26359002	26397580	5164690828	1062396	432066	630330	       53.77	       -0.00	632903	14184341	IND	     4999.33
170	cadical_v21	15	320	C:/Users/cball/OneDrive/Documentos/Pessoal/ITA/SAT/Competições/SATRace2019/Benchmark/custmulun16x16o-sc2016.cnf	3633	10625	18508601	18274777	26129234	3768839348	780858	622661	158197	       46.03	       -0.02	183979	6003152	IND	     4997.50
171	cadical_v21	15	320	C:/Users/cball/OneDrive/Documentos/Pessoal/ITA/SAT/Competições/SATRace2019/Benchmark/dist6.c-sc2018.cnf	15254	68087	844205	836915	1151665	122516124	33090	26466	6624	       25.13	       -0.04	7846	275581	UNSAT	       87.66
172	cadical_v21	15	320	C:/Users/cball/OneDrive/Documentos/Pessoal/ITA/SAT/Competições/SATRace2019/Benchmark/dp12u11.used-as.sat04-358-sc2004.cnf	11137	29956	1809426	1782322	2905989	202567466	81473	74912	6561	       20.73	       -0.07	8336	966721	UNSAT	      191.31
173	cadical_v21	15	320	C:/Users/cball/OneDrive/Documentos/Pessoal/ITA/SAT/Competições/SATRace2019/Benchmark/e_rphp035_05-sc2018.cnf	2960	5555	20030744	15927181	85032156	601893459	359371	255107	104264	       23.01	       -0.06	132299	28703150	UNSAT	      811.51
174	cadical_v21	15	320	C:/Users/cball/OneDrive/Documentos/Pessoal/ITA/SAT/Competições/SATRace2019/Benchmark/ecarev-110-1031-23-40-8-sc2018.cnf	42271	247381	3901393	3820913	8362832	397067913	135192	122366	12826	       22.55	       -0.11	20040	1621212	SAT	      615.33
175	cadical_v21	15	320	C:/Users/cball/OneDrive/Documentos/Pessoal/ITA/SAT/Competições/SATRace2019/Benchmark/edges-024-4-5613555-1-00-sc2014.cnf	97	204	34955967	34704576	41158327	494989996	1981434	1826541	154893	       18.41	       -0.03	187587	17016761	IND	     4991.55
176	cadical_v21	15	320	C:/Users/cball/OneDrive/Documentos/Pessoal/ITA/SAT/Competições/SATRace2019/Benchmark/eq2csparrc162cbpwtcl16.cnf	6154	18364	15083711	14965527	19025448	2998390390	631203	522427	108776	       49.63	       -0.03	133014	4038787	IND	     4989.55
177	cadical_v21	15	320	C:/Users/cball/OneDrive/Documentos/Pessoal/ITA/SAT/Competições/SATRace2019/Benchmark/eqbparrc12spctbk12.cnf	3018	8982	14600036	14470300	18119037	1603555229	605765	490911	114854	       33.42	       -0.03	137271	4134549	IND	     4997.11
178	cadical_v21	15	320	C:/Users/cball/OneDrive/Documentos/Pessoal/ITA/SAT/Competições/SATRace2019/Benchmark/eqbparrc14spwtcl14.cnf	4838	14428	15239056	15109697	20616694	2029688608	608695	499437	109258	       45.22	       -0.03	133946	4105690	IND	     4995.00
179	cadical_v21	15	320	C:/Users/cball/OneDrive/Documentos/Pessoal/ITA/SAT/Competições/SATRace2019/Benchmark/eqbparrc18spwtrc18.cnf	7193	21469	14441829	14297238	19338233	2549530457	575452	486876	88576	       69.25	       -0.03	111846	4109984	IND	     4996.38
180	cadical_v21	15	320	C:/Users/cball/OneDrive/Documentos/Pessoal/ITA/SAT/Competições/SATRace2019/Benchmark/eqbpdtlf12bparrc12.cnf	3105	9242	7378760	7307584	10907157	718625539	438302	407749	30553	       33.34	       -0.05	37441	3623684	UNSAT	     2170.05
181	cadical_v21	15	320	C:/Users/cball/OneDrive/Documentos/Pessoal/ITA/SAT/Competições/SATRace2019/Benchmark/eqbpdtlf14bpwtcl14.cnf	4719	14071	6882953	6810918	11120384	774925880	377498	345937	31561	       36.03	       -0.05	38408	3288638	UNSAT	     1891.97
182	cadical_v21	15	320	C:/Users/cball/OneDrive/Documentos/Pessoal/ITA/SAT/Competições/SATRace2019/Benchmark/eqbpdtlf14spctbk14.cnf	4000	11914	14129536	13992451	18775474	1718770374	600891	500906	99985	       43.86	       -0.03	121699	4096943	IND	     4999.36
183	cadical_v21	15	320	C:/Users/cball/OneDrive/Documentos/Pessoal/ITA/SAT/Competições/SATRace2019/Benchmark/eqbpdtlf14spdtlf14.cnf	4249	12662	14917140	14776786	19635338	1685051458	607449	502746	104703	       46.34	       -0.03	128611	4095707	IND	     4997.97
184	cadical_v21	15	320	C:/Users/cball/OneDrive/Documentos/Pessoal/ITA/SAT/Competições/SATRace2019/Benchmark/eqbpdtlf16spdtlf16.cnf	5550	16552	16259080	16106550	21530645	2057845606	583900	471481	112419	       54.04	       -0.03	140089	4188521	IND	     4999.11
185	cadical_v21	15	320	C:/Users/cball/OneDrive/Documentos/Pessoal/ITA/SAT/Competições/SATRace2019/Benchmark/eqbpdtlf18sparcl18.cnf	7282	21738	16519230	16382033	20802109	3400062913	617484	498270	119214	       56.72	       -0.03	146932	4235431	IND	     4998.48
186	cadical_v21	15	320	C:/Users/cball/OneDrive/Documentos/Pessoal/ITA/SAT/Competições/SATRace2019/Benchmark/eqbpwtcl10spwtcl10.cnf	2616	7788	3201631	3178096	4126202	332711772	141283	116107	25176	       27.81	       -0.03	29582	1093455	UNSAT	      528.95
187	cadical_v21	15	320	C:/Users/cball/OneDrive/Documentos/Pessoal/ITA/SAT/Competições/SATRace2019/Benchmark/eqbpwtrc10bpdtlf10.cnf	2205	6555	1553760	1539217	2144761	132874441	75207	66905	8302	       27.13	       -0.04	9993	713756	UNSAT	      195.78
188	cadical_v21	15	320	C:/Users/cball/OneDrive/Documentos/Pessoal/ITA/SAT/Competições/SATRace2019/Benchmark/eqbpwtrc10spctbk10.cnf	2089	6206	2424711	2404045	2982747	248069406	123652	109362	14290	       27.71	       -0.03	16846	1082937	UNSAT	      386.11
189	cadical_v21	15	320	C:/Users/cball/OneDrive/Documentos/Pessoal/ITA/SAT/Competições/SATRace2019/Benchmark/eqsparcl10bpwtrc10.cnf	2275	6764	2464675	2436776	3377178	254212009	129740	116044	13696	       25.82	       -0.04	16403	1081161	UNSAT	      346.08
190	cadical_v21	15	320	C:/Users/cball/OneDrive/Documentos/Pessoal/ITA/SAT/Competições/SATRace2019/Benchmark/eqsparcl12bpwtrc12.cnf	3278	9760	17056653	16916132	21692121	2132915335	743835	605233	138602	       30.12	       -0.03	165331	4487307	IND	     4999.31
191	cadical_v21	15	320	C:/Users/cball/OneDrive/Documentos/Pessoal/ITA/SAT/Competições/SATRace2019/Benchmark/eqsparrc12bpdtlf12.cnf	3096	9215	16617961	16497098	20815804	1886531499	660338	523110	137228	       32.00	       -0.03	164032	4268549	IND	     4999.39
192	cadical_v21	15	320	C:/Users/cball/OneDrive/Documentos/Pessoal/ITA/SAT/Competições/SATRace2019/Benchmark/eqsparrc14spctbk14.cnf	4136	12323	16612258	16456571	21742454	2019805600	649459	526360	123099	       35.97	       -0.03	150593	4265635	IND	     4999.45
193	cadical_v21	15	320	C:/Users/cball/OneDrive/Documentos/Pessoal/ITA/SAT/Competições/SATRace2019/Benchmark/eqsparrc16spwtcl16.cnf	6576	19630	15157832	15011789	20213224	2901842015	610960	505841	105119	       50.74	       -0.03	129750	4092574	IND	     4999.47
194	cadical_v21	15	320	C:/Users/cball/OneDrive/Documentos/Pessoal/ITA/SAT/Competições/SATRace2019/Benchmark/eqspctbk12bpwtrc12.cnf	3001	8931	15991116	15868896	19700807	1749505586	621679	486640	135039	       32.77	       -0.03	160734	4151319	IND	     4999.05
195	cadical_v21	15	320	C:/Users/cball/OneDrive/Documentos/Pessoal/ITA/SAT/Competições/SATRace2019/Benchmark/eqspctbk14sparcl14.cnf	4344	12948	16425223	16278103	21047853	2032476741	621025	496589	124436	       36.42	       -0.03	151860	4160743	IND	     4996.55
196	cadical_v21	15	320	C:/Users/cball/OneDrive/Documentos/Pessoal/ITA/SAT/Competições/SATRace2019/Benchmark/eqspctbk14spwtcl14.cnf	4699	14013	14738527	14602386	21074258	1669809944	571708	470797	100911	       40.66	       -0.04	124458	4236776	IND	     4997.28
197	cadical_v21	15	320	C:/Users/cball/OneDrive/Documentos/Pessoal/ITA/SAT/Competições/SATRace2019/Benchmark/eqspdtlf14bpwtrc14.cnf	4292	12790	15692142	15559142	20792252	1726343524	608495	493260	115235	       46.26	       -0.04	141006	4122244	IND	     4998.20
198	cadical_v21	15	320	C:/Users/cball/OneDrive/Documentos/Pessoal/ITA/SAT/Competições/SATRace2019/Benchmark/eqspwtcl14bpwtcl14.cnf	5418	16168	12698157	12595464	16596680	2088266424	600914	507999	92915	       49.29	       -0.03	110595	4087127	IND	     4994.56
199	cadical_v21	15	320	C:/Users/cball/OneDrive/Documentos/Pessoal/ITA/SAT/Competições/SATRace2019/Benchmark/eqspwtrc16bparrc16.cnf	5702	17010	13692164	13569331	17883934	2059269489	599971	514414	85557	       60.72	       -0.03	106657	4025988	IND	     4995.97
200	cadical_v21	15	320	C:/Users/cball/OneDrive/Documentos/Pessoal/ITA/SAT/Competições/SATRace2019/Benchmark/ex051_9-sc2018.cnf	51315	485537	7443930	7221632	19395702	1719025862	358662	342696	15966	       23.57	       -0.12	23608	5499308	UNSAT	     2358.78
201	cadical_v21	15	320	C:/Users/cball/OneDrive/Documentos/Pessoal/ITA/SAT/Competições/SATRace2019/Benchmark/ex145_11-sc2018.cnf	39544	294276	18670197	18219231	51536700	3527795645	677961	611100	66861	       23.32	       -0.10	97302	9901075	IND	     4992.11
202	cadical_v21	15	320	C:/Users/cball/OneDrive/Documentos/Pessoal/ITA/SAT/Competições/SATRace2019/Benchmark/ex175_17-sc2018.cnf	895721	17688050	2358224	2292093	6953133	3134696500	105918	99905	6013	       20.32	       -0.11	8788	1749122	SAT	     2346.58
203	cadical_v21	15	320	C:/Users/cball/OneDrive/Documentos/Pessoal/ITA/SAT/Competições/SATRace2019/Benchmark/ex175_18-sc2018.cnf	895721	17648874	528056	511667	1976079	1031853107	28742	27811	931	       16.69	       -0.14	1465	518072	SAT	      889.78
204	cadical_v21	15	320	C:/Users/cball/OneDrive/Documentos/Pessoal/ITA/SAT/Competições/SATRace2019/Benchmark/ezfact64_6.shuffled-as.sat03-1522-sc2002.cnf	3073	19610	939226	931104	1432368	233515922	37807	30390	7417	       23.29	       -0.05	8895	280014	SAT	      165.72
205	cadical_v21	15	320	C:/Users/cball/OneDrive/Documentos/Pessoal/ITA/SAT/Competições/SATRace2019/Benchmark/ezfact64_8.shuffled-as.sat03-1524-sc2002.cnf	3073	19636	724143	716779	1166316	176288325	32336	27568	4768	       25.20	       -0.06	5714	287927	SAT	      118.52
206	cadical_v21	15	320	C:/Users/cball/OneDrive/Documentos/Pessoal/ITA/SAT/Competições/SATRace2019/Benchmark/f10nidw-sc2012.cnf	824210	2459565	1152590	1120035	11549105	770115727	52077	48315	3762	       34.99	       -0.14	5673	2118809	UNSAT	      391.53
207	cadical_v21	15	320	C:/Users/cball/OneDrive/Documentos/Pessoal/ITA/SAT/Competições/SATRace2019/Benchmark/f6nidw-sc2012.cnf	190399	564772	74128	72020	552435	20574324	3431	3169	262	       24.39	       -0.14	380	113200	UNSAT	       14.50
208	cadical_v21	15	320	C:/Users/cball/OneDrive/Documentos/Pessoal/ITA/SAT/Competições/SATRace2019/Benchmark/frb-40-19-1-mgd_c18.cnf	760	37548	147156	143178	229041	13707198	5237	4623	614	       42.68	       -0.06	775	88187	SAT	       13.20
209	cadical_v21	15	320	C:/Users/cball/OneDrive/Documentos/Pessoal/ITA/SAT/Competições/SATRace2019/Benchmark/frb59-26-1.used-as.sat04-891-sc2011.cnf	1534	132295	18823945	18390517	29379301	2228608391	492153	389994	102159	       76.93	       -0.05	130588	7973968	IND	     4999.11
210	cadical_v21	15	320	C:/Users/cball/OneDrive/Documentos/Pessoal/ITA/SAT/Competições/SATRace2019/Benchmark/gensys-icl005.shuffled-as.sat05-3826-sc2011.cnf	2703	17985	1650101	1626089	2490665	116914363	63026	56336	6690	       28.16	       -0.06	8458	873680	UNSAT	      363.02
211	cadical_v21	15	320	C:/Users/cball/OneDrive/Documentos/Pessoal/ITA/SAT/Competições/SATRace2019/Benchmark/gss-20-s100-sc2009.cnf	31503	94548	398856	398706	405478	1728924532	13270	10740	2530	       33.98	       -0.00	2932	198587	SAT	      458.76
212	cadical_v21	15	320	C:/Users/cball/OneDrive/Documentos/Pessoal/ITA/SAT/Competições/SATRace2019/Benchmark/gss-33-s100-sc2009.cnf	32402	97364	5180305	5168507	5666068	10320988870	184275	141660	42615	       57.79	       -0.01	48919	2065555	IND	     4998.75
213	cadical_v21	15	320	C:/Users/cball/OneDrive/Documentos/Pessoal/ITA/SAT/Competições/SATRace2019/Benchmark/gto_p60c238-sc2018.cnf	1043	2829	5046773	4993591	5806643	77608640	166220	136710	29510	       22.96	       -0.03	36440	1970792	UNSAT	      326.64
214	cadical_v21	15	320	C:/Users/cball/OneDrive/Documentos/Pessoal/ITA/SAT/Competições/SATRace2019/Benchmark/gus-md5-14-sc2009.cnf	69641	226367	2283310	2256372	6071661	9517244895	97504	88865	8639	      107.98	       -0.05	11048	1301359	IND	     4998.86
215	cadical_v21	15	320	C:/Users/cball/OneDrive/Documentos/Pessoal/ITA/SAT/Competições/SATRace2019/Benchmark/hcp_CP14_14.cnf	47040	178880	10043396	9819051	95867541	22063418413	345534	316637	28897	       95.82	       -0.09	41609	8849921	IND	     4999.11
216	cadical_v21	15	320	C:/Users/cball/OneDrive/Documentos/Pessoal/ITA/SAT/Competições/SATRace2019/Benchmark/hcp_CP16_16.cnf	77824	282013	8443773	8232735	123687452	26275272051	350794	335751	15043	       78.79	       -0.11	23510	10731491	IND	     4998.42
217	cadical_v21	15	320	C:/Users/cball/OneDrive/Documentos/Pessoal/ITA/SAT/Competições/SATRace2019/Benchmark/hcp_CP18_18.cnf	122472	440385	7311700	7128190	137193802	31123471117	319737	306474	13263	       73.43	       -0.11	21035	10456439	IND	     4999.52
218	cadical_v21	15	320	C:/Users/cball/OneDrive/Documentos/Pessoal/ITA/SAT/Competições/SATRace2019/Benchmark/hcp_CP20_20.cnf	183200	637206	948272	924470	19038699	5070308160	36845	34121	2724	       69.24	       -0.11	4467	1067196	SAT	      645.64
219	cadical_v21	15	320	C:/Users/cball/OneDrive/Documentos/Pessoal/ITA/SAT/Competições/SATRace2019/Benchmark/hcp_CP22_22.cnf	264264	895141	5536738	5399064	127600183	36862912455	210378	197635	12743	       70.83	       -0.10	20540	8783676	IND	     4999.27
220	cadical_v21	15	320	C:/Users/cball/OneDrive/Documentos/Pessoal/ITA/SAT/Competições/SATRace2019/Benchmark/hcp_CP24_24.cnf	370944	1254550	4592884	4482756	110145086	36829458328	150967	138866	12101	       75.27	       -0.10	19934	6748479	IND	     4999.22
221	cadical_v21	15	320	C:/Users/cball/OneDrive/Documentos/Pessoal/ITA/SAT/Competições/SATRace2019/Benchmark/hcp_CP26_26.cnf	505648	1677281	3595944	3507191	100142777	35703336347	114161	104588	9573	       75.31	       -0.10	15993	6043541	IND	     4999.03
222	cadical_v21	15	320	C:/Users/cball/OneDrive/Documentos/Pessoal/ITA/SAT/Competições/SATRace2019/Benchmark/hcp_bij16_16.cnf	81920	16496017	7506120	6764336	291671404	4420852494	261043	239424	21619	      325.93	       -0.08	28073	60152563	IND	     4999.06
223	cadical_v21	15	320	C:/Users/cball/OneDrive/Documentos/Pessoal/ITA/SAT/Competições/SATRace2019/Benchmark/hcp_d12_12.cnf	23345	49263	48806	47418	488277	13723846	3532	3392	140	       53.14	       -0.18	220	34248	SAT	        6.56
224	cadical_v21	15	320	C:/Users/cball/OneDrive/Documentos/Pessoal/ITA/SAT/Competições/SATRace2019/Benchmark/hcp_d14_14.cnf	41961	70118	11178622	10930365	76511015	2109722624	369147	332344	36803	       88.08	       -0.10	52637	9349368	SAT	     3269.72
225	cadical_v21	15	320	C:/Users/cball/OneDrive/Documentos/Pessoal/ITA/SAT/Competições/SATRace2019/Benchmark/hcp_d16_16.cnf	70675	106388	17290442	16907528	130052553	3143616417	478930	422290	56640	       89.67	       -0.10	87592	14391652	IND	     4998.64
226	cadical_v21	15	320	C:/Users/cball/OneDrive/Documentos/Pessoal/ITA/SAT/Competições/SATRace2019/Benchmark/hcp_d18_18.cnf	111475	138053	17943515	17508881	175262178	3143633346	536090	487558	48532	       74.34	       -0.11	79906	20381610	IND	     4999.01
227	cadical_v21	15	320	C:/Users/cball/OneDrive/Documentos/Pessoal/ITA/SAT/Competições/SATRace2019/Benchmark/hcp_d20_20.cnf	168019	173814	18360034	17898585	220373181	3636743800	586436	540449	45987	       71.44	       -0.12	77499	27260195	IND	     4997.59
228	cadical_v21	15	320	C:/Users/cball/OneDrive/Documentos/Pessoal/ITA/SAT/Competições/SATRace2019/Benchmark/hcp_d22_22.cnf	243955	213707	18705084	18216681	269311340	4126340372	629300	585088	44212	       70.89	       -0.13	75820	35574648	IND	     4999.25
229	cadical_v21	15	320	C:/Users/cball/OneDrive/Documentos/Pessoal/ITA/SAT/Competições/SATRace2019/Benchmark/hcp_d24_24.cnf	344469	286016	18819634	18315390	313939028	4744039896	653729	610889	42840	       69.05	       -0.14	74517	43667063	IND	     4999.11
230	cadical_v21	15	320	C:/Users/cball/OneDrive/Documentos/Pessoal/ITA/SAT/Competições/SATRace2019/Benchmark/hcp_r20_20.cnf	323138	21567424	42	42	488000	577871	0	0	0	        9.19	       -0.74	0	487781	SAT	       26.34
231	cadical_v21	15	320	C:/Users/cball/OneDrive/Documentos/Pessoal/ITA/SAT/Competições/SATRace2019/Benchmark/hcp_r26_26.cnf	919562	103439854	0	0	0	230180	0	0	0	        0.00	        0.00	0	0	SAT	      154.34
232	cadical_v21	15	320	C:/Users/cball/OneDrive/Documentos/Pessoal/ITA/SAT/Competições/SATRace2019/Benchmark/hitag2-8-60-0-0x880693399044612-25-SAT-sc2013.cnf	2316	30945	16285758	16209784	20222424	861633669	530809	402392	128417	       22.91	       -0.02	155381	4340643	IND	     4998.38
233	cadical_v21	15	320	C:/Users/cball/OneDrive/Documentos/Pessoal/ITA/SAT/Competições/SATRace2019/Benchmark/hwb-n26-01-S1957858365.shuffled-as.sat03-1622-sc2002.cnf	172	832	12380311	12312875	15070862	287622445	510800	423875	86925	       18.81	       -0.03	103920	4351605	UNSAT	     1619.66
234	cadical_v21	15	320	C:/Users/cball/OneDrive/Documentos/Pessoal/ITA/SAT/Competições/SATRace2019/Benchmark/hwb-n26-03-S540351185.sat05-490.reshuffled-07-sc2007.cnf	172	832	19480061	19357185	23856740	453431852	805648	666436	139212	       18.68	       -0.03	165938	6842273	UNSAT	     3080.28
235	cadical_v21	15	320	C:/Users/cball/OneDrive/Documentos/Pessoal/ITA/SAT/Competições/SATRace2019/Benchmark/hwmcc10-timeframe-expansion-k45-pdtpmspalu-tseitin-sc2011.cnf	89190	265715	9404732	9197562	90336178	1745298022	581659	558177	23482	       30.71	       -0.16	34507	11671207	UNSAT	     2208.11
236	cadical_v21	15	320	C:/Users/cball/OneDrive/Documentos/Pessoal/ITA/SAT/Competições/SATRace2019/Benchmark/hwmcc15deep-6s516r-k18-sc2017.cnf	51996	147555	8483894	8438470	96376552	1046467679	377856	343700	34156	       46.95	       -0.03	41626	39802960	UNSAT	      716.59
237	cadical_v21	15	320	C:/Users/cball/OneDrive/Documentos/Pessoal/ITA/SAT/Competições/SATRace2019/Benchmark/hwmcc15deep-oski15a10b10s-k22-sc2017.cnf	569318	1484813	5647911	5437716	37792018	3826325681	302798	284875	17923	       34.56	       -0.14	25447	6883694	UNSAT	     2072.28
238	cadical_v21	15	320	C:/Users/cball/OneDrive/Documentos/Pessoal/ITA/SAT/Competições/SATRace2019/Benchmark/jgiraldezlevy.2200.9086.08.40.149-sr2015.cnf	2200	9086	871830	849041	2136923	163972663	42104	37737	4367	       26.96	       -0.09	5785	273178	SAT	      115.64
239	cadical_v21	15	320	C:/Users/cball/OneDrive/Documentos/Pessoal/ITA/SAT/Competições/SATRace2019/Benchmark/k_unsat-sc2013.cnf	7021	95854	12008476	11870991	20334104	3615179035	473234	408068	65166	       26.14	       -0.07	82111	4602386	IND	     4999.33
240	cadical_v21	15	320	C:/Users/cball/OneDrive/Documentos/Pessoal/ITA/SAT/Competições/SATRace2019/Benchmark/knight_14.cnf	4680	39640	15732477	15402257	96541303	4228180614	480327	408965	71362	       97.90	       -0.09	99539	9604702	IND	     4998.88
241	cadical_v21	15	320	C:/Users/cball/OneDrive/Documentos/Pessoal/ITA/SAT/Competições/SATRace2019/Benchmark/knight_16.cnf	81119	804926	7132798	4937121	334890177	10138701458	204398	196883	7515	      428.55	       -0.19	15264	38709678	IND	     4999.34
242	cadical_v21	15	320	C:/Users/cball/OneDrive/Documentos/Pessoal/ITA/SAT/Competições/SATRace2019/Benchmark/knight_18.cnf	126152	1297025	6376094	4152816	373196328	11661621089	162492	155281	7211	      483.85	       -0.19	14785	40418376	IND	     4999.36
243	cadical_v21	15	320	C:/Users/cball/OneDrive/Documentos/Pessoal/ITA/SAT/Competições/SATRace2019/Benchmark/knight_20.cnf	189446	2004246	6164045	3712612	379824022	12589714647	132893	126452	6441	      514.92	       -0.17	13787	45584639	IND	     4999.31
244	cadical_v21	15	320	C:/Users/cball/OneDrive/Documentos/Pessoal/ITA/SAT/Competições/SATRace2019/Benchmark/le450_15b.col.15-sc2018.cnf	6300	114816	33195621	32924653	38058009	2275407794	1283790	1148958	134832	       53.43	       -0.03	162891	19368399	IND	     4999.42
245	cadical_v21	15	320	C:/Users/cball/OneDrive/Documentos/Pessoal/ITA/SAT/Competições/SATRace2019/Benchmark/li-exam-63.shuffled-as.sat03-368-sc2002.cnf	28147	108399	8256298	7863548	122237624	6496005015	523289	512296	10993	      161.99	       -0.17	19086	6782206	IND	     4998.69
246	cadical_v21	15	320	C:/Users/cball/OneDrive/Documentos/Pessoal/ITA/SAT/Competições/SATRace2019/Benchmark/li-test4-99.shuffled-as.sat03-377-sc2002.cnf	36809	142448	7689907	7240265	260136826	7858182310	468036	458037	9999	      212.03	       -0.20	17944	12245986	IND	     4999.28
247	cadical_v21	15	320	C:/Users/cball/OneDrive/Documentos/Pessoal/ITA/SAT/Competições/SATRace2019/Benchmark/manthey_DimacsSorter_37_3-sr2015.cnf	6634	23392	8353144	8193264	19116761	2425368559	375919	347482	28437	       62.77	       -0.07	35896	4585958	SAT	     2250.76
248	cadical_v21	15	320	C:/Users/cball/OneDrive/Documentos/Pessoal/ITA/SAT/Competições/SATRace2019/Benchmark/manthey_single-ordered-initialized-w50-b7-sr2015.cnf	10675	84849	3947534	3876082	5950410	964932804	105722	80650	25072	       27.74	       -0.04	31724	1372000	UNSAT	     1094.17
249	cadical_v21	15	320	C:/Users/cball/OneDrive/Documentos/Pessoal/ITA/SAT/Competições/SATRace2019/Benchmark/maxxor032-sc2011.cnf	13240	39135	428372	415066	1557709	67855836	27770	26833	937	       34.54	       -0.14	1416	268813	UNSAT	       39.05
250	cadical_v21	15	320	C:/Users/cball/OneDrive/Documentos/Pessoal/ITA/SAT/Competições/SATRace2019/Benchmark/minxorminand128-sc2009.cnf	153834	459957	5374051	5182244	45987542	783421529	178050	155581	22469	      104.38	       -0.07	29672	15619617	UNSAT	     1033.27
251	cadical_v21	15	320	C:/Users/cball/OneDrive/Documentos/Pessoal/ITA/SAT/Competições/SATRace2019/Benchmark/mod2c-3cage-unsat-10-2.sat05-2567.reshuffled-07-sc2007.cnf	140	560	25681959	25669481	35615651	215010760	1058207	791689	266518	       17.46	       -0.03	287103	16075875	UNSAT	     1211.50
252	cadical_v21	15	320	C:/Users/cball/OneDrive/Documentos/Pessoal/ITA/SAT/Competições/SATRace2019/Benchmark/mod2c-3cage-unsat-10-3.sat05-2568.reshuffled-07-sc2007.cnf	140	560	28429839	28423145	35674468	180944733	1279150	1034905	244245	       17.84	       -0.03	265885	17204381	UNSAT	     1205.23
253	cadical_v21	15	320	C:/Users/cball/OneDrive/Documentos/Pessoal/ITA/SAT/Competições/SATRace2019/Benchmark/mod4block_2vars_10gates_u2_autoenc-sc2009.cnf	479	123439	2148810	2107537	8625381	62256909	171014	165827	5187	       23.00	       -0.14	7352	1050970	SAT	      315.41
254	cadical_v21	15	320	C:/Users/cball/OneDrive/Documentos/Pessoal/ITA/SAT/Competições/SATRace2019/Benchmark/mrpp_6x6#12_24-sc2013.cnf	12197	78363	143464	137460	2616650	17149282	11315	11202	113	        9.97	       -0.29	291	463560	SAT	        8.66
255	cadical_v21	15	320	C:/Users/cball/OneDrive/Documentos/Pessoal/ITA/SAT/Competições/SATRace2019/Benchmark/mrpp_8x8#20_24-sc2014.cnf	22022	172772	2176636	2093281	28609017	279178905	131757	129615	2142	       16.84	       -0.24	4552	5923224	SAT	      216.03
256	cadical_v21	15	320	C:/Users/cball/OneDrive/Documentos/Pessoal/ITA/SAT/Competições/SATRace2019/Benchmark/mulhs016-sc2009.cnf	4656	13868	11064550	10918062	19756870	2354478632	532828	468495	64333	       40.36	       -0.05	78391	4280292	IND	     4998.94
257	cadical_v21	15	320	C:/Users/cball/OneDrive/Documentos/Pessoal/ITA/SAT/Competições/SATRace2019/Benchmark/ndhf_xits_16_UNKNOWN-sc2009.cnf	3366	362797	32394848	31859418	44566279	2823546863	1198932	1067661	131271	       68.99	       -0.04	158134	19888300	IND	     4998.50
258	cadical_v21	15	320	C:/Users/cball/OneDrive/Documentos/Pessoal/ITA/SAT/Competições/SATRace2019/Benchmark/ndhf_xits_19_UNKNOWN-sc2011.cnf	4020	466486	539043	530574	757024	84179921	19662	17610	2052	       86.95	       -0.04	2558	316609	SAT	       84.83
259	cadical_v21	15	320	C:/Users/cball/OneDrive/Documentos/Pessoal/ITA/SAT/Competições/SATRace2019/Benchmark/newton.2.3.i.smt2-cvc4-sc2016.cnf	302737	1309727	1416416	1386797	2247009	16217528122	69977	63696	6281	       46.99	       -0.04	8078	709056	IND	     4931.72
260	cadical_v21	15	320	C:/Users/cball/OneDrive/Documentos/Pessoal/ITA/SAT/Competições/SATRace2019/Benchmark/par32-1-c.shuffled-as.sat03-1531-sc2002.cnf	1315	5254	23464802	23275480	35890792	1866653120	1155452	1027148	128304	       22.91	       -0.05	155563	9660663	IND	     4997.81
261	cadical_v21	15	320	C:/Users/cball/OneDrive/Documentos/Pessoal/ITA/SAT/Competições/SATRace2019/Benchmark/partial-10-11-s-sc2007.cnf	189456	835275	205514	183064	1944635	481286936	6161	5494	667	      399.75	       -0.10	1004	152116	SAT	      151.08
262	cadical_v21	15	320	C:/Users/cball/OneDrive/Documentos/Pessoal/ITA/SAT/Competições/SATRace2019/Benchmark/partial-10-11-u-sc2007.cnf	188962	825894	6670307	6327432	54183804	8035162767	252413	232859	19554	      319.30	       -0.09	26935	4129919	IND	     4998.56
263	cadical_v21	15	320	C:/Users/cball/OneDrive/Documentos/Pessoal/ITA/SAT/Competições/SATRace2019/Benchmark/partial-5-11-u-sc2007.cnf	164158	717440	11324189	10891561	64861995	7204547289	407508	358812	48696	      159.35	       -0.07	64207	5017129	IND	     4999.06
264	cadical_v21	15	320	C:/Users/cball/OneDrive/Documentos/Pessoal/ITA/SAT/Competições/SATRace2019/Benchmark/partial-5-17-s-sc2007.cnf	252328	1169843	3488227	3312929	28514162	5508391178	110905	95524	15381	      266.05	       -0.09	21126	2040159	SAT	     2386.72
265	cadical_v21	15	320	C:/Users/cball/OneDrive/Documentos/Pessoal/ITA/SAT/Competições/SATRace2019/Benchmark/partial-5-19-u-sc2007.cnf	262368	1226585	5923830	5622711	78892283	9555825500	259454	240732	18722	      308.33	       -0.11	26164	4482632	IND	     4995.42
266	cadical_v21	15	320	C:/Users/cball/OneDrive/Documentos/Pessoal/ITA/SAT/Competições/SATRace2019/Benchmark/pb_300_10_lb_08-sc2014.cnf	139915	590682	403082	381551	1734392	262141468	18975	18338	637	       34.81	       -0.16	1133	337195	UNSAT	      114.55
267	cadical_v21	15	320	C:/Users/cball/OneDrive/Documentos/Pessoal/ITA/SAT/Competições/SATRace2019/Benchmark/ps_5000_21250_3_0_0.7_0_1.45_4-sc2017.cnf	5000	21250	19809261	19330350	47039177	3738501419	729206	626826	102380	       33.78	       -0.06	130930	7618577	IND	     4998.78
268	cadical_v21	15	320	C:/Users/cball/OneDrive/Documentos/Pessoal/ITA/SAT/Competições/SATRace2019/Benchmark/ps_5000_21250_3_0_0.8_0_1.55_2-sc2017.cnf	5000	21250	10816592	10585682	18531106	1820177219	455563	402088	53475	       20.21	       -0.06	67316	4623387	UNSAT	     1801.84
269	cadical_v21	15	320	C:/Users/cball/OneDrive/Documentos/Pessoal/ITA/SAT/Competições/SATRace2019/Benchmark/rbcl_xits_11_UNKNOWN-sc2009.cnf	1740	104640	19531380	19253083	41598151	1388651633	811855	709294	102561	       30.43	       -0.07	131088	7100954	IND	     4996.56
270	cadical_v21	15	320	C:/Users/cball/OneDrive/Documentos/Pessoal/ITA/SAT/Competições/SATRace2019/Benchmark/rbcl_xits_13_UNKNOWN-sc2009.cnf	2058	133055	21103381	20809913	48840919	1728428438	877754	773602	104152	       37.24	       -0.07	132572	8619513	IND	     4999.38
271	cadical_v21	15	320	C:/Users/cball/OneDrive/Documentos/Pessoal/ITA/SAT/Competições/SATRace2019/Benchmark/rbsat-v2100c215164g4-sc2011.cnf	2100	215164	19773982	19276594	34794232	2907499863	515911	417277	98634	       96.53	       -0.06	127285	9175645	IND	     4999.52
272	cadical_v21	15	320	C:/Users/cball/OneDrive/Documentos/Pessoal/ITA/SAT/Competições/SATRace2019/Benchmark/rbsat-v2400c266431g5-sc2009.cnf	2400	266431	21615973	21046628	39053321	2970648762	507611	411623	95988	      123.66	       -0.06	124801	11449352	IND	     4999.25
273	cadical_v21	15	320	C:/Users/cball/OneDrive/Documentos/Pessoal/ITA/SAT/Competições/SATRace2019/Benchmark/rbsat-v945c61409gyes9-sc2009.cnf	945	61409	174845	170391	273475	16636841	5186	4384	802	       52.88	       -0.06	1039	88507	SAT	       15.75
274	cadical_v21	15	320	C:/Users/cball/OneDrive/Documentos/Pessoal/ITA/SAT/Competições/SATRace2019/Benchmark/rphp5_100_shuffled-sc2016.cnf	1000	21405	78116056	58407539	811680016	9627820234	755306	261487	493819	       47.41	       -0.05	583382	185152947	IND	     4999.38
275	cadical_v21	15	320	C:/Users/cball/OneDrive/Documentos/Pessoal/ITA/SAT/Competições/SATRace2019/Benchmark/rpoc_xits_11_UNKNOWN-sc2009.cnf	1740	114011	20659031	20386759	38471042	1351611390	849538	745478	104060	       28.29	       -0.06	132514	8133087	IND	     4999.06
276	cadical_v21	15	320	C:/Users/cball/OneDrive/Documentos/Pessoal/ITA/SAT/Competições/SATRace2019/Benchmark/rpoc_xits_12_UNKNOWN-sc2009.cnf	1898	128735	20532984	20265054	38109682	1423134175	776946	669073	107873	       31.60	       -0.06	136133	8274827	IND	     4999.41
277	cadical_v21	15	320	C:/Users/cball/OneDrive/Documentos/Pessoal/ITA/SAT/Competições/SATRace2019/Benchmark/rubikcube701-sc2017.cnf	3066	59739	6393244	6316732	10212564	1237814841	306369	277421	28948	       19.61	       -0.06	35908	2916900	UNSAT	     2290.94
278	cadical_v21	15	320	C:/Users/cball/OneDrive/Documentos/Pessoal/ITA/SAT/Competições/SATRace2019/Benchmark/rubikcube912-sc2017.cnf	3090	59825	7546403	7472943	15565241	1163681084	436248	407214	29034	       24.81	       -0.08	35991	3656541	IND	     4997.45
279	cadical_v21	15	320	C:/Users/cball/OneDrive/Documentos/Pessoal/ITA/SAT/Competições/SATRace2019/Benchmark/safe-30-h29-unsat-sc2007.cnf	130928	437704	28234336	27914189	111366139	4031046067	1639687	1541434	98253	       46.44	       -0.10	126987	13762989	IND	     4984.20
280	cadical_v21	15	320	C:/Users/cball/OneDrive/Documentos/Pessoal/ITA/SAT/Competições/SATRace2019/Benchmark/satcoin-genesis-SAT-10-sc2018.cnf	134780	648622	1012	978	30271	1634482	45	45	0	       26.63	       -0.24	1	4694	SAT	        2.14
281	cadical_v21	15	320	C:/Users/cball/OneDrive/Documentos/Pessoal/ITA/SAT/Competições/SATRace2019/Benchmark/sgen1-sat-180-100-sc2009.cnf	