ID	version	restart base fast	restart base slow	file	vars	clauses	conflicts	learned	decisions	propagations	restarts	restarts unstable	restarts stable	learned avg. size	learnt stack avg	learnt stack stable counter	learnt stack unstable counter	answer	cpu time
1	cadical_v21	5	640	C:/Users/cball/OneDrive/Documentos/Pessoal/ITA/SAT/Competições/SATRace2019-2/Benchmark/MM-23-2-2-2-2-3.cnf	26541	117126	23948833	23550456	216889724	4491060998	1062446	1035782	26664	       65.15	       -0.13	43408	21693048	IND	     4998.02
2	cadical_v21	5	640	C:/Users/cball/OneDrive/Documentos/Pessoal/ITA/SAT/Competições/SATRace2019-2/Benchmark/MM-23-2-2-2-2-A.cnf	26541	117126	27223139	26728113	272718313	5523479656	1312743	1286420	26323	       63.16	       -0.14	43069	29047361	IND	     4998.99
3	cadical_v21	5	640	C:/Users/cball/OneDrive/Documentos/Pessoal/ITA/SAT/Competições/SATRace2019-2/Benchmark/MM-23-2-2-2-2-B.cnf	26541	117126	23923025	23509839	221418352	4697049382	1071362	1044952	26410	       67.40	       -0.13	43155	22403836	IND	     4999.25
4	cadical_v21	5	640	C:/Users/cball/OneDrive/Documentos/Pessoal/ITA/SAT/Competições/SATRace2019-2/Benchmark/MM-23-2-2-2-2-C.cnf	26541	117126	24810735	24376489	227797244	4837150269	1077286	1050711	26575	       66.29	       -0.13	43319	24280683	IND	     4998.92
5	cadical_v21	5	640	C:/Users/cball/OneDrive/Documentos/Pessoal/ITA/SAT/Competições/SATRace2019-2/Benchmark/MM-23-2-2-2-2-D.cnf	26541	117126	24753373	24321316	217092093	4757275183	1010898	984609	26289	       66.88	       -0.13	43036	24412187	IND	     4998.92
6	cadical_v21	5	640	C:/Users/cball/OneDrive/Documentos/Pessoal/ITA/SAT/Competições/SATRace2019-2/Benchmark/MM-23-2-2-2-2-M.cnf	26541	117126	24136277	23716589	221510261	4767631767	1050628	1024197	26431	       67.43	       -0.13	43176	22725512	IND	     4999.08
7	cadical_v21	5	640	C:/Users/cball/OneDrive/Documentos/Pessoal/ITA/SAT/Competições/SATRace2019-2/Benchmark/MM-23-2-2-2-3-4.cnf	26541	117126	22119451	21766110	180102150	4086228047	878949	852057	26892	       70.58	       -0.12	43633	18225217	IND	     4998.61
8	cadical_v21	5	640	C:/Users/cball/OneDrive/Documentos/Pessoal/ITA/SAT/Competições/SATRace2019-2/Benchmark/MM-23-2-2-2-4-A.cnf	26541	117126	24515968	24096915	216945948	4737498422	1040792	1014511	26281	       67.05	       -0.13	43028	23429090	IND	     4993.42
9	cadical_v21	5	640	C:/Users/cball/OneDrive/Documentos/Pessoal/ITA/SAT/Competições/SATRace2019-2/Benchmark/MM-23-2-2-2-4-B.cnf	26541	117126	23276122	22884087	202663930	4510929164	969508	943132	26376	       68.64	       -0.12	43121	20867511	IND	     4993.91
10	cadical_v21	5	640	C:/Users/cball/OneDrive/Documentos/Pessoal/ITA/SAT/Competições/SATRace2019-2/Benchmark/MM-23-2-2-3-A.cnf	26541	117126	23588051	23179832	200038292	4497582661	924733	898019	26714	       69.62	       -0.12	43456	21868929	IND	     4994.88
11	cadical_v21	5	640	C:/Users/cball/OneDrive/Documentos/Pessoal/ITA/SAT/Competições/SATRace2019-2/Benchmark/MM-23-2-2-3-B.cnf	26541	117126	22960256	22560143	197558458	4348872284	927651	900999	26652	       70.23	       -0.12	43396	21055768	IND	     4997.31
12	cadical_v21	5	640	C:/Users/cball/OneDrive/Documentos/Pessoal/ITA/SAT/Competições/SATRace2019-2/Benchmark/MM-23-2-4-A.cnf	26541	117126	22350732	21964734	195048696	4353228723	927039	900403	26636	       71.21	       -0.12	43379	19443164	IND	     4996.89
13	cadical_v21	5	640	C:/Users/cball/OneDrive/Documentos/Pessoal/ITA/SAT/Competições/SATRace2019-2/Benchmark/MM-23-2-4-B.cnf	26541	117126	24009236	23586115	225090168	4839517190	1080768	1054487	26281	       67.94	       -0.13	43028	22553717	IND	     4993.36
14	cadical_v21	5	640	C:/Users/cball/OneDrive/Documentos/Pessoal/ITA/SAT/Competições/SATRace2019-2/Benchmark/MM-23-3-3-A.cnf	26541	117126	24859722	24415838	239920214	5023096537	1154970	1128691	26279	       67.03	       -0.13	43026	24022756	IND	     4994.44
15	cadical_v21	5	640	C:/Users/cball/OneDrive/Documentos/Pessoal/ITA/SAT/Competições/SATRace2019-2/Benchmark/MM-23-3-3-B.cnf	26541	117126	24803324	24359142	218679479	4878366889	1016028	989918	26110	       68.43	       -0.13	42858	24625533	IND	     4996.34
16	cadical_v21	5	640	C:/Users/cball/OneDrive/Documentos/Pessoal/ITA/SAT/Competições/SATRace2019-2/Benchmark/MM-23-3-3-M.cnf	26541	117126	23529422	23122091	204224251	4570565762	951564	925176	26388	       70.03	       -0.12	43133	21989529	IND	     4996.20
17	cadical_v21	5	640	C:/Users/cball/OneDrive/Documentos/Pessoal/ITA/SAT/Competições/SATRace2019-2/Benchmark/MM-23-3-3-N.cnf	26541	117126	25566255	25108961	246468432	5090519677	1181647	1155267	26380	       65.12	       -0.13	43124	25494378	IND	     4998.80
18	cadical_v21	5	640	C:/Users/cball/OneDrive/Documentos/Pessoal/ITA/SAT/Competições/SATRace2019-2/Benchmark/MM-23-4-4-4-4-1.cnf	26541	117126	21264580	20934979	161147405	3847206875	793602	766439	27163	       72.03	       -0.11	43900	16089620	IND	     4999.19
19	cadical_v21	5	640	C:/Users/cball/OneDrive/Documentos/Pessoal/ITA/SAT/Competições/SATRace2019-2/Benchmark/MM-23-5-A.cnf	26541	117126	21957835	21584119	192396642	4202635454	920185	893339	26846	       72.52	       -0.12	43587	18199933	IND	     4999.03
20	cadical_v21	5	640	C:/Users/cball/OneDrive/Documentos/Pessoal/ITA/SAT/Competições/SATRace2019-2/Benchmark/MM-23-5-B.cnf	26541	117126	23554294	23140315	217155188	4615001545	1042595	1016209	26386	       67.47	       -0.13	43133	21247625	IND	     4999.31
21	cadical_v21	5	640	C:/Users/cball/OneDrive/Documentos/Pessoal/ITA/SAT/Competições/SATRace2019-2/Benchmark/MM-23-no-type3.cnf	26541	117153	26281990	25677376	376399259	7804402960	1642230	1618200	24030	       68.53	       -0.15	40797	23325136	IND	     4998.88
22	cadical_v21	5	640	C:/Users/cball/OneDrive/Documentos/Pessoal/ITA/SAT/Competições/SATRace2019-2/Benchmark/MUS-v310-4-sc2013.cnf	310	1081	9458407	9291954	15072905	334258764	409876	400420	9456	       18.15	       -0.06	15586	4427054	UNSAT	     2563.67
23	cadical_v21	5	640	C:/Users/cball/OneDrive/Documentos/Pessoal/ITA/SAT/Competições/SATRace2019-2/Benchmark/Mario-t-hard-2_c18.cnf	35945	1218255	1042	1019	17325	175580	36	36	0	       14.02	       -0.17	1	6689	SAT	        2.80
24	cadical_v21	5	640	C:/Users/cball/OneDrive/Documentos/Pessoal/ITA/SAT/Competições/SATRace2019-2/Benchmark/Mario-t-hard-5_c18.cnf	35320	1182493	1082	1069	23463	226033	47	47	0	       19.18	       -0.15	1	10249	SAT	        2.67
25	cadical_v21	5	640	C:/Users/cball/OneDrive/Documentos/Pessoal/ITA/SAT/Competições/SATRace2019-2/Benchmark/Mickey_out250_known_last146_0.cnf	72078	517702	2080548	2043160	14186013	689216941	121511	119491	2020	       29.15	       -0.15	3118	2456167	SAT	      533.94
26	cadical_v21	5	640	C:/Users/cball/OneDrive/Documentos/Pessoal/ITA/SAT/Competições/SATRace2019-2/Benchmark/Mickey_out250_known_last146_0_u.cnf	72078	517705	8684956	8550035	59215191	3448957027	482414	473909	8505	       29.84	       -0.13	13447	8962013	UNSAT	     3615.64
27	cadical_v21	5	640	C:/Users/cball/OneDrive/Documentos/Pessoal/ITA/SAT/Competições/SATRace2019-2/Benchmark/Mickey_out250_known_last147_0.cnf	72078	517728	594380	583397	3670398	245522666	31185	30491	694	       31.74	       -0.15	1084	708864	SAT	      139.91
28	cadical_v21	5	640	C:/Users/cball/OneDrive/Documentos/Pessoal/ITA/SAT/Competições/SATRace2019-2/Benchmark/Mickey_out250_known_last147_0_u.cnf	72078	517728	849646	836925	4035505	392182670	33555	32209	1346	       29.63	       -0.11	2127	688475	UNSAT	      211.05
29	cadical_v21	5	640	C:/Users/cball/OneDrive/Documentos/Pessoal/ITA/SAT/Competições/SATRace2019-2/Benchmark/Nb51T6-sc2018.cnf	2365527	10508040	766888	757690	1351695	3464428848	24417	23405	1012	       15.56	       -0.06	1669	307486	UNSAT	     2714.44
30	cadical_v21	5	640	C:/Users/cball/OneDrive/Documentos/Pessoal/ITA/SAT/Competições/SATRace2019-2/Benchmark/Nb7T44-sc2017.cnf	55333	219128	805114	790577	18552683	279387350	41775	40643	1132	      108.86	       -0.14	1847	974601	SAT	      160.44
31	cadical_v21	5	640	C:/Users/cball/OneDrive/Documentos/Pessoal/ITA/SAT/Competições/SATRace2019-2/Benchmark/Pb-chnl15-16_c18.cnf	480	3632	32582048	32364596	37739112	551593335	1314012	1280313	33699	       67.54	       -0.03	50330	18083170	IND	     4999.17
32	cadical_v21	5	640	C:/Users/cball/OneDrive/Documentos/Pessoal/ITA/SAT/Competições/SATRace2019-2/Benchmark/Pb-chnl20-21_c18.cnf	840	8442	28038779	27830211	31511780	655968494	805348	771443	33905	      120.46	       -0.03	50530	15331361	IND	     4997.28
33	cadical_v21	5	640	C:/Users/cball/OneDrive/Documentos/Pessoal/ITA/SAT/Competições/SATRace2019-2/Benchmark/QG7a-gensys-icl001.sat05-3822.reshuffled-07-sc2007.cnf	2441	15733	763601	750759	1222219	53369702	24441	23383	1058	       26.38	       -0.06	1707	319296	UNSAT	       91.14
34	cadical_v21	5	640	C:/Users/cball/OneDrive/Documentos/Pessoal/ITA/SAT/Competições/SATRace2019-2/Benchmark/QG7a-gensys-ukn002.sat05-3842.reshuffled-07-sc2007.cnf	2935	18371	2367754	2350128	3477567	171902257	83866	81412	2454	       39.12	       -0.04	3994	1179303	UNSAT	     1046.55
35	cadical_v21	5	640	C:/Users/cball/OneDrive/Documentos/Pessoal/ITA/SAT/Competições/SATRace2019-2/Benchmark/QuasiGroup-4-10_c18.cnf	3220	59525	8485842	8361542	15519460	2220038800	309199	301193	8006	       56.44	       -0.06	12638	4776213	IND	     4993.30
36	cadical_v21	5	640	C:/Users/cball/OneDrive/Documentos/Pessoal/ITA/SAT/Competições/SATRace2019-2/Benchmark/QuasiGroup-4-12_c18.cnf	5244	118126	3686915	3620514	10245290	1424824034	114073	108230	5843	       86.80	       -0.07	9401	1339826	SAT	     1503.83
37	cadical_v21	5	640	C:/Users/cball/OneDrive/Documentos/Pessoal/ITA/SAT/Competições/SATRace2019-2/Benchmark/SAT_dat.k100-sc2012.cnf	349350	1419267	1172552	1143377	3740475	712711791	55589	53951	1638	       32.53	       -0.14	2686	671091	UNSAT	      367.09
38	cadical_v21	5	640	C:/Users/cball/OneDrive/Documentos/Pessoal/ITA/SAT/Competições/SATRace2019-2/Benchmark/SAT_dat.k85-sc2013.cnf	1376707	5351985	1473936	1431128	6358939	4995410871	92893	91302	1591	       49.97	       -0.16	2639	1144406	UNSAT	     1623.91
39	cadical_v21	5	640	C:/Users/cball/OneDrive/Documentos/Pessoal/ITA/SAT/Competições/SATRace2019-2/Benchmark/SGI_30_60_24_40_2-dir.shuffled-as.sat03-118-sc2002.cnf	720	58758	4619002	4536241	6133381	250460563	137133	129546	7587	      109.33	       -0.03	11749	1764689	UNSAT	     1800.06
40	cadical_v21	5	640	C:/Users/cball/OneDrive/Documentos/Pessoal/ITA/SAT/Competições/SATRace2019-2/Benchmark/SGI_30_60_28_40_2-dir.shuffled-as.sat03-124-sc2002.cnf	840	71206	10400083	10197620	13657096	634206734	351780	338142	13638	      123.18	       -0.03	21175	5230926	IND	     4995.59
41	cadical_v21	5	640	C:/Users/cball/OneDrive/Documentos/Pessoal/ITA/SAT/Competições/SATRace2019-2/Benchmark/Schur_160_5_d38-sc2016.cnf	752	27325	3618149	3528487	6385921	187162589	101201	95518	5683	       42.70	       -0.07	9133	1235282	SAT	      367.42
42	cadical_v21	5	640	C:/Users/cball/OneDrive/Documentos/Pessoal/ITA/SAT/Competições/SATRace2019-2/Benchmark/Schur_161_5_d22-sc2016.cnf	773	29353	25426019	24855346	48654827	1348757610	930149	903298	26851	       41.39	       -0.07	43575	12624883	IND	     4995.33
43	cadical_v21	5	640	C:/Users/cball/OneDrive/Documentos/Pessoal/ITA/SAT/Competições/SATRace2019-2/Benchmark/SocialGolfers-6-6-6-cp_c18.cnf	9188	81017	9196050	9065683	23730818	1635661652	395886	386878	9008	       30.33	       -0.08	14738	5072362	IND	     4995.36
44	cadical_v21	5	640	C:/Users/cball/OneDrive/Documentos/Pessoal/ITA/SAT/Competições/SATRace2019-2/Benchmark/SocialGolfers-6-6-7-cp_c18.cnf	11244	99730	8891090	8759268	23780805	1547064556	399936	391589	8347	       31.25	       -0.09	13609	5091507	IND	     4992.80
45	cadical_v21	5	640	C:/Users/cball/OneDrive/Documentos/Pessoal/ITA/SAT/Competições/SATRace2019-2/Benchmark/Subisomorphism-g10-g23_c18.cnf	2309	88734	13414213	13174607	18111973	1023068354	336760	313728	23032	      143.52	       -0.03	35131	5412337	UNSAT	     4357.69
46	cadical_v21	5	640	C:/Users/cball/OneDrive/Documentos/Pessoal/ITA/SAT/Competições/SATRace2019-2/Benchmark/Subisomorphism-g10-g27_c18.cnf	3191	73950	2709835	2623268	5004178	387404160	70351	66756	3595	      133.88	       -0.05	5649	1700852	SAT	      527.94
47	cadical_v21	5	640	C:/Users/cball/OneDrive/Documentos/Pessoal/ITA/SAT/Competições/SATRace2019-2/Benchmark/T103.2.1-sc2017.cnf	2943830	10335595	574897	547462	8344974	3817727667	27564	27105	459	       28.93	       -0.17	821	1181973	UNSAT	     1686.86
48	cadical_v21	5	640	C:/Users/cball/OneDrive/Documentos/Pessoal/ITA/SAT/Competições/SATRace2019-2/Benchmark/T169.1.0-sc2017.cnf	1579557	5889425	147313	143453	38271399	444173150	7776	7699	77	       12.21	       -0.20	176	15008573	SAT	      388.00
49	cadical_v21	5	640	C:/Users/cball/OneDrive/Documentos/Pessoal/ITA/SAT/Competições/SATRace2019-2/Benchmark/Tal-07_c18.cnf	76668	639201	134461	51086	1373743	212694242	1104	997	107	     1589.91	       -0.08	162	182420	SAT	       75.16
50	cadical_v21	5	640	C:/Users/cball/OneDrive/Documentos/Pessoal/ITA/SAT/Competições/SATRace2019-2/Benchmark/Tal-08_c18.cnf	97675	809532	195998	77673	1705807	282905102	1049	831	218	     1874.02	       -0.07	344	221259	SAT	      126.62
51	cadical_v21	5	640	C:/Users/cball/OneDrive/Documentos/Pessoal/ITA/SAT/Competições/SATRace2019-2/Benchmark/TimetableCNFEncoding_5_UNKNOWN-sc2018.cnf	302576	1702428	18275554	17799834	1106278089	11934752044	357811	331843	25968	      110.18	       -0.08	42671	130487125	IND	     4999.28
52	cadical_v21	5	640	C:/Users/cball/OneDrive/Documentos/Pessoal/ITA/SAT/Competições/SATRace2019-2/Benchmark/Trivium_no_init_out350_known_last142_1.cnf	2187	21358	13439186	13398105	16395201	822200713	456437	435342	21095	       23.37	       -0.02	33313	4313516	SAT	     2914.53
53	cadical_v21	5	640	C:/Users/cball/OneDrive/Documentos/Pessoal/ITA/SAT/Competições/SATRace2019-2/Benchmark/Trivium_no_init_out350_known_last142_1_u.cnf	2187	21364	15057829	15013052	17946484	921339914	443699	418485	25214	       23.14	       -0.02	39915	4364358	UNSAT	     3280.15
54	cadical_v21	5	640	C:/Users/cball/OneDrive/Documentos/Pessoal/ITA/SAT/Competições/SATRace2019-2/Benchmark/Trivium_no_init_out350_known_last143_1.cnf	2187	21286	4983689	4966811	6391004	313578789	185756	178374	7382	       23.86	       -0.03	11564	1785203	SAT	      767.05
55	cadical_v21	5	640	C:/Users/cball/OneDrive/Documentos/Pessoal/ITA/SAT/Competições/SATRace2019-2/Benchmark/Trivium_no_init_out350_known_last143_1_u.cnf	2187	21286	8402361	8373201	10864050	531937372	451936	444052	7884	       22.17	       -0.03	12391	4289606	UNSAT	     1575.83
56	cadical_v21	5	640	C:/Users/cball/OneDrive/Documentos/Pessoal/ITA/SAT/Competições/SATRace2019-2/Benchmark/UCG-20-10p1-sc2009.cnf	259258	1374203	550617	445875	3841056	2185065525	17035	16465	570	      209.38	       -0.10	887	659973	SAT	      580.20
57	cadical_v21	5	640	C:/Users/cball/OneDrive/Documentos/Pessoal/ITA/SAT/Competições/SATRace2019-2/Benchmark/UR-20-5p1-sc2009.cnf	224962	1192377	557358	466323	4616882	1435310297	22657	22130	527	      188.80	       -0.13	859	605814	SAT	      442.48
58	cadical_v21	5	640	C:/Users/cball/OneDrive/Documentos/Pessoal/ITA/SAT/Competições/SATRace2019-2/Benchmark/UTI-20-10p0-sc2009.cnf	259616	1360766	1445028	1307313	8497896	2406799746	44639	42802	1837	      206.11	       -0.09	2874	1169171	UNSAT	      888.02
59	cadical_v21	5	640	C:/Users/cball/OneDrive/Documentos/Pessoal/ITA/SAT/Competições/SATRace2019-2/Benchmark/UTI-20-10p1-sc2009.cnf	260342	1377484	1967390	1773645	12429280	3195106934	75656	73906	1750	      215.12	       -0.10	2790	1919863	SAT	     1256.52
60	cadical_v21	5	640	C:/Users/cball/OneDrive/Documentos/Pessoal/ITA/SAT/Competições/SATRace2019-2/Benchmark/UTI-20-5p0-sc2009.cnf	225296	1180795	1271359	1169636	6596229	1427465792	38702	36899	1803	      147.21	       -0.09	2842	859741	UNSAT	      520.34
61	cadical_v21	5	640	C:/Users/cball/OneDrive/Documentos/Pessoal/ITA/SAT/Competições/SATRace2019-2/Benchmark/aaai10-planning-ipc5-TPP-21-step11-sc2011.cnf	99736	783852	590659	560598	1792948	2103208118	19499	18902	597	       92.27	       -0.08	981	396645	UNSAT	      367.94
62	cadical_v21	5	640	C:/Users/cball/OneDrive/Documentos/Pessoal/ITA/SAT/Competições/SATRace2019-2/Benchmark/aaai10-planning-ipc5-pathways-17-step21-sc2011.cnf	53919	307816	606622	586477	2472232	767249389	23694	23021	673	      154.16	       -0.08	1081	331306	SAT	      206.34
63	cadical_v21	5	640	C:/Users/cball/OneDrive/Documentos/Pessoal/ITA/SAT/Competições/SATRace2019-2/Benchmark/ablmulub16x4o-sc2016.cnf	2958	8708	1015666	1013625	1067780	208882834	21003	19045	1958	       45.62	       -0.01	2993	289089	UNSAT	      134.36
64	cadical_v21	5	640	C:/Users/cball/OneDrive/Documentos/Pessoal/ITA/SAT/Competições/SATRace2019-2/Benchmark/ablmulub2x32o-sc2016.cnf	5241	15431	3817159	3737509	7443820	268100031	108393	102602	5791	       21.67	       -0.06	9555	1390437	UNSAT	      266.77
65	cadical_v21	5	640	C:/Users/cball/OneDrive/Documentos/Pessoal/ITA/SAT/Competições/SATRace2019-2/Benchmark/ae_rphp095_04-sc2018.cnf	14665	34976	55547261	48967415	372612375	3047679937	568221	440765	127456	       41.42	       -0.04	177916	42005243	UNSAT	     4429.58
66	cadical_v21	5	640	C:/Users/cball/OneDrive/Documentos/Pessoal/ITA/SAT/Competições/SATRace2019-2/Benchmark/aes_24_4_keyfind_2-sc2013.cnf	520	5763	539123	537486	808299	36771129	46545	46000	545	       28.89	       -0.04	852	212926	SAT	      106.53
67	cadical_v21	5	640	C:/Users/cball/OneDrive/Documentos/Pessoal/ITA/SAT/Competições/SATRace2019-2/Benchmark/aes_24_4_keyfind_5-sc2014.cnf	520	5761	12724348	12700492	15629208	426718865	474823	455875	18948	       25.10	       -0.02	30074	4251664	IND	     4999.34
68	cadical_v21	5	640	C:/Users/cball/OneDrive/Documentos/Pessoal/ITA/SAT/Competições/SATRace2019-2/Benchmark/aes_32_3_keyfind_1-sc2011.cnf	708	2539	2441089	2431849	3935419	114138682	129871	127187	2684	       23.76	       -0.05	4337	1033610	SAT	      297.77
69	cadical_v21	5	640	C:/Users/cball/OneDrive/Documentos/Pessoal/ITA/SAT/Competições/SATRace2019-2/Benchmark/aes_equiv_encry_3_rounds.debugged-sc2012.cnf	501284	2745938	4128037	4113367	17161310	184933996	102598	94483	8115	       20.60	       -0.04	12289	2326961	UNSAT	      478.34
70	cadical_v21	5	640	C:/Users/cball/OneDrive/Documentos/Pessoal/ITA/SAT/Competições/SATRace2019-2/Benchmark/ak128astepbg2msaig-sc2016.cnf	422649	1265651	4067429	3935756	19132604	14089502941	109297	101818	7479	      115.02	       -0.11	11605	3937302	IND	     4999.03
71	cadical_v21	5	640	C:/Users/cball/OneDrive/Documentos/Pessoal/ITA/SAT/Competições/SATRace2019-2/Benchmark/ak128modasbg2asisc-sc2016.cnf	293123	943087	3030886	2932401	16507819	9066492434	103543	99057	4486	       94.97	       -0.14	7031	3960570	SAT	     3117.01
72	cadical_v21	5	640	C:/Users/cball/OneDrive/Documentos/Pessoal/ITA/SAT/Competições/SATRace2019-2/Benchmark/apn-sbox6-cut4-helpbox31-sc2018.cnf	137472	810768	10693331	10618314	15492928	403113740	256992	245436	11556	       22.39	       -0.06	19591	5345408	SAT	     1702.06
73	cadical_v21	5	640	C:/Users/cball/OneDrive/Documentos/Pessoal/ITA/SAT/Competições/SATRace2019-2/Benchmark/atco_enc1_opt1_04_32-sc2014.cnf	57220	568572	162665	157748	1405683	178353755	16238	16049	189	       26.00	       -0.22	311	113992	SAT	       74.75
74	cadical_v21	5	640	C:/Users/cball/OneDrive/Documentos/Pessoal/ITA/SAT/Competições/SATRace2019-2/Benchmark/atco_enc1_opt2_10_16-sc2014.cnf	9643	145203	2179785	2144239	4329780	380511304	120966	119053	1913	       23.00	       -0.09	3165	1117424	SAT	      297.22
75	cadical_v21	5	640	C:/Users/cball/OneDrive/Documentos/Pessoal/ITA/SAT/Competições/SATRace2019-2/Benchmark/atco_enc1_opt2_20_12-sc2014.cnf	171148	6591010	3155708	3123423	5204098	1808657751	114215	109713	4502	       26.21	       -0.06	7248	1098471	UNSAT	     1795.77
76	cadical_v21	5	640	C:/Users/cball/OneDrive/Documentos/Pessoal/ITA/SAT/Competições/SATRace2019-2/Benchmark/atco_enc2_opt2_05_9-sc2014.cnf	14912	381544	612961	595129	2627077	226389308	38577	37926	651	       34.80	       -0.16	1070	396923	SAT	      147.08
77	cadical_v21	5	640	C:/Users/cball/OneDrive/Documentos/Pessoal/ITA/SAT/Competições/SATRace2019-2/Benchmark/atco_enc2_opt2_10_21-sc2014.cnf	9824	153979	720501	708419	1494225	131544591	29978	29034	944	       25.22	       -0.08	1528	300659	SAT	       75.02
78	cadical_v21	5	640	C:/Users/cball/OneDrive/Documentos/Pessoal/ITA/SAT/Competições/SATRace2019-2/Benchmark/atco_enc3_opt2_10_12-sc2014.cnf	1236271	4906536	200352	195787	420853	3118412127	5916	5660	256	       21.67	       -0.07	436	106319	UNSAT	      948.67
79	cadical_v21	5	640	C:/Users/cball/OneDrive/Documentos/Pessoal/ITA/SAT/Competições/SATRace2019-2/Benchmark/b04_s_2_unknown_pre-sc2013.cnf	123133	796517	701062	673495	2578084	1445226726	25674	24849	825	       72.95	       -0.13	1381	513500	SAT	      539.78
80	cadical_v21	5	640	C:/Users/cball/OneDrive/Documentos/Pessoal/ITA/SAT/Competições/SATRace2019-2/Benchmark/b04_s_unknown-sc2013.cnf	290693	1262210	170663	162824	1284723	417703942	8991	8864	127	       39.57	       -0.22	262	244875	SAT	      188.81
81	cadical_v21	5	640	C:/Users/cball/OneDrive/Documentos/Pessoal/ITA/SAT/Competições/SATRace2019-2/Benchmark/b1904P1-8x8c6h5SAT.cnf	63268	396114	15879914	15553758	52667201	4345434783	562460	535825	26635	       70.19	       -0.09	42570	6287710	IND	     4998.88
82	cadical_v21	5	640	C:/Users/cball/OneDrive/Documentos/Pessoal/ITA/SAT/Competições/SATRace2019-2/Benchmark/b1904P1-8x8c6h7SAT.cnf	63268	374457	14869933	14562705	42762407	4542376601	520037	495892	24145	       71.77	       -0.09	38532	6070697	IND	     4997.31
83	cadical_v21	5	640	C:/Users/cball/OneDrive/Documentos/Pessoal/ITA/SAT/Competições/SATRace2019-2/Benchmark/b1904P2-8x8c9h5SAT.cnf	68940	327952	15178770	14864218	35080984	5092635835	449725	424300	25425	       67.52	       -0.08	40278	5965534	IND	     4999.24
84	cadical_v21	5	640	C:/Users/cball/OneDrive/Documentos/Pessoal/ITA/SAT/Competições/SATRace2019-2/Benchmark/b1904P2-8x8c9h7UNSAT.cnf	68940	310541	12279121	12016762	27864096	4971396435	422535	405695	16840	       59.00	       -0.08	27275	5372503	IND	     4998.91
85	cadical_v21	5	640	C:/Users/cball/OneDrive/Documentos/Pessoal/ITA/SAT/Competições/SATRace2019-2/Benchmark/b1904P3-8x8c11h0SAT.cnf	69644	368587	13771161	13462952	32866010	4391644557	412520	390386	22134	       90.11	       -0.08	34832	6319625	IND	     4992.95
86	cadical_v21	5	640	C:/Users/cball/OneDrive/Documentos/Pessoal/ITA/SAT/Competições/SATRace2019-2/Benchmark/b1904P3-8x8c11h7SAT.cnf	69644	305432	2209079	2150460	6263806	844480730	110903	108789	2114	       47.43	       -0.11	3409	1410782	SAT	      519.25
87	cadical_v21	5	640	C:/Users/cball/OneDrive/Documentos/Pessoal/ITA/SAT/Competições/SATRace2019-2/Benchmark/b1904P3-8x8c11h7UNSAT.cnf	69644	306029	3554963	3479808	7202162	1419778350	108579	103150	5429	       58.47	       -0.08	8781	1348338	UNSAT	     1000.41
88	cadical_v21	5	640	C:/Users/cball/OneDrive/Documentos/Pessoal/ITA/SAT/Competições/SATRace2019-2/Benchmark/b_unsat-sc2013.cnf	113407	1010625	1351898	1333071	2221569	2502708771	54234	52564	1670	       57.49	       -0.07	2717	549668	UNSAT	     1196.25
89	cadical_v21	5	640	C:/Users/cball/OneDrive/Documentos/Pessoal/ITA/SAT/Competições/SATRace2019-2/Benchmark/blockpuzzle_5x10_s3_free4-sc2017.cnf	2750	286160	8035711	7835137	17509655	346282698	377773	370117	7656	      101.71	       -0.05	11815	6569292	UNSAT	     1302.56
90	cadical_v21	5	640	C:/Users/cball/OneDrive/Documentos/Pessoal/ITA/SAT/Competições/SATRace2019-2/Benchmark/blocks-blocks-36-0.120-NOTKNOWN-sc2011.cnf	489685	8702447	1805995	1431000	18343792	10469801573	35554	33757	1797	     1217.80	       -0.08	2813	3392122	IND	     4999.91
91	cadical_v21	5	640	C:/Users/cball/OneDrive/Documentos/Pessoal/ITA/SAT/Competições/SATRace2019-2/Benchmark/blocks-blocks-37-1.130-NOTKNOWN-sc2011.cnf	559571	10144966	1212781	920722	12182527	8640569823	13932	12036	1896	     1452.74	       -0.06	2900	2026194	UNSAT	     3646.58
92	cadical_v21	5	640	C:/Users/cball/OneDrive/Documentos/Pessoal/ITA/SAT/Competições/SATRace2019-2/Benchmark/bob12s06-sc2013.cnf	482548	1368963	4752677	4705309	173461583	3386956019	212292	205146	7146	       24.98	       -0.08	11329	47231196	UNSAT	     1325.02
93	cadical_v21	5	640	C:/Users/cball/OneDrive/Documentos/Pessoal/ITA/SAT/Competições/SATRace2019-2/Benchmark/c6288mul.miter.shuffled-as.sat03-346-sc2002.cnf	9540	61421	5315882	5226767	18520140	1108657177	251187	244436	6751	       41.24	       -0.11	10938	2566935	UNSAT	     1183.05
94	cadical_v21	5	640	C:/Users/cball/OneDrive/Documentos/Pessoal/ITA/SAT/Competições/SATRace2019-2/Benchmark/cms-scheel-md5-families-r24-c8-p0-3-5-6-14-16-18-19-sc2018.cnf	39547	130954	9982254	9784106	157192220	1313643677	424727	414680	10047	       27.13	       -0.18	16991	25424043	SAT	     1767.89
95	cadical_v21	5	640	C:/Users/cball/OneDrive/Documentos/Pessoal/ITA/SAT/Competições/SATRace2019-2/Benchmark/connm-ue-csp-sat-n800-d0.02-s111845174.used-as.sat04-958-sc2011.cnf	772	9601	13284895	13251492	15152115	1465543936	351586	330662	20924	       24.87	       -0.02	32899	4582118	UNSAT	     4336.78
96	cadical_v21	5	640	C:/Users/cball/OneDrive/Documentos/Pessoal/ITA/SAT/Competições/SATRace2019-2/Benchmark/countbitsrotate032-sc2009.cnf	8527	25482	12937958	12937863	12945872	11437021686	160039	139672	20367	       28.76	       -0.00	31828	5078588	IND	     4999.56
97	cadical_v21	5	640	C:/Users/cball/OneDrive/Documentos/Pessoal/ITA/SAT/Competições/SATRace2019-2/Benchmark/countbitssrl032-sc2009.cnf	18607	55720	346749	341002	756033	144787618	15691	15251	440	       33.69	       -0.09	702	155161	UNSAT	       67.48
98	cadical_v21	5	640	C:/Users/cball/OneDrive/Documentos/Pessoal/ITA/SAT/Competições/SATRace2019-2/Benchmark/countbitswegner128-sc2011.cnf	98048	293756	5554687	5445656	15064735	2018403204	230277	223892	6385	       83.02	       -0.10	10571	2855046	UNSAT	     1161.47
99	cadical_v21	5	640	C:/Users/cball/OneDrive/Documentos/Pessoal/ITA/SAT/Competições/SATRace2019-2/Benchmark/course0.2_2018_3-sc2018.cnf	1314940	2548425	586445	565996	6112603	2177803391	33388	32923	465	       29.95	       -0.20	845	678665	SAT	      736.17
100	cadical_v21	5	640	C:/Users/cball/OneDrive/Documentos/Pessoal/ITA/SAT/Competições/SATRace2019-2/Benchmark/crafted_n11_d6_c3_num24-sc2013.cnf	36208	7010872	363627	353864	772312	240764100	3657	3195	462	      260.51	       -0.05	723	282534	UNSAT	      247.78
101	cadical_v21	5	640	C:/Users/cball/OneDrive/Documentos/Pessoal/ITA/SAT/Competições/SATRace2019-2/Benchmark/cruxmiter28seed8.cnf	506	1406	4143811	4120815	5325895	99848519	110537	103816	6721	       18.94	       -0.03	10910	1185388	UNSAT	      331.34
102	cadical_v21	5	640	C:/Users/cball/OneDrive/Documentos/Pessoal/ITA/SAT/Competições/SATRace2019-2/Benchmark/cruxmiter29seed4.cnf	511	1418	14846159	14780403	18251913	317949773	437526	414309	23217	       20.36	       -0.03	37604	4541267	UNSAT	     1628.22
103	cadical_v21	5	640	C:/Users/cball/OneDrive/Documentos/Pessoal/ITA/SAT/Competições/SATRace2019-2/Benchmark/cruxmiter29seed9.cnf	513	1424	35092450	34921896	39843704	824319706	1569083	1536333	32750	       20.31	       -0.02	53057	18260043	UNSAT	     4535.92
104	cadical_v21	5	640	C:/Users/cball/OneDrive/Documentos/Pessoal/ITA/SAT/Competições/SATRace2019-2/Benchmark/cruxmiter32seed4.cnf	621	1733	30891231	30737195	41180939	730907552	1466221	1439507	26714	       23.93	       -0.04	43459	16544136	IND	     4999.47
105	cadical_v21	5	640	C:/Users/cball/OneDrive/Documentos/Pessoal/ITA/SAT/Competições/SATRace2019-2/Benchmark/ctl_4291_567_2_unsat-sc2013.cnf	17850	149132	7947826	7839202	11187843	3804810133	361013	354109	6904	       17.43	       -0.07	11086	4389049	UNSAT	     1992.73
106	cadical_v21	5	640	C:/Users/cball/OneDrive/Documentos/Pessoal/ITA/SAT/Competições/SATRace2019-2/Benchmark/ctl_4291_567_2_unsat_pre-sc2013.cnf	15232	147245	8206699	8092839	11650735	3886768496	379029	372113	6916	       17.23	       -0.07	11123	4589598	UNSAT	     2061.31
107	cadical_v21	5	640	C:/Users/cball/OneDrive/Documentos/Pessoal/ITA/SAT/Competições/SATRace2019-2/Benchmark/ctl_4291_567_5_unsat_pre-sc2014.cnf	15232	134756	17971781	17776051	23189271	9386618679	540221	511226	28995	       16.85	       -0.05	45713	5778590	IND	     4999.47
108	cadical_v21	5	640	C:/Users/cball/OneDrive/Documentos/Pessoal/ITA/SAT/Competições/SATRace2019-2/Benchmark/custmulsb2x32o-sc2016.cnf	4660	13676	27579264	27578519	27597701	6622004701	501905	471581	30324	       38.15	       -0.00	47057	15290633	IND	     4999.56
109	cadical_v21	5	640	C:/Users/cball/OneDrive/Documentos/Pessoal/ITA/SAT/Competições/SATRace2019-2/Benchmark/custmulun16x16o-sc2016.cnf	3633	10625	18091394	17879542	24305336	4048006651	640335	612051	28284	       43.24	       -0.02	45012	5607702	IND	     4999.36
110	cadical_v21	5	640	C:/Users/cball/OneDrive/Documentos/Pessoal/ITA/SAT/Competições/SATRace2019-2/Benchmark/dist6.c-sc2018.cnf	15254	68087	786563	779781	1100121	115303987	30170	29069	1101	       25.80	       -0.04	1787	268169	UNSAT	       82.78
111	cadical_v21	5	640	C:/Users/cball/OneDrive/Documentos/Pessoal/ITA/SAT/Competições/SATRace2019-2/Benchmark/dp12u11.used-as.sat04-358-sc2004.cnf	11137	29956	1680306	1654926	2628162	177336383	64005	62337	1668	       20.13	       -0.06	2716	872628	UNSAT	      157.42
112	cadical_v21	5	640	C:/Users/cball/OneDrive/Documentos/Pessoal/ITA/SAT/Competições/SATRace2019-2/Benchmark/e_rphp035_05-sc2018.cnf	2960	5555	20094593	16015856	82549601	597144247	297574	264520	33054	       24.20	       -0.06	49667	26844847	UNSAT	      875.00
113	cadical_v21	5	640	C:/Users/cball/OneDrive/Documentos/Pessoal/ITA/SAT/Competições/SATRace2019-2/Benchmark/ecarev-110-1031-23-40-8-sc2018.cnf	42271	247381	2807594	2745139	6390273	270597698	123469	119700	3769	       20.99	       -0.12	5980	1696211	SAT	      383.81
114	cadical_v21	5	640	C:/Users/cball/OneDrive/Documentos/Pessoal/ITA/SAT/Competições/SATRace2019-2/Benchmark/edges-024-4-5613555-1-00-sc2014.cnf	97	204	35534300	35289735	41548971	506757005	1862111	1828328	33783	       18.54	       -0.03	54764	17015599	IND	     4999.49
115	cadical_v21	5	640	C:/Users/cball/OneDrive/Documentos/Pessoal/ITA/SAT/Competições/SATRace2019-2/Benchmark/eq2csparrc162cbpwtcl16.cnf	6154	18364	15206549	15050955	19478256	3113530363	507384	482329	25055	       53.33	       -0.02	39976	4149520	IND	     4999.12
116	cadical_v21	5	640	C:/Users/cball/OneDrive/Documentos/Pessoal/ITA/SAT/Competições/SATRace2019-2/Benchmark/eqbparrc12spctbk12.cnf	3018	8982	15380370	15249200	18719563	1753994631	509213	483670	25543	       33.32	       -0.02	40736	4147522	IND	     4998.91
117	cadical_v21	5	640	C:/Users/cball/OneDrive/Documentos/Pessoal/ITA/SAT/Competições/SATRace2019-2/Benchmark/eqbparrc14spwtcl14.cnf	4838	14428	16017307	15881949	21448323	2203538662	503012	475533	27479	       45.83	       -0.03	43640	4173513	IND	     4999.28
118	cadical_v21	5	640	C:/Users/cball/OneDrive/Documentos/Pessoal/ITA/SAT/Competições/SATRace2019-2/Benchmark/eqbparrc18spwtrc18.cnf	7193	21469	15209744	15045618	21147522	2463003875	482317	456772	25545	       65.24	       -0.03	40464	4229452	IND	     4999.14
119	cadical_v21	5	640	C:/Users/cball/OneDrive/Documentos/Pessoal/ITA/SAT/Competições/SATRace2019-2/Benchmark/eqbpdtlf12bparrc12.cnf	3105	9242	14091533	13983812	18158574	1343234689	515988	493509	22479	       35.68	       -0.03	35693	4158247	IND	     4999.56
120	cadical_v21	5	640	C:/Users/cball/OneDrive/Documentos/Pessoal/ITA/SAT/Competições/SATRace2019-2/Benchmark/eqbpdtlf14bpwtcl14.cnf	4719	14071	8241061	8155308	13166972	879208496	437007	429482	7525	       36.39	       -0.05	11782	4366143	UNSAT	     2538.50
121	cadical_v21	5	640	C:/Users/cball/OneDrive/Documentos/Pessoal/ITA/SAT/Competições/SATRace2019-2/Benchmark/eqbpdtlf14spctbk14.cnf	4000	11914	13890579	13765189	18186171	1726097981	510369	488471	21898	       44.17	       -0.03	34805	4147113	IND	     4998.83
122	cadical_v21	5	640	C:/Users/cball/OneDrive/Documentos/Pessoal/ITA/SAT/Competições/SATRace2019-2/Benchmark/eqbpdtlf14spdtlf14.cnf	4249	12662	14439518	14303442	18426308	1725812938	532205	509134	23071	       48.61	       -0.03	36818	4058219	IND	     4999.31
123	cadical_v21	5	640	C:/Users/cball/OneDrive/Documentos/Pessoal/ITA/SAT/Competições/SATRace2019-2/Benchmark/eqbpdtlf16spdtlf16.cnf	5550	16552	16433511	16282842	21701359	2104524722	489609	460652	28957	       53.75	       -0.03	45668	4295825	IND	     4998.84
124	cadical_v21	5	640	C:/Users/cball/OneDrive/Documentos/Pessoal/ITA/SAT/Competições/SATRace2019-2/Benchmark/eqbpdtlf18sparcl18.cnf	7282	21738	15671564	15543555	19706727	3285344774	529306	502300	27006	       56.87	       -0.02	42634	4085242	IND	     4999.25
125	cadical_v21	5	640	C:/Users/cball/OneDrive/Documentos/Pessoal/ITA/SAT/Competições/SATRace2019-2/Benchmark/eqbpwtcl10spwtcl10.cnf	2616	7788	2892969	2869224	3731914	343325163	122570	118420	4150	       28.99	       -0.03	6491	1072086	UNSAT	      465.69
126	cadical_v21	5	640	C:/Users/cball/OneDrive/Documentos/Pessoal/ITA/SAT/Competições/SATRace2019-2/Benchmark/eqbpwtrc10bpdtlf10.cnf	2205	6555	1878613	1861877	2616177	160379825	100918	99086	1832	       25.76	       -0.04	2878	947563	UNSAT	      247.33
127	cadical_v21	5	640	C:/Users/cball/OneDrive/Documentos/Pessoal/ITA/SAT/Competições/SATRace2019-2/Benchmark/eqbpwtrc10spctbk10.cnf	2089	6206	2545091	2525073	3219860	256876060	115546	112373	3173	       27.99	       -0.03	4982	1082469	UNSAT	      393.30
128	cadical_v21	5	640	C:/Users/cball/OneDrive/Documentos/Pessoal/ITA/SAT/Competições/SATRace2019-2/Benchmark/eqsparcl10bpwtrc10.cnf	2275	6764	2141994	2121387	2931280	222791426	115593	113562	2031	       25.20	       -0.04	3224	1088918	UNSAT	      287.70
129	cadical_v21	5	640	C:/Users/cball/OneDrive/Documentos/Pessoal/ITA/SAT/Competições/SATRace2019-2/Benchmark/eqsparcl12bpwtrc12.cnf	3278	9760	18009113	17867088	22571646	2229070277	707122	678617	28505	       30.37	       -0.03	45228	5234124	IND	     4999.33
130	cadical_v21	5	640	C:/Users/cball/OneDrive/Documentos/Pessoal/ITA/SAT/Competições/SATRace2019-2/Benchmark/eqsparrc12bpdtlf12.cnf	3096	9215	17298826	17182970	22047268	1910412854	598760	569778	28982	       31.00	       -0.03	45703	4856729	IND	     4999.28
131	cadical_v21	5	640	C:/Users/cball/OneDrive/Documentos/Pessoal/ITA/SAT/Competições/SATRace2019-2/Benchmark/eqsparrc14spctbk14.cnf	4136	12323	16610448	16470326	21536932	2060336611	546160	518219	27941	       37.17	       -0.03	44664	4293735	IND	     4999.47
132	cadical_v21	5	640	C:/Users/cball/OneDrive/Documentos/Pessoal/ITA/SAT/Competições/SATRace2019-2/Benchmark/eqsparrc16spwtcl16.cnf	6576	19630	16139012	15993754	20822132	2980338326	523921	496183	27738	       46.57	       -0.03	44081	4111228	IND	     4999.48
133	cadical_v21	5	640	C:/Users/cball/OneDrive/Documentos/Pessoal/ITA/SAT/Competições/SATRace2019-2/Benchmark/eqspctbk12bpwtrc12.cnf	3001	8931	16158967	16035434	19618891	1790802429	526712	498681	28031	       34.98	       -0.03	44409	4109782	IND	     4999.27
134	cadical_v21	5	640	C:/Users/cball/OneDrive/Documentos/Pessoal/ITA/SAT/Competições/SATRace2019-2/Benchmark/eqspctbk14sparcl14.cnf	4344	12948	16681923	16530708	21893756	2234945056	530459	503112	27347	       36.94	       -0.03	44077	4420450	IND	     4999.22
135	cadical_v21	5	640	C:/Users/cball/OneDrive/Documentos/Pessoal/ITA/SAT/Competições/SATRace2019-2/Benchmark/eqspctbk14spwtcl14.cnf	4699	14013	15016054	14887694	20603421	1814286146	504032	478858	25174	       44.41	       -0.03	39795	4176255	IND	     4999.19
136	cadical_v21	5	640	C:/Users/cball/OneDrive/Documentos/Pessoal/ITA/SAT/Competições/SATRace2019-2/Benchmark/eqspdtlf14bpwtrc14.cnf	4292	12790	15002277	14881239	19509435	1691780390	521930	496544	25386	       46.83	       -0.03	39986	4098767	IND	     4995.25
137	cadical_v21	5	640	C:/Users/cball/OneDrive/Documentos/Pessoal/ITA/SAT/Competições/SATRace2019-2/Benchmark/eqspwtcl14bpwtcl14.cnf	5418	16168	13140695	13035299	17418767	2067380711	539917	519601	20316	       47.48	       -0.03	32073	4057911	IND	     4997.05
138	cadical_v21	5	640	C:/Users/cball/OneDrive/Documentos/Pessoal/ITA/SAT/Competições/SATRace2019-2/Benchmark/eqspwtrc16bparrc16.cnf	5702	17010	14599596	14472626	18400693	2253892407	499951	475745	24206	       61.12	       -0.02	38189	4141542	IND	     4998.20
139	cadical_v21	5	640	C:/Users/cball/OneDrive/Documentos/Pessoal/ITA/SAT/Competições/SATRace2019-2/Benchmark/ex051_9-sc2018.cnf	51315	485537	7609030	7384384	19480522	1752848921	357444	350804	6640	       24.39	       -0.11	10825	5715838	UNSAT	     2308.89
140	cadical_v21	5	640	C:/Users/cball/OneDrive/Documentos/Pessoal/ITA/SAT/Competições/SATRace2019-2/Benchmark/ex145_11-sc2018.cnf	39544	294276	18626123	18178595	49890820	3577205794	635613	607384	28229	       24.90	       -0.09	44946	9849166	IND	     4997.47
141	cadical_v21	5	640	C:/Users/cball/OneDrive/Documentos/Pessoal/ITA/SAT/Competições/SATRace2019-2/Benchmark/ex175_17-sc2018.cnf	895721	17688050	3830501	3733033	9809535	4888810144	107890	101880	6010	       25.95	       -0.09	9790	1766171	SAT	     4640.09
142	cadical_v21	5	640	C:/Users/cball/OneDrive/Documentos/Pessoal/ITA/SAT/Competições/SATRace2019-2/Benchmark/ex175_18-sc2018.cnf	895721	17648874	2247626	2180650	7434016	3503518679	101935	99822	2113	       20.93	       -0.12	3470	1965477	SAT	     3168.38
143	cadical_v21	5	640	C:/Users/cball/OneDrive/Documentos/Pessoal/ITA/SAT/Competições/SATRace2019-2/Benchmark/ezfact64_6.shuffled-as.sat03-1522-sc2002.cnf	3073	19610	910683	902685	1404049	224415013	32517	31055	1462	       25.55	       -0.05	2337	277265	SAT	      162.51
144	cadical_v21	5	640	C:/Users/cball/OneDrive/Documentos/Pessoal/ITA/SAT/Competições/SATRace2019-2/Benchmark/ezfact64_8.shuffled-as.sat03-1524-sc2002.cnf	3073	19636	652895	645911	1099874	163783913	30327	29484	843	       27.44	       -0.07	1323	281066	SAT	      113.41
145	cadical_v21	5	640	C:/Users/cball/OneDrive/Documentos/Pessoal/ITA/SAT/Competições/SATRace2019-2/Benchmark/f10nidw-sc2012.cnf	824210	2459565	1270041	1231408	12798994	845496981	56961	55406	1555	       37.98	       -0.15	2603	2726424	UNSAT	      467.94
146	cadical_v21	5	640	C:/Users/cball/OneDrive/Documentos/Pessoal/ITA/SAT/Competições/SATRace2019-2/Benchmark/f6nidw-sc2012.cnf	190399	564772	60159	58704	388471	17587341	2322	2230	92	       18.84	       -0.12	154	78327	UNSAT	       14.19
147	cadical_v21	5	640	C:/Users/cball/OneDrive/Documentos/Pessoal/ITA/SAT/Competições/SATRace2019-2/Benchmark/frb-40-19-1-mgd_c18.cnf	760	37548	34639	33587	59235	3146118	1029	1002	27	       45.66	       -0.06	50	23259	SAT	        2.56
148	cadical_v21	5	640	C:/Users/cball/OneDrive/Documentos/Pessoal/ITA/SAT/Competições/SATRace2019-2/Benchmark/frb59-26-1.used-as.sat04-891-sc2011.cnf	1534	132295	18502628	18078016	28424361	2179316867	401483	373976	27507	       77.97	       -0.05	44205	7667357	IND	     4997.58
149	cadical_v21	5	640	C:/Users/cball/OneDrive/Documentos/Pessoal/ITA/SAT/Competições/SATRace2019-2/Benchmark/gensys-icl005.shuffled-as.sat05-3826-sc2011.cnf	2703	17985	1871870	1849029	2787783	125326622	71678	69990	1688	       31.94	       -0.05	2735	1057172	UNSAT	      451.73
150	cadical_v21	5	640	C:/Users/cball/OneDrive/Documentos/Pessoal/ITA/SAT/Competições/SATRace2019-2/Benchmark/gss-20-s100-sc2009.cnf	31503	94548	313646	313492	317975	1447590972	8218	7779	439	       35.96	       -0.00	703	121820	SAT	      378.38
151	cadical_v21	5	640	C:/Users/cball/OneDrive/Documentos/Pessoal/ITA/SAT/Competições/SATRace2019-2/Benchmark/gss-33-s100-sc2009.cnf	32402	97364	5309340	5296718	5674843	10026390767	167686	160236	7450	       56.24	       -0.01	11633	2145756	IND	     4998.73
152	cadical_v21	5	640	C:/Users/cball/OneDrive/Documentos/Pessoal/ITA/SAT/Competições/SATRace2019-2/Benchmark/gto_p60c238-sc2018.cnf	1043	2829	5102285	5047664	5830171	76918298	148358	141528	6830	       23.16	       -0.03	11012	2016394	UNSAT	      326.02
153	cadical_v21	5	640	C:/Users/cball/OneDrive/Documentos/Pessoal/ITA/SAT/Competições/SATRace2019-2/Benchmark/gus-md5-14-sc2009.cnf	69641	226367	2405103	2380297	5905925	10498294297	99377	96088	3289	      114.25	       -0.05	4878	1273920	IND	     4999.67
154	cadical_v21	5	640	C:/Users/cball/OneDrive/Documentos/Pessoal/ITA/SAT/Competições/SATRace2019-2/Benchmark/hcp_CP14_14.cnf	47040	178880	665844	648434	7708453	1581154113	27677	26917	760	       77.40	       -0.11	1262	613114	SAT	      213.00
155	cadical_v21	5	640	C:/Users/cball/OneDrive/Documentos/Pessoal/ITA/SAT/Competições/SATRace2019-2/Benchmark/hcp_CP16_16.cnf	77824	282013	930826	908673	10483906	2633284073	29044	27693	1351	       72.24	       -0.09	2259	778648	SAT	      330.88
156	cadical_v21	5	640	C:/Users/cball/OneDrive/Documentos/Pessoal/ITA/SAT/Competições/SATRace2019-2/Benchmark/hcp_CP18_18.cnf	122472	440385	2600440	2537043	44484390	10622074838	105408	102503	2905	       70.40	       -0.10	4802	3282109	SAT	     1412.05
157	cadical_v21	5	640	C:/Users/cball/OneDrive/Documentos/Pessoal/ITA/SAT/Competições/SATRace2019-2/Benchmark/hcp_CP20_20.cnf	183200	637206	2053546	1997926	52142311	12331906308	104859	103331	1528	       62.87	       -0.13	2587	3811705	SAT	     1589.23
158	cadical_v21	5	640	C:/Users/cball/OneDrive/Documentos/Pessoal/ITA/SAT/Competições/SATRace2019-2/Benchmark/hcp_CP22_22.cnf	264264	895141	5647658	5511555	127808783	37301470179	214204	208096	6108	       74.34	       -0.10	10297	8918481	IND	     4999.60
159	cadical_v21	5	640	C:/Users/cball/OneDrive/Documentos/Pessoal/ITA/SAT/Competições/SATRace2019-2/Benchmark/hcp_CP24_24.cnf	370944	1254550	4716886	4606076	112985629	37634120600	159026	153055	5971	       77.30	       -0.09	10160	7094430	IND	     4999.45
160	cadical_v21	5	640	C:/Users/cball/OneDrive/Documentos/Pessoal/ITA/SAT/Competições/SATRace2019-2/Benchmark/hcp_CP26_26.cnf	505648	1677281	3872900	3781556	95961687	36416801835	111915	106481	5434	       81.02	       -0.09	9283	5963223	IND	     4999.64
161	cadical_v21	5	640	C:/Users/cball/OneDrive/Documentos/Pessoal/ITA/SAT/Competições/SATRace2019-2/Benchmark/hcp_bij16_16.cnf	81920	16496017	7701136	6953466	282875139	4361222194	255740	245649	10091	      334.15	       -0.07	14067	62676521	IND	     5000.14
162	cadical_v21	5	640	C:/Users/cball/OneDrive/Documentos/Pessoal/ITA/SAT/Competições/SATRace2019-2/Benchmark/hcp_d12_12.cnf	23345	49263	35704	34525	484822	9197451	3617	3586	31	       41.43	       -0.24	56	31648	SAT	        4.16
163	cadical_v21	5	640	C:/Users/cball/OneDrive/Documentos/Pessoal/ITA/SAT/Competições/SATRace2019-2/Benchmark/hcp_d14_14.cnf	41961	70118	3085597	3015018	21666841	548242804	104948	100747	4201	       80.18	       -0.11	6840	2463122	SAT	      525.81
164	cadical_v21	5	640	C:/Users/cball/OneDrive/Documentos/Pessoal/ITA/SAT/Competições/SATRace2019-2/Benchmark/hcp_d16_16.cnf	70675	106388	17910347	17514615	130076724	2919208587	483038	457298	25740	       84.78	       -0.10	42478	15734302	IND	     4999.81
165	cadical_v21	5	640	C:/Users/cball/OneDrive/Documentos/Pessoal/ITA/SAT/Competições/SATRace2019-2/Benchmark/hcp_d18_18.cnf	111475	138053	18422516	17990498	173529282	3234521782	550320	525367	24953	       77.41	       -0.11	41701	21764260	IND	     4999.48
166	cadical_v21	5	640	C:/Users/cball/OneDrive/Documentos/Pessoal/ITA/SAT/Competições/SATRace2019-2/Benchmark/hcp_d20_20.cnf	168019	173814	18817034	18359333	216805784	3735944870	595474	571251	24223	       75.20	       -0.12	40978	29000914	IND	     4999.83
167	cadical_v21	5	640	C:/Users/cball/OneDrive/Documentos/Pessoal/ITA/SAT/Competições/SATRace2019-2/Benchmark/hcp_d22_22.cnf	243955	213707	18578105	18114873	253660736	4084111688	608836	585331	23505	       75.19	       -0.13	40269	35191741	IND	     4995.94
168	cadical_v21	5	640	C:/Users/cball/OneDrive/Documentos/Pessoal/ITA/SAT/Competições/SATRace2019-2/Benchmark/hcp_d24_24.cnf	344469	286016	18933048	18447765	298392375	4714504222	639120	616031	23089	       73.46	       -0.13	39858	44552160	IND	     4996.52
169	cadical_v21	5	640	C:/Users/cball/OneDrive/Documentos/Pessoal/ITA/SAT/Competições/SATRace2019-2/Benchmark/hcp_r20_20.cnf	323138	21567424	42	42	488000	577871	0	0	0	        9.19	       -0.74	0	487781	SAT	       27.14
170	cadical_v21	5	640	C:/Users/cball/OneDrive/Documentos/Pessoal/ITA/SAT/Competições/SATRace2019-2/Benchmark/hcp_r26_26.cnf	919562	103439854	0	0	0	230180	0	0	0	        0.00	        0.00	0	0	SAT	      157.36
171	cadical_v21	5	640	C:/Users/cball/OneDrive/Documentos/Pessoal/ITA/SAT/Competições/SATRace2019-2/Benchmark/hitag2-8-60-0-0x880693399044612-25-SAT-sc2013.cnf	2316	30945	15501697	15427998	19404808	820327440	429134	404653	24481	       22.71	       -0.02	39875	4334022	IND	     4995.38
172	cadical_v21	5	640	C:/Users/cball/OneDrive/Documentos/Pessoal/ITA/SAT/Competições/SATRace2019-2/Benchmark/hwb-n26-01-S1957858365.shuffled-as.sat03-1622-sc2002.cnf	172	832	13342500	13279493	16061854	304162336	452526	433155	19371	       19.58	       -0.03	31455	4332284	UNSAT	     1928.22
173	cadical_v21	5	640	C:/Users/cball/OneDrive/Documentos/Pessoal/ITA/SAT/Competições/SATRace2019-2/Benchmark/hwb-n26-03-S540351185.sat05-490.reshuffled-07-sc2007.cnf	172	832	12132341	12050196	15934066	272675602	461387	445032	16355	       18.98	       -0.04	26584	4305733	UNSAT	     1816.95
174	cadical_v21	5	640	C:/Users/cball/OneDrive/Documentos/Pessoal/ITA/SAT/Competições/SATRace2019-2/Benchmark/hwmcc10-timeframe-expansion-k45-pdtpmspalu-tseitin-sc2011.cnf	89190	265715	9677917	9473323	88129571	1647976323	570913	560471	10442	       32.20	       -0.15	16904	12010273	UNSAT	     2250.84
175	cadical_v21	5	640	C:/Users/cball/OneDrive/Documentos/Pessoal/ITA/SAT/Competições/SATRace2019-2/Benchmark/hwmcc15deep-6s516r-k18-sc2017.cnf	51996	147555	10633525	10584297	116842104	1256829800	347759	330365	17394	       49.15	       -0.03	25231	42819112	UNSAT	      940.02
176	cadical_v21	5	640	C:/Users/cball/OneDrive/Documentos/Pessoal/ITA/SAT/Competições/SATRace2019-2/Benchmark/hwmcc15deep-oski15a10b10s-k22-sc2017.cnf	569318	1484813	5763280	5541879	38119758	3736839386	302860	296130	6730	       35.69	       -0.14	10910	7410587	UNSAT	     2085.39
177	cadical_v21	5	640	C:/Users/cball/OneDrive/Documentos/Pessoal/ITA/SAT/Competições/SATRace2019-2/Benchmark/jgiraldezlevy.2200.9086.08.40.149-sr2015.cnf	2200	9086	2832067	2762352	6047967	500033421	120266	116742	3524	       27.23	       -0.08	5773	1137373	SAT	      613.33
178	cadical_v21	5	640	C:/Users/cball/OneDrive/Documentos/Pessoal/ITA/SAT/Competições/SATRace2019-2/Benchmark/k_unsat-sc2013.cnf	7021	95854	12013110	11877906	20170906	3533623480	422302	405311	16991	       27.68	       -0.06	27023	4603320	IND	     4997.23
179	cadical_v21	5	640	C:/Users/cball/OneDrive/Documentos/Pessoal/ITA/SAT/Competições/SATRace2019-2/Benchmark/knight_14.cnf	4680	39640	15883862	15549535	94878466	4152805058	445729	420276	25453	       98.71	       -0.09	41422	9628385	IND	     4996.36
180	cadical_v21	5	640	C:/Users/cball/OneDrive/Documentos/Pessoal/ITA/SAT/Competições/SATRace2019-2/Benchmark/knight_16.cnf	81119	804926	6914687	4817558	327024059	9830302311	198254	192963	5291	      491.38	       -0.18	9405	35208368	IND	     4997.86
181	cadical_v21	5	640	C:/Users/cball/OneDrive/Documentos/Pessoal/ITA/SAT/Competições/SATRace2019-2/Benchmark/knight_18.cnf	126152	1297025	6340357	4162831	352814414	11398562358	156649	151547	5102	      529.04	       -0.18	9167	40661348	IND	     4998.64
182	cadical_v21	5	640	C:/Users/cball/OneDrive/Documentos/Pessoal/ITA/SAT/Competições/SATRace2019-2/Benchmark/knight_20.cnf	189446	2004246	6235358	3735691	377384041	12619438614	132356	127706	4650	      539.36	       -0.17	8631	46320973	IND	     4999.33
183	cadical_v21	5	640	C:/Users/cball/OneDrive/Documentos/Pessoal/ITA/SAT/Competições/SATRace2019-2/Benchmark/le450_15b.col.15-sc2018.cnf	6300	114816	34099602	33823036	38520679	2328002881	1180487	1144868	35619	       52.72	       -0.03	54310	19381918	IND	     4999.55
184	cadical_v21	5	640	C:/Users/cball/OneDrive/Documentos/Pessoal/ITA/SAT/Competições/SATRace2019-2/Benchmark/li-exam-63.shuffled-as.sat03-368-sc2002.cnf	28147	108399	8851503	8445789	118617513	6511164946	517671	510703	6968	      173.39	       -0.16	12174	6773790	IND	     4999.76
185	cadical_v21	5	640	C:/Users/cball/OneDrive/Documentos/Pessoal/ITA/SAT/Competições/SATRace2019-2/Benchmark/li-test4-99.shuffled-as.sat03-377-sc2002.cnf	36809	142448	7701700	7251700	254809913	7918087320	460990	455409	5581	      236.30	       -0.19	9773	12534694	IND	     4999.47
186	cadical_v21	5	640	C:/Users/cball/OneDrive/Documentos/Pessoal/ITA/SAT/Competições/SATRace2019-2/Benchmark/manthey_DimacsSorter_37_3-sr2015.cnf	6634	23392	5178953	5081017	10356311	1461173057	160660	153575	7085	       65.20	       -0.05	11259	2085890	SAT	     1131.81
187	cadical_v21	5	640	C:/Users/cball/OneDrive/Documentos/Pessoal/ITA/SAT/Competições/SATRace2019-2/Benchmark/manthey_single-ordered-initialized-w50-b7-sr2015.cnf	10675	84849	5006873	4914874	7506625	1195252163	138298	131631	6667	       30.05	       -0.04	10841	2237394	UNSAT	     1450.45
188	cadical_v21	5	640	C:/Users/cball/OneDrive/Documentos/Pessoal/ITA/SAT/Competições/SATRace2019-2/Benchmark/maxxor032-sc2011.cnf	13240	39135	409454	396227	1474451	63425224	25445	25056	389	       34.51	       -0.14	653	255810	UNSAT	       34.98
189	cadical_v21	5	640	C:/Users/cball/OneDrive/Documentos/Pessoal/ITA/SAT/Competições/SATRace2019-2/Benchmark/minxorminand128-sc2009.cnf	153834	459957	5656994	5448676	48375700	821660505	180269	172670	7599	      109.88	       -0.07	11753	17110604	UNSAT	     1125.30
190	cadical_v21	5	640	C:/Users/cball/OneDrive/Documentos/Pessoal/ITA/SAT/Competições/SATRace2019-2/Benchmark/mod2c-3cage-unsat-10-2.sat05-2567.reshuffled-07-sc2007.cnf	140	560	46690669	46677238	59432229	336317934	1451377	1385079	66298	       16.95	       -0.03	104374	21219669	UNSAT	     3009.11
191	cadical_v21	5	640	C:/Users/cball/OneDrive/Documentos/Pessoal/ITA/SAT/Competições/SATRace2019-2/Benchmark/mod2c-3cage-unsat-10-3.sat05-2568.reshuffled-07-sc2007.cnf	140	560	27420381	27412256	36427380	208612492	975382	946189	29193	       17.56	       -0.03	45936	17163765	UNSAT	     1001.64
192	cadical_v21	5	640	C:/Users/cball/OneDrive/Documentos/Pessoal/ITA/SAT/Competições/SATRace2019-2/Benchmark/mod4block_2vars_10gates_u2_autoenc-sc2009.cnf	479	123439	2150845	2110107	8507070	62161149	166416	164609	1807	       23.22	       -0.14	3016	1062625	SAT	      314.55
193	cadical_v21	5	640	C:/Users/cball/OneDrive/Documentos/Pessoal/ITA/SAT/Competições/SATRace2019-2/Benchmark/mrpp_6x6#12_24-sc2013.cnf	12197	78363	133934	128235	2560969	16783521	11162	11116	46	        9.34	       -0.30	124	464515	SAT	        7.69
194	cadical_v21	5	640	C:/Users/cball/OneDrive/Documentos/Pessoal/ITA/SAT/Competições/SATRace2019-2/Benchmark/mrpp_8x8#20_24-sc2014.cnf	22022	172772	2595270	2503236	29165943	293956869	137754	135466	2288	       20.06	       -0.21	4184	5731676	SAT	      250.98
195	cadical_v21	5	640	C:/Users/cball/OneDrive/Documentos/Pessoal/ITA/SAT/Competições/SATRace2019-2/Benchmark/mulhs016-sc2009.cnf	4656	13868	10826685	10673750	20655933	2278032212	456762	443562	13200	       40.77	       -0.06	21424	4376109	IND	     4999.86
196	cadical_v21	5	640	C:/Users/cball/OneDrive/Documentos/Pessoal/ITA/SAT/Competições/SATRace2019-2/Benchmark/ndhf_xits_16_UNKNOWN-sc2009.cnf	3366	362797	30095244	29595764	40058012	2566741558	990334	959487	30847	       73.71	       -0.03	47503	17751314	IND	     4997.11
197	cadical_v21	5	640	C:/Users/cball/OneDrive/Documentos/Pessoal/ITA/SAT/Competições/SATRace2019-2/Benchmark/ndhf_xits_19_UNKNOWN-sc2011.cnf	4020	466486	76241	74931	113030	16397008	2002	1863	139	       91.94	       -0.04	205	33069	SAT	       17.59
198	cadical_v21	5	640	C:/Users/cball/OneDrive/Documentos/Pessoal/ITA/SAT/Competições/SATRace2019-2/Benchmark/newton.2.3.i.smt2-cvc4-sc2016.cnf	302737	1309727	1433198	1404641	2166592	15490044967	72965	71266	1699	       50.70	       -0.04	2746	693746	IND	     4995.61
199	cadical_v21	5	640	C:/Users/cball/OneDrive/Documentos/Pessoal/ITA/SAT/Competições/SATRace2019-2/Benchmark/par32-1-c.shuffled-as.sat03-1531-sc2002.cnf	1315	5254	23170326	22979709	35983253	1831384001	1033933	1007661	26272	       23.28	       -0.05	43017	9397526	IND	     4997.62
200	cadical_v21	5	640	C:/Users/cball/OneDrive/Documentos/Pessoal/ITA/SAT/Competições/SATRace2019-2/Benchmark/partial-10-11-s-sc2007.cnf	189456	835275	695302	632450	6722146	1333351839	22232	21243	989	      446.65	       -0.10	1530	499888	SAT	      538.23
201	cadical_v21	5	640	C:/Users/cball/OneDrive/Documentos/Pessoal/ITA/SAT/Competições/SATRace2019-2/Benchmark/partial-10-11-u-sc2007.cnf	188962	825894	7138671	6763220	54920912	8044137255	266514	259332	7182	      284.81	       -0.09	11346	4900893	IND	     4997.70
202	cadical_v21	5	640	C:/Users/cball/OneDrive/Documentos/Pessoal/ITA/SAT/Competições/SATRace2019-2/Benchmark/partial-5-11-u-sc2007.cnf	164158	717440	11193357	10758436	64543805	7052520562	378512	363356	15156	      160.87	       -0.07	23897	5034008	IND	     4998.31
203	cadical_v21	5	640	C:/Users/cball/OneDrive/Documentos/Pessoal/ITA/SAT/Competições/SATRace2019-2/Benchmark/partial-5-17-s-sc2007.cnf	252328	1169843	6802577	6470445	71000251	9687930064	285287	278295	6992	      236.15	       -0.10	11162	5363398	IND	     4996.59
204	cadical_v21	5	640	C:/Users/cball/OneDrive/Documentos/Pessoal/ITA/SAT/Competições/SATRace2019-2/Benchmark/partial-5-19-u-sc2007.cnf	262368	1226585	5726276	5448736	71795823	9033093681	236277	229171	7106	      303.21	       -0.10	11276	4139185	IND	     4996.23
205	cadical_v21	5	640	C:/Users/cball/OneDrive/Documentos/Pessoal/ITA/SAT/Competições/SATRace2019-2/Benchmark/pb_300_10_lb_08-sc2014.cnf	139915	590682	417690	395131	1852470	276989601	20938	20576	362	       36.89	       -0.17	626	356905	UNSAT	      134.92
206	cadical_v21	5	640	C:/Users/cball/OneDrive/Documentos/Pessoal/ITA/SAT/Competições/SATRace2019-2/Benchmark/ps_5000_21250_3_0_0.7_0_1.45_4-sc2017.cnf	5000	21250	18894169	18441898	43308617	3562373217	578652	552585	26067	       34.74	       -0.06	42805	6891154	IND	     4995.80
207	cadical_v21	5	640	C:/Users/cball/OneDrive/Documentos/Pessoal/ITA/SAT/Competições/SATRace2019-2/Benchmark/ps_5000_21250_3_0_0.8_0_1.55_2-sc2017.cnf	5000	21250	10064174	9846440	17272732	1694399472	400522	389611	10911	       20.03	       -0.06	17971	4665163	UNSAT	     1731.23
208	cadical_v21	5	640	C:/Users/cball/OneDrive/Documentos/Pessoal/ITA/SAT/Competições/SATRace2019-2/Benchmark/rbcl_xits_11_UNKNOWN-sc2009.cnf	1740	104640	19478247	19191904	41202166	1428293420	730444	702916	27528	       31.21	       -0.07	44244	7060286	IND	     4997.08
209	cadical_v21	5	640	C:/Users/cball/OneDrive/Documentos/Pessoal/ITA/SAT/Competições/SATRace2019-2/Benchmark/rbcl_xits_13_UNKNOWN-sc2009.cnf	2058	133055	20837600	20549183	48494350	1702380143	794970	767244	27726	       38.57	       -0.07	44441	8339946	IND	     4999.55
210	cadical_v21	5	640	C:/Users/cball/OneDrive/Documentos/Pessoal/ITA/SAT/Competições/SATRace2019-2/Benchmark/rbsat-v2100c215164g4-sc2011.cnf	2100	215164	19401571	18918382	33609531	2847854954	427731	400314	27417	       97.79	       -0.05	44121	8806976	IND	     4999.56
211	cadical_v21	5	640	C:/Users/cball/OneDrive/Documentos/Pessoal/ITA/SAT/Competições/SATRace2019-2/Benchmark/rbsat-v2400c266431g5-sc2009.cnf	2400	266431	21073872	20528069	37434556	2871923841	419438	391751	27687	      126.97	       -0.05	44392	10873618	IND	     4999.56
212	cadical_v21	5	640	C:/Users/cball/OneDrive/Documentos/Pessoal/ITA/SAT/Competições/SATRace2019-2/Benchmark/rbsat-v945c61409gyes9-sc2009.cnf	945	61409	883018	863481	1233090	84073481	20642	19239	1403	       55.06	       -0.05	2234	334027	SAT	      106.72
213	cadical_v21	5	640	C:/Users/cball/OneDrive/Documentos/Pessoal/ITA/SAT/Competições/SATRace2019-2/Benchmark/rphp5_100_shuffled-sc2016.cnf	1000	21405	79916783	59119022	824746293	9475974574	480986	294292	186694	       42.44	       -0.04	248610	187639520	IND	     4999.62
214	cadical_v21	5	640	C:/Users/cball/OneDrive/Documentos/Pessoal/ITA/SAT/Competições/SATRace2019-2/Benchmark/rpoc_xits_11_UNKNOWN-sc2009.cnf	1740	114011	20499970	20229681	38032680	1321729203	769376	741703	27673	       29.06	       -0.06	44391	7965106	IND	     4999.69
215	cadical_v21	5	640	C:/Users/cball/OneDrive/Documentos/Pessoal/ITA/SAT/Competições/SATRace2019-2/Benchmark/rpoc_xits_12_UNKNOWN-sc2009.cnf	1898	128735	20137686	19870811	38026147	1375583619	672548	644725	27823	       31.73	       -0.06	44541	7952764	IND	     4999.77
216	cadical_v21	5	640	C:/Users/cball/OneDrive/Documentos/Pessoal/ITA/SAT/Competições/SATRace2019-2/Benchmark/rubikcube701-sc2017.cnf	3066	59739	6554152	6475430	10414767	1255211930	294054	287485	6569	       20.34	       -0.06	10755	3048117	UNSAT	     2274.25
217	cadical_v21	5	640	C:/Users/cball/OneDrive/Documentos/Pessoal/ITA/SAT/Competições/SATRace2019-2/Benchmark/rubikcube912-sc2017.cnf	3090	59825	7598115	7523066	15856089	1138893264	420541	414000	6541	       25.71	       -0.08	10728	3691394	IND	     4999.08
218	cadical_v21	5	640	C:/Users/cball/OneDrive/Documentos/Pessoal/ITA/SAT/Competições/SATRace2019-2/Benchmark/safe-30-h29-unsat-sc2007.cnf	130928	437704	29693909	29338738	116678518	4059971732	1715296	1687213	28083	       50.66	       -0.09	44792	14931124	IND	     4999.52
219	cadical_v21	5	640	C:/Users/cball/OneDrive/Documentos/Pessoal/ITA/SAT/Competições/SATRace2019-2/Benchmark/satcoin-genesis-SAT-10-sc2018.cnf	134780	648622	1012	978	30271	1634482	45	45	0	       26.63	       -0.24	1	4694	SAT	        2.09
220	cadical_v21	5	640	C:/Users/cball/OneDrive/Documentos/Pessoal/ITA/SAT/Competições/SATRace2019-2/Benchmark/sgen1-sat-180-100-sc2009.cnf	180	432	19446592	19147185	28022226	447002262	600715	573928	26787	       23.23	       -0.05	43520	7028746	IND	     4996.25
221	cadical_v21	5	640	C:/Users/cball/OneDrive/Documentos/Pessoal/ITA/SAT/Competições/SATRace2019-2/Benchmark/sgen1-unsat-109-100-sc2009.cnf	109	228	34448147	34176215	45813728	520290521	1930631	1899461	31170	       20.47	       -0.04	50484	16712381	IND	     4997.27
222	cadical_v21	5	640	C:/Users/cball/OneDrive/Documentos/Pessoal/ITA/SAT/Competições/SATRace2019-2/Benchmark/sha1r17m145ABCD.cnf	3831	15062	5009374	4940773	9278196	587658217	217902	211481	6421	       37.84	       -0.07	10610	1797459	SAT	     1916.28
223	cadical_v21	5	640	C:/Users/cball/OneDrive/Documentos/Pessoal/ITA/SAT/Competições/SATRace2019-2/Benchmark/sha1r17m145ABCD_p.cnf	2715	11371	4971762	4903238	9397606	611620986	214090	207615	6475	       38.50	       -0.07	10664	1776993	SAT	     1797.83
224	cadical_v21	5	640	C:/Users/cball/OneDrive/Documentos/Pessoal/ITA/SAT/Competições/SATRace2019-2/Benchmark/sha1r17m146ABCD.cnf	3835	15069	1122764	1104318	2326940	134040544	47197	45602	1595	       37.33	       -0.08	2644	355879	SAT	      165.14
225	cadical_v21	5	640	C:/Users/cball/OneDrive/Documentos/Pessoal/ITA/SAT/Competições/SATRace2019-2/Benchmark/sha1r17m146ABCD_p.cnf	2719	11388	6121454	6034024	11982797	735385796	312087	305598	6489	       38.68	       -0.08	10679	2679878	SAT	     2682.49
226	cadical_v21	5	640	C:/Users/cball/OneDrive/Documentos/Pessoal/ITA/SAT/Competições/SATRace2019-2/Benchmark/sha1r17m147ABCD.cnf	3836	15071	7311205	7203226	14834678	873656303	422493	416131	6362	       38.43	       -0.08	10552	3584711	SAT	     3491.64
227	cadical_v21	5	640	C:/Users/cball/OneDrive/Documentos/Pessoal/ITA/SAT/Competições/SATRace2019-2/Benchmark/sha1r17m147ABCD_p.cnf	2720	11392	2107590	2070595	4977947	248586882	128859	127099	1760	       37.15	       -0.10	2902	1096514	SAT	      451.28
228	cadical_v21	5	640	C:/Users/cball/OneDrive/Documentos/Pessoal/ITA/SAT/Competições/SATRace2019-2/Benchmark/sha1r17m148ABCD.cnf	3837	15085	3164957	3118650	6094401	368806665	133269	129067	4202	       39.18	       -0.07	6965	1089431	SAT	      879.08
229	cadical_v21	5	640	C:/Users/cball/OneDrive/Documentos/Pessoal/ITA/SAT/Competições/SATRace2019-2/Benchmark/sha1r17m148ABCD_p.cnf	2721	11396	8973491	8848011	17437766	1049244139	503660	495550	8110	       37.88	       -0.08	13502	4255949	IND	     4996.94
230	cadical_v21	5	640	C:/Users/cball/OneDrive/Documentos/Pessoal/ITA/SAT/Competições/SATRace2019-2/Benchmark/sha1r17m149ABCD.cnf	3838	15113	2833780	2789565	5823352	337715034	132265	128935	3330	       38.36	       -0.08	5588	1090547	SAT	      746.03
231	cadical_v21	5	640	C:/Users/cball/OneDrive/Documentos/Pessoal/ITA/SAT/Competições/SATRace2019-2/Benchmark/sha1r17m149ABCD_p.cnf	2722	11400	3234035	3187792	6125820	367922498	130108	125801	4307	       38.19	       -0.07	7177	1101429	SAT	      916.63
232	cadical_v21	5	640	C:/Users/cball/OneDrive/Documentos/Pessoal/ITA/SAT/Competições/SATRace2019-2/Benchmark/sha1r17m63a.cnf	3559	14096	1404604	1383483	2823754	154083600	66884	65154	1730	       33.10	       -0.08	2779	588716	SAT	      185.67
233	cadical_v21	5	640	C:/Users/cball/OneDrive/Documentos/Pessoal/ITA/SAT/Competições/SATRace2019-2/Benchmark/sha1r17m63a_p.cnf	2470	10585	1685889	1660296	3534997	176121429	93892	92244	1648	       33.26	       -0.09	2697	797965	SAT	      248.05
234	cadical_v21	5	640	C:/Users/cball/OneDrive/Documentos/Pessoal/ITA/SAT/Competições/SATRace2019-2/Benchmark/sha1r17m66a.cnf	3566	14138	985022	971292	1821127	114149421	34956	33337	1619	       32.86	       -0.07	2609	276338	SAT	      118.94
235	cadical_v21	5	640	C:/Users/cball/OneDrive/Documentos/Pessoal/ITA/SAT/Competições/SATRace2019-2/Benchmark/sha1r17m66a_p.cnf	2477	10608	3191166	3156055	5413398	329007632	126484	121910	4574	       33.66	       -0.06	7377	1084142	SAT	      643.06
236	cadical_v21	5	640	C:/Users/cball/OneDrive/Documentos/Pessoal/ITA/SAT/Competições/SATRace2019-2/Benchmark/sha1r17m67a.cnf	3573	14128	3343023	3298373	5870690	308463980	127595	122967	4628	       35.92	       -0.06	7666	1077618	SAT	      555.19
237	cadical_v21	5	640	C:/Users/cball/OneDrive/Documentos/Pessoal/ITA/SAT/Competições/SATRace2019-2/Benchmark/sha1r17m67a_p.cnf	2484	10627	3344538	3308808	5597699	336926066	128346	123355	4991	       33.85	       -0.06	8027	1078651	SAT	      701.58
238	cadical_v21	5	640	C:/Users/cball/OneDrive/Documentos/Pessoal/ITA/SAT/Competições/SATRace2019-2/Benchmark/sha1r17m72a.cnf	3593	14282	1434628	1411267	2919701	159224814	67904	66244	1660	       34.14	       -0.08	2708	616723	SAT	      182.70
239	cadical_v21	5	640	C:/Users/cball/OneDrive/Documentos/Pessoal/ITA/SAT/Competições/SATRace2019-2/Benchmark/sha1r17m72a_p.cnf	2504	10705	2051197	2016885	4536389	197441192	126034	124422	1612	       34.60	       -0.09	2669	1075728	SAT	      308.64
240	cadical_v21	5	640	C:/Users/cball/OneDrive/Documentos/Pessoal/ITA/SAT/Competições/SATRace2019-2/Benchmark/sha1r17m75a.cnf	3603	14304	1855943	1827087	3793417	200517318	104657	103024	1633	       33.59	       -0.08	2682	947289	SAT	      287.19
241	cadical_v21	5	640	C:/Users/cball/OneDrive/Documentos/Pessoal/ITA/SAT/Competições/SATRace2019-2/Benchmark/sha1r17m75a_p.cnf	2514	10733	2694773	2661817	4862062	268273441	123261	119924	3337	       34.19	       -0.07	5378	1093067	SAT	      496.64
242	cadical_v21	5	640	C:/Users/cball/OneDrive/Documentos/Pessoal/ITA/SAT/Competições/SATRace2019-2/Benchmark/sha2.shuffled-as.sat03-442-sc2002.cnf	61377	235249	4082542	4016324	13438086	6453948599	88950	81111	7839	      419.02	       -0.04	11986	1956777	IND	     4998.14
243	cadical_v21	5	640	C:/Users/cball/OneDrive/Documentos/Pessoal/ITA/SAT/Competições/SATRace2019-2/Benchmark/sin.c.75.smt2-cvc4-sc2016.cnf	7916927	32591905	2640364	2555813	15532953	2745060872	124328	121811	2517	       25.41	       -0.16	4480	2828656	IND	     4999.41
244	cadical_v21	5	640	C:/Users/cball/OneDrive/Documentos/Pessoal/ITA/SAT/Competições/SATRace2019-2/Benchmark/size_4_4_4_i0418_r8.cnf	1140	4253	2246490	2218475	3715590	94246455	108216	106024	2192	       18.51	       -0.07	3547	1126042	UNSAT	      202.36
245	cadical_v21	5	640	C:/Users/cball/OneDrive/Documentos/Pessoal/ITA/SAT/Competições/SATRace2019-2/Benchmark/size_4_4_4_i0566_r8.cnf	1140	4253	4399774	4353283	6378384	188054249	132843	126181	6662	       20.56	       -0.05	10851	1381937	UNSAT	      525.33
246	cadical_v21	5	640	C:/Users/cball/OneDrive/Documentos/Pessoal/ITA/SAT/Competições/SATRace2019-2/Benchmark/size_4_4_4_i2704_r8.cnf	1140	4253	3057991	3022863	4807748	140787180	114137	110048	4089	       20.74	       -0.06	6689	1106556	UNSAT	      350.97
247	cadical_v21	5	640	C:/Users/cball/OneDrive/Documentos/Pessoal/ITA/SAT/Competições/SATRace2019-2/Benchmark/size_4_4_4_i3499_r8.cnf	1140	4253	2829729	2796305	4536806	124499794	111756	108233	3523	       19.60	       -0.06	5771	1112439	UNSAT	      299.53
248	cadical_v21	5	640	C:/Users/cball/OneDrive/Documentos/Pessoal/ITA/SAT/Competições/SATRace2019-2/Benchmark/size_4_4_4_i4096_r8.cnf	1140	4253	2569694	2538568	4272179	111582269	116049	113144	2905	       19.65	       -0.07	4755	1096737	UNSAT	      253.66
249	cadical_v21	5	640	C:/Users/cball/OneDrive/Documentos/Pessoal/ITA/SAT/Competições/SATRace2019-2/Benchmark/size_4_4_4_i4295_r8.cnf	1140	4253	2123062	2096504	3683480	95047038	108253	106370	1883	       19.50	       -0.08	3047	1119359	UNSAT	      198.61
250	cadical_v21	5	640	C:/Users/cball/OneDrive/Documentos/Pessoal/ITA/SAT/Competições/SATRace2019-2/Benchmark/size_4_4_4_i4473_r8.cnf	1140	4253	2670948	2638582	4414692	113571684	115554	112385	3169	       19.77	       -0.07	5174	1103038	UNSAT	      266.19
251	cadical_v21	5	640	C:/Users/cball/OneDrive/Documentos/Pessoal/ITA/SAT/Competições/SATRace2019-2/Benchmark/size_4_4_4_i4828_r8.cnf	1140	4253	3610747	3572021	5384527	154099067	117023	111609	5414	       19.68	       -0.05	8861	1104324	UNSAT	      374.19
252	cadical_v21	5	640	C:/Users/cball/OneDrive/Documentos/Pessoal/ITA/SAT/Competições/SATRace2019-2/Benchmark/size_5_5_5_i003_r12.cnf	3220	12314	3294004	3244850	9115191	229544565	135578	130841	4737	       34.66	       -0.09	7697	1198611	SAT	      315.44
253	cadical_v21	5	640	C:/Users/cball/OneDrive/Documentos/Pessoal/ITA/SAT/Competições/SATRace2019-2/Benchmark/size_5_5_5_i044_r12.cnf	3220	12314	3447015	3395819	9045706	236959451	131499	126364	5135	       35.80	       -0.09	8328	1215731	SAT	      332.62
254	cadical_v21	5	640	C:/Users/cball/OneDrive/Documentos/Pessoal/ITA/SAT/Competições/SATRace2019-2/Benchmark/size_5_5_5_i063_r12.cnf	3220	12314	2456212	2416285	8095337	168177219	128879	126247	2632	       32.83	       -0.11	4309	1222328	SAT	      240.97
255	cadical_v21	5	640	C:/Users/cball/OneDrive/Documentos/Pessoal/ITA/SAT/Competições/SATRace2019-2/Benchmark/size_5_5_5_i116_r12.cnf	3220	12314	3199629	3151855	8698909	238603224	128147	123693	4454	       35.84	       -0.09	7269	1218693	SAT	      322.89
256	cadical_v21	5	640	C:/Users/cball/OneDrive/Documentos/Pessoal/ITA/SAT/Competições/SATRace2019-2/Benchmark/size_5_5_5_i171_r12.cnf	3220	12314	2229723	2194360	6911617	153915353	126097	123997	2100	       30.21	       -0.10	3429	1163612	SAT	      203.42
257	cadical_v21	5	640	C:/Users/cball/OneDrive/Documentos/Pessoal/ITA/SAT/Competições/SATRace2019-2/Benchmark/size_5_5_5_i198_r12.cnf	3220	12314	10513478	10356694	29265073	782982179	477603	465222	12381	       34.28	       -0.09	20127	4841553	SAT	     1719.97
258	cadical_v21	5	640	C:/Users/cball/OneDrive/Documentos/Pessoal/ITA/SAT/Competições/SATRace2019-2/Benchmark/size_5_5_5_i218_r12.cnf	3220	12314	3794883	3742457	9039402	269652353	133885	127938	5947	       35.40	       -0.08	9674	1188055	SAT	      392.36
259	cadical_v21	5	640	C:/Users/cball/OneDrive/Documentos/Pessoal/ITA/SAT/Competições/SATRace2019-2/Benchmark/size_5_5_5_i223_r12.cnf	3220	12314	934988	920689	2652541	72003710	39098	37686	1412	       35.59	       -0.09	2326	282545	SAT	       66.30
260	cadical_v21	5	640	C:/Users/cball/OneDrive/Documentos/Pessoal/ITA/SAT/Competições/SATRace2019-2/Benchmark/size_5_5_5_i235_r12.cnf	3220	12314	2993058	2947756	8642594	216320161	134121	130087	4034	       34.64	       -0.09	6532	1206962	SAT	      308.30
261	cadical_v21	5	640	C:/Users/cball/OneDrive/Documentos/Pessoal/ITA/SAT/Competições/SATRace2019-2/Benchmark/size_5_5_5_i251_r12.cnf	3220	12314	4032221	3975947	9187907	275218191	130345	123931	6414	       36.72	       -0.07	10507	1168266	SAT	      382.84
262	cadical_v21	5	640	C:/Users/cball/OneDrive/Documentos/Pessoal/ITA/SAT/Competições/SATRace2019-2/Benchmark/size_5_5_5_i260_r12.cnf	3220	12314	10592337	10436261	29250444	736504655	491574	479076	12498	       33.60	       -0.09	20366	4786701	SAT	     1665.45
263	cadical_v21	5	640	C:/Users/cball/OneDrive/Documentos/Pessoal/ITA/SAT/Competições/SATRace2019-2/Benchmark/size_5_5_5_i272_r12.cnf	3220	12314	3025770	2979013	8871703	224889754	135841	131832	4009	       34.43	       -0.09	6559	1164455	SAT	      315.27
264	cadical_v21	5	640	C:/Users/cball/OneDrive/Documentos/Pessoal/ITA/SAT/Competições/SATRace2019-2/Benchmark/slp-synthesis-aes-bottom13-sc2011.cnf	19995	62866	427301	416707	986647	96117176	21212	20783	429	       28.30	       -0.09	691	217653	UNSAT	       49.22
265	cadical_v21	5	640	C:/Users/cball/OneDrive/Documentos/Pessoal/ITA/SAT/Competições/SATRace2019-2/Benchmark/slp-synthesis-aes-bottom18-sc2011.cnf	36410	115054	16405236	16101823	35778320	4196205996	472777	445860	26917	       55.34	       -0.06	43633	4685177	IND	     4999.52
266	cadical_v21	5	640	C:/Users/cball/OneDrive/Documentos/Pessoal/ITA/SAT/Competições/SATRace2019-2/Benchmark/slp-synthesis-aes-bottom22-sc2011.cnf	53118	168346	14882411	14578037	46712548	5800899845	495172	471894	23278	       74.19	       -0.08	37696	4872895	IND	     4999.52
267	cadical_v21	5	640	C:/Users/cball/OneDrive/Documentos/Pessoal/ITA/SAT/Competições/SATRace2019-2/Benchmark/slp-synthesis-aes-bottom26-sc2011.cnf	73074	231921	14177523	13869811	52435693	6917280998	497352	476361	20991	       82.67	       -0.09	34340	5080255	IND	     4999.69
268	cadical_v21	5	640	C:/Users/cball/OneDrive/Documentos/Pessoal/ITA/SAT/Competições/SATRace2019-2/Benchmark/slp-synthesis-aes-top21-sc2011.cnf	51138	153348	21172758	20865095	34361013	2448369889	758981	732757	26224	       25.50	       -0.06	42959	8865174	UNSAT	     4771.81
269	cadical_v21	5	640	C:/Users/cball/OneDrive/Documentos/Pessoal/ITA/SAT/Competições/SATRace2019-2/Benchmark/slp-synthesis-aes-top26-sc2011.cnf	76943	231299	763249	746911	3023213	382523048	42733	41718	1015	       43.79	       -0.14	1664	380402	SAT	      137.36
270	cadical_v21	5	640	C:/Users/cball/OneDrive/Documentos/Pessoal/ITA/SAT/Competições/SATRace2019-2/Benchmark/smtlib-qfbv-aigs-countbits128-tseitin-sc2011.cnf	95810	287043	5646945	5537271	15556692	2084028858	240010	233595	6415	       73.76	       -0.10	10603	2943612	UNSAT	     1187.62
271	cadical_v21	5	640	C:/Users/cball/OneDrive/Documentos/Pessoal/ITA/SAT/Competições/SATRace2019-2/Benchmark/smulo032-sc2012.cnf	11785	35160	1448476	1419202	3429354	261213626	74571	72850	1721	       26.34	       -0.11	2768	681415	UNSAT	      182.75
272	cadical_v21	5	640	C:/Users/cball/OneDrive/Documentos/Pessoal/ITA/SAT/Competições/SATRace2019-2/Benchmark/snw_13_8_pre-sc2016.cnf	20446	689272	2080446	2030269	3642927	4046259030	93186	91479	1707	       26.26	       -0.08	2807	1292103	UNSAT	     1826.91
273	cadical_v21	5	640	C:/Users/cball/OneDrive/Documentos/Pessoal/ITA/SAT/Competições/SATRace2019-2/Benchmark/snw_16_8_nopre-sc2016.cnf	103136	4673415	1322501	1284104	2421183	6542895130	42340	40755	1585	       27.01	       -0.08	2634	727853	UNSAT	     3475.00
274	cadical_v21	5	640	C:/Users/cball/OneDrive/Documentos/Pessoal/ITA/SAT/Competições/SATRace2019-2/Benchmark/snw_16_8_pre-sc2016.cnf	76006	3192315	1187250	1155817	2034316	5830692452	32957	31294	1663	       26.38	       -0.07	2710	559797	UNSAT	     3121.76
275	cadical_v21	5	640	C:/Users/cball/OneDrive/Documentos/Pessoal/ITA/SAT/Competições/SATRace2019-2/Benchmark/sokoban-p16.sas.ex.15-sc2016.cnf	2343808	5010575	1259137	1137572	10439956	1390405224	25213	23403	1810	      370.14	       -0.07	2848	1568605	UNSAT	     1378.30
276	cadical_v21	5	640	C:/Users/cball/OneDrive/Documentos/Pessoal/ITA/SAT/Competições/SATRace2019-2/Benchmark/sokoban-p16.sas.ex.19-sc2016.cnf	2929760	6277585	3375175	3049269	32965234	4125851389	57285	51713	5572	      583.39	       -0.07	8618	4016305	IND	     4999.59
277	cadical_v21	5	640	C:/Users/cball/OneDrive/Documentos/Pessoal/ITA/SAT/Competições/SATRace2019-2/Benchmark/sokoban-p16.sas.ex.21-sc2016.cnf	3222736	6910393	3296257	2953237	38518240	4231887747	58857	53303	5554	      612.78	       -0.08	8473	4558942	IND	     4997.27
278	cadical_v21	5	640	C:/Users/cball/OneDrive/Documentos/Pessoal/ITA/SAT/Competições/SATRace2019-2/Benchmark/sokoban-p16.sas.ex.23-sc2016.cnf	3515712	7543854	3377922	3008158	43366463	4170264887	59655	53858	5797	      626.34	       -0.08	8834	5100900	IND	     4996.73
279	cadical_v21	5	640	C:/Users/cball/OneDrive/Documentos/Pessoal/ITA/SAT/Competições/SATRace2019-2/Benchmark/sokoban-p20.sas.cr.35-sc2016.cnf	172512	1477968	3019480	2629206	33215489	8713015427	53864	49326	4538	      715.19	       -0.08	7042	3433221	IND	     4995.30
280	cadical_v21	5	640	C:/Users/cball/OneDrive/Documentos/Pessoal/ITA/SAT/Competições/SATRace2019-2/Benchmark/sokoban-p20.sas.ex.15-sc2016.cnf	2430976	5169846	3316976	2984235	36213328	3910792639	58126	52449	5677	      566.92	       -0.07	8629	4244210	IND	     4994.84
281	cadical_v21	5	640	C:/Users/cball/OneDrive/Documentos/Pessoal/ITA/SAT/Competições/SATRace2019-2/Benchmark/sokoban-p20.sas.ex.17-sc2016.cnf	2734848	5821656	3536941	3163582	43170486	4263077714	60244	53897	6347	      599.30	       -0.07	9628	4809374	IND	     4998.22
282	cadical_v21	5	640	C:/Users/cball/OneDrive/Documentos/Pessoal/ITA/SAT/Competições/SATRace2019-2/Benchmark/sokoban-p20.sas.ex.23-sc2016.cnf	3646464	7777501	3581633	3168870	53898894	4155623092	61432	55092	6340	      537.08	       -0.08	9680	6757563	IND	     4996.69
283	cadical_v21	5	640	C:/Users/cball/OneDrive/Documentos/Pessoal/ITA/SAT/Competições/SATRace2019-2/Benchmark/squ_ali_s10x10_c39_abix_SAT-sc2017.cnf	1672	5262	981065	964464	2031072	68756022	37479	35923	1556	       25.48	       -0.08	2540	267737	SAT	       71.89
284	cadical_v21	5	640	C:/Users/cball/OneDrive/Documentos/Pessoal/ITA/SAT/Competições/SATRace2019-2/Benchmark/squ_any_s09x07_c27_abio_UNS-sc2017.cnf	851	2702	8110320	8003579	11639836	278691064	409750	403189	6561	       17.39	       -0.06	10748	4347365	UNSAT	     1444.36
285	cadical_v21	5	640	C:/Users/cball/OneDrive/Documentos/Pessoal/ITA/SAT/Competições/SATRace2019-2/Benchmark/srhd-sgi-m62-q1504.5-n60-p30-s88600538-sc2011.cnf	3651	926696	14612478	14364573	17604256	1865345005	289358	262300	27058	      207.06	       -0.02	40995	5363025	IND	     4998.05
286	cadical_v21	5	640	C:/Users/cball/OneDrive/Documentos/Pessoal/ITA/SAT/Competições/SATRace2019-2/Benchmark/stable-400-0.1-4-9876543214004-sc2014.cnf	400	30664	16826296	16372636	20945466	445141305	297534	268993	28541	       79.42	       -0.04	45207	5869299	IND	     4998.09
287	cadical_v21	5	640	C:/Users/cball/OneDrive/Documentos/Pessoal/ITA/SAT/Competições/SATRace2019-2/Benchmark/sted1_0x0-380-sc2018.cnf	13431	335655	8145644	7890089	30595376	3206227640	429113	422439	6674	       54.38	       -0.11	10857	4734639	IND	     4996.95
288	cadical_v21	5	640	C:/Users/cball/OneDrive/Documentos/Pessoal/ITA/SAT/Competições/SATRace2019-2/Benchmark/stone-width3chain-nmarkers-20_shuffled-sc2016.cnf	3906	13611728	14028612	13828174	205322292	443455699	209232	172625	36607	       69.17	       -0.02	49348	78779197	IND	     4998.12
289	cadical_v21	5	640	C:/Users/cball/OneDrive/Documentos/Pessoal/ITA/SAT/Competições/SATRace2019-2/Benchmark/sv-comp19_prop-reachsafety.25_stack_longest_false-unreach-call.i-witness.cnf	3738383	16651874	1833	1626	2108250	23026303	71	71	0	       20.67	       -0.22	2	3992	SAT	       55.98
290	cadical_v21	5	640	C:/Users/cball/OneDrive/Documentos/Pessoal/ITA/SAT/Competições/SATRace2019-2/Benchmark/sv-comp19_prop-reachsafety.26_stack_cas_longer_false-unreach-call.i-witness.cnf	2633376	12055676	2483	2327	594857	17460821	126	126	0	      101.56	       -0.23	3	9823	SAT	       47.14
291	cadical_v21	5	640	C:/Users/cball/OneDrive/Documentos/Pessoal/ITA/SAT/Competições/SATRace2019-2/Benchmark/sv-comp19_prop-reachsafety.barrier_3t_true-unreach-call.i-witness.cnf	9582411	46593859	134301	121892	2576125585	6873228626	7008	6973	35	      164.84	       -0.29	108	2554629800	SAT	     4297.38
292	cadical_v21	5	640	C:/Users/cball/OneDrive/Documentos/Pessoal/ITA/SAT/Competições/SATRace2019-2/Benchmark/sv-comp19_prop-reachsafety.fib_bench_longest_false-unreach-call.i-witness.cnf	33721	157681	2060252	1972110	8676672	539745456	72526	70861	1665	       69.92	       -0.10	2732	1764199	SAT	      377.44
293	cadical_v21	5	640	C:/Users/cball/OneDrive/Documentos/Pessoal/ITA/SAT/Competições/SATRace2019-2/Benchmark/sv-comp19_prop-reachsafety.newton_2_2_true-unreach-call_true-termination.i-witness.cnf	110108	506714	330370	321728	604262	1567284106	14769	14326	443	       95.23	       -0.06	706	169379	UNSAT	      445.16
294	cadical_v21	5	640	C:/Users/cball/OneDrive/Documentos/Pessoal/ITA/SAT/Competições/SATRace2019-2/Benchmark/sv-comp19_prop-reachsafety.newton_2_3_true-unreach-call_true-termination.i-witness.cnf	110108	506718	256566	248054	573549	877149296	5631	5172	459	       71.22	       -0.08	721	116503	UNSAT	      255.02
295	cadical_v21	5	640	C:/Users/cball/OneDrive/Documentos/Pessoal/ITA/SAT/Competições/SATRace2019-2/Benchmark/sv-comp19_prop-reachsafety.newton_2_4_true-unreach-call_true-termination.i-witness.cnf	110108	506714	262662	253137	576089	1033482409	5253	4787	466	       72.99	       -0.08	728	127806	UNSAT	      290.97
296	cadical_v21	5	640	C:/Users/cball/OneDrive/Documentos/Pessoal/ITA/SAT/Competições/SATRace2019-2/Benchmark/sv-comp19_prop-reachsafety.newton_2_6_false-unreach-call_true-termination.i-witness.cnf	110108	506718	125939	119574	406547	350824087	5320	5207	113	       90.71	       -0.13	178	119336	SAT	      115.16
297	cadical_v21	5	640	C:/Users/cball/OneDrive/Documentos/Pessoal/ITA/SAT/Competições/SATRace2019-2/Benchmark/sv-comp19_prop-reachsafety.newton_2_8_false-unreach-call_true-termination.i-witness.cnf	110079	506624	57744	54213	198729	132810945	1742	1649	93	       83.59	       -0.11	151	31364	SAT	       49.30
298	cadical_v21	5	640	C:/Users/cball/OneDrive/Documentos/Pessoal/ITA/SAT/Competições/SATRace2019-2/Benchmark/sv-comp19_prop-reachsafety.newton_3_6_false-unreach-call_true-termination.i-witness.cnf	164916	759313	137767	131294	506867	431264303	6016	5889	127	       79.57	       -0.14	210	131781	SAT	      141.89
299	cadical_v21	5	640	C:/Users/cball/OneDrive/Documentos/Pessoal/ITA/SAT/Competições/SATRace2019-2/Benchmark/sv-comp19_prop-reachsafety.newton_3_7_false-unreach-call_true-termination.i-witness.cnf	164915	759314	126326	120529	432882	274094047	5492	5387	105	       68.44	       -0.13	171	128861	SAT	      107.91
300	cadical_v21	5	640	C:/Users/cball/OneDrive/Documentos/Pessoal/ITA/SAT/Competições/SATRace2019-2/Benchmark/sv-comp19_prop-reachsafety.newton_3_8_false-unreach-call_true-termination.i-witness.cnf	164887	759228	221526	212971	540390	1309108791	7942	7591	351	      106.83	       -0.07	562	107231	SAT	      399.36
301	cadical_v21	5	640	C:/Users/cball/OneDrive/Documentos/Pessoal/ITA/SAT/Competições/SATRace2019-2/Benchmark/sv-comp19_prop-reachsafety.queue_longer_false-unreach-call.i-witness.cnf	8043699	39376148	12772	12280	1870519	92024014	291	285	6	       46.05	       -0.20	18	18521	SAT	      829.51
302	cadical_v21	5	640	C:/Users/cball/OneDrive/Documentos/Pessoal/ITA/SAT/Competições/SATRace2019-2/Benchmark/sv-comp19_prop-reachsafety.race-4_2-thread_local_vars_false-unreach-call.i-witness.cnf	693001	3661576	12503	11629	1055048	29974439	344	338	6	       28.22	       -0.18	19	806129	SAT	       54.42
303	cadical_v21	5	640	C:/Users/cball/OneDrive/Documentos/Pessoal/ITA/SAT/Competições/SATRace2019-2/Benchmark/sv-comp19_prop-reachsafety.sigma_false-unreach-call.i-witness.cnf	1094922	5009021	134632	126837	4266255	538859919	10014	9978	36	       47.11	       -0.31	114	555685	SAT	      266.51
304	cadical_v21	5	640	C:/Users/cball/OneDrive/Documentos/Pessoal/ITA/SAT/Competições/SATRace2019-2/Benchmark/sv-comp19_prop-reachsafety.sine_8_true-unreach-call_true-termination.i-witness.cnf	26421	122125	30000	29231	58672	111892529	2407	2382	25	       93.65	       -0.07	42	18122	UNSAT	       30.34
305	cadical_v21	5	640	C:/Users/cball/OneDrive/Documentos/Pessoal/ITA/SAT/Competições/SATRace2019-2/Benchmark/sv-comp19_prop-reachsafety.square_5_true-unreach-call_true-termination.i-witness.cnf	26275	121056	141140	138995	172921	571197494	3345	3174	171	       30.35	       -0.02	259	83298	UNSAT	      143.84
306	cadical_v21	5	640	C:/Users/cball/OneDrive/Documentos/Pessoal/ITA/SAT/Competições/SATRace2019-2/Benchmark/sv-comp19_prop-reachsafety.triangular-longer_false-unreach-call.i-witness.cnf	20965	93387	16012535	15338755	48743259	2723372156	317600	290695	26905	       70.09	       -0.07	43050	9066056	SAT	     3110.20
307	cadical_v21	5	640	C:/Users/cball/OneDrive/Documentos/Pessoal/ITA/SAT/Competições/SATRace2019-2/Benchmark/test_v7_r12_vr10_c1_s18160.smt2-stp212-sc2016.cnf	314295	1258522	5986499	5815837	21566049	10248619359	299270	293128	6142	       58.50	       -0.15	10333	4312961	IND	     4999.62
308	cadical_v21	5	640	C:/Users/cball/OneDrive/Documentos/Pessoal/ITA/SAT/Competições/SATRace2019-2/Benchmark/total-10-15-s-sc2007.cnf	270120	1227441	9907	7559	51680	54250086	213	198	15	      186.85	       -0.10	24	12263	SAT	       15.91
309	cadical_v21	5	640	C:/Users/cball/OneDrive/Documentos/Pessoal/ITA/SAT/Competições/SATRace2019-2/Benchmark/total-10-15-u-sc2007.cnf	269416	1214079	21617602	21196816	41110595	6042102239	725979	698781	27198	       46.23	       -0.06	43904	9226201	IND	     4999.47
310	cadical_v21	5	640	C:/Users/cball/OneDrive/Documentos/Pessoal/ITA/SAT/Competições/SATRace2019-2/Benchmark/toughsat_22bits_0.cnf	600	16790	519623	515320	900955	40353974	38316	37830	486	       22.16	       -0.08	762	250963	SAT	       80.98
311	cadical_v21	5	640	C:/Users/cball/OneDrive/Documentos/Pessoal/ITA/SAT/Competições/SATRace2019-2/Benchmark/toughsat_22bits_1.cnf	600	16668	245390	243555	376491	20746452	10259	9821	438	       19.77	       -0.06	686	63240	SAT	       30.44
312	cadical_v21	5	640	C:/Users/cball/OneDrive/Documentos/Pessoal/ITA/SAT/Competições/SATRace2019-2/Benchmark/toughsat_23bits_0.cnf	679	18374	522420	517129	970250	45140438	34899	34419	480	       21.00	       -0.09	761	262315	SAT	       84.44
313	cadical_v21	5	640	C:/Users/cball/OneDrive/Documentos/Pessoal/ITA/SAT/Competições/SATRace2019-2/Benchmark/toughsat_23bits_1.cnf	679	18401	538543	533298	984971	42400354	35236	34717	519	       20.84	       -0.08	825	263471	SAT	       77.14
314	cadical_v21	5	640	C:/Users/cball/OneDrive/Documentos/Pessoal/ITA/SAT/Competições/SATRace2019-2/Benchmark/toughsat_23bits_2.cnf	679	18422	1142015	1134501	1659337	113431152	45163	43432	1731	       21.65	       -0.05	2779	361224	SAT	      250.91
315	cadical_v21	5	640	C:/Users/cball/OneDrive/Documentos/Pessoal/ITA/SAT/Competições/SATRace2019-2/Benchmark/toughsat_23bits_3.cnf	679	18292	780292	774151	1227755	69059389	36819	35674	1145	       21.51	       -0.06	1820	262285	SAT	      132.50
316	cadical_v21	5	640	C:/Users/cball/OneDrive/Documentos/Pessoal/ITA/SAT/Competições/SATRace2019-2/Benchmark/toughsat_24bits_0.cnf	686	19093	785437	779736	1256541	74346830	36343	35157	1186	       21.21	       -0.06	1869	260522	SAT	      142.44
317	cadical_v21	5	640	C:/Users/cball/OneDrive/Documentos/Pessoal/ITA/SAT/Competições/SATRace2019-2/Benchmark/toughsat_24bits_1.cnf	687	19618	1273600	1265345	1884431	128115248	58320	56574	1746	       22.17	       -0.05	2794	460399	SAT	      319.28
318	cadical_v21	5	640	C:/Users/cball/OneDrive/Documentos/Pessoal/ITA/SAT/Competições/SATRace2019-2/Benchmark/toughsat_24bits_2.cnf	686	19096	985282	979187	1400956	102827740	34105	32478	1627	       20.78	       -0.04	2616	267745	SAT	      200.84
319	cadical_v21	5	640	C:/Users/cball/OneDrive/Documentos/Pessoal/ITA/SAT/Competições/SATRace2019-2/Benchmark/toughsat_24bits_3.cnf	687	19681	871670	866261	1334813	85406947	36300	34953	1347	       22.66	       -0.05	2162	261666	SAT	      186.76
320	cadical_v21	5	640	C:/Users/cball/OneDrive/Documentos/Pessoal/ITA/SAT/Competições/SATRace2019-2/Benchmark/toughsat_25bits_0.cnf	827	20662	1744143	1728755	3201022	181560858	111813	110013	1800	       22.56	       -0.08	2846	797080	SAT	      504.56
321	cadical_v21	5	640	C:/Users/cball/OneDrive/Documentos/Pessoal/ITA/SAT/Competições/SATRace2019-2/Benchmark/toughsat_25bits_1.cnf	827	20629	2158122	2141500	3929135	236615323	152489	150386	2103	       24.20	       -0.08	3321	989223	SAT	      702.92
322	cadical_v21	5	640	C:/Users/cball/OneDrive/Documentos/Pessoal/ITA/SAT/Competições/SATRace2019-2/Benchmark/toughsat_25bits_2.cnf	827	20669	1756062	1739745	3289857	180417565	116272	114482	1790	       23.23	       -0.08	2838	796815	SAT	      499.61
323	cadical_v21	5	640	C:/Users/cball/OneDrive/Documentos/Pessoal/ITA/SAT/Competições/SATRace2019-2/Benchmark/toughsat_25bits_3.cnf	827	20730	213651	211629	360502	19112533	9298	8957	341	       22.28	       -0.07	541	68089	SAT	       22.08
324	cadical_v21	5	640	C:/Users/cball/OneDrive/Documentos/Pessoal/ITA/SAT/Competições/SATRace2019-2/Benchmark/toughsat_26bits_0.cnf	895	20751	2429129	2410731	3974683	268479120	134676	131796	2880	       25.65	       -0.06	4512	1051015	SAT	      727.61
325	cadical_v21	5	640	C:/Users/cball/OneDrive/Documentos/Pessoal/ITA/SAT/Competições/SATRace2019-2/Benchmark/toughsat_26bits_1.cnf	895	20847	1706465	1691344	2917232	171794740	102742	100916	1826	       25.59	       -0.07	2873	786593	SAT	      405.12
326	cadical_v21	5	640	C:/Users/cball/OneDrive/Documentos/Pessoal/ITA/SAT/Competições/SATRace2019-2/Benchmark/toughsat_26bits_2.cnf	895	20756	2892349	2872334	4456450	351335783	138287	134198	4089	       25.36	       -0.05	6430	1046067	SAT	      932.73
327	cadical_v21	5	640	C:/Users/cball/OneDrive/Documentos/Pessoal/ITA/SAT/Competições/SATRace2019-2/Benchmark/toughsat_26bits_3.cnf	895	20818	1707539	1692196	3087515	187378820	102634	100840	1794	       24.32	       -0.07	2841	786349	SAT	      465.09
328	cadical_v21	5	640	C:/Users/cball/OneDrive/Documentos/Pessoal/ITA/SAT/Competições/SATRace2019-2/Benchmark/toughsat_27bits_0.cnf	984	22937	5407907	5366981	9001266	927473790	265286	258239	7047	       26.49	       -0.06	11232	2070365	SAT	     3083.73
329	cadical_v21	5	640	C:/Users/cball/OneDrive/Documentos/Pessoal/ITA/SAT/Competições/SATRace2019-2/Benchmark/toughsat_28bits_0.cnf	1046	22804	1291705	1281594	2178003	139852052	61726	59933	1793	       28.56	       -0.06	2840	475350	SAT	      258.28
330	cadical_v21	5	640	C:/Users/cball/OneDrive/Documentos/Pessoal/ITA/SAT/Competições/SATRace2019-2/Benchmark/toughsat_29bits_0.cnf	1085	25464	8863932	8790665	18377847	1173006551	479550	470526	9024	       31.37	       -0.07	14236	4380947	IND	     4999.86
331	cadical_v21	5	640	C:/Users/cball/OneDrive/Documentos/Pessoal/ITA/SAT/Competições/SATRace2019-2/Benchmark/toughsat_30bits_0.cnf	1110	27596	9650973	9571207	20070162	1058841908	503157	491819	11338	       31.88	       -0.07	17754	4325107	IND	     4999.52
332	cadical_v21	5	640	C:/Users/cball/OneDrive/Documentos/Pessoal/ITA/SAT/Competições/SATRace2019-2/Benchmark/tseitingrid7x160_shuffled-sc2016.cnf	2240	8960	125135492	125097461	743173936	1730168683	6278019	6149517	128502	       20.48	       -0.04	195310	145453729	IND	     4999.48
333	cadical_v21	5	640	C:/Users/cball/OneDrive/Documentos/Pessoal/ITA/SAT/Competições/SATRace2019-2/Benchmark/uniqinv47prop-sc2018.cnf	17349	51071	17838851	17682065	45333686	3150373258	607528	579428	28100	       45.36	       -0.06	44843	6758280	IND	     4998.23
334	cadical_v21	5	640	C:/Users/cball/OneDrive/Documentos/Pessoal/ITA/SAT/Competições/SATRace2019-2/Benchmark/unsat-set-a-fclqcolor-20-13-14.sat05-1278.reshuffled-07-sc2007.cnf	730	43124	90494040	70888606	276115576	2517657223	789066	675439	113627	       52.38	       -0.05	180359	159460227	IND	     4999.06
335	cadical_v21	5	640	C:/Users/cball/OneDrive/Documentos/Pessoal/ITA/SAT/Competições/SATRace2019-2/Benchmark/vmpc_30-sc2007.cnf	900	133080	555370	537280	1223377	70578036	19469	18900	569	       37.71	       -0.07	899	535346	SAT	       62.16
336	cadical_v21	5	640	C:/Users/cball/OneDrive/Documentos/Pessoal/ITA/SAT/Competições/SATRace2019-2/Benchmark/vmpc_31-sc2007.cnf	961	146909	12014137	11614682	24025033	1423556033	310644	292412	18232	       53.23	       -0.05	28202	8143405	IND	     4999.16
337	cadical_v21	5	640	C:/Users/cball/OneDrive/Documentos/Pessoal/ITA/SAT/Competições/SATRace2019-2/Benchmark/vmpc_34.shuffled-as.sat05-1958-sc2005.cnf	1156	194072	13530458	13063979	28787281	1776967433	307660	284872	22788	       60.36	       -0.06	35060	8854999	IND	     4998.88
338	cadical_v21	5	640	C:/Users/cball/OneDrive/Documentos/Pessoal/ITA/SAT/Competições/SATRace2019-2/Benchmark/vmpc_36.renamed-as.sat05-1922-sc2005.cnf	1296	230544	13519825	13051907	29742354	1972909378	306686	284006	22680	       63.99	       -0.06	34940	9211373	IND	     4999.30
339	cadical_v21	5	640	C:/Users/cball/OneDrive/Documentos/Pessoal/ITA/SAT/Competições/SATRace2019-2/Benchmark/x2_128.shuffled-as.sat03-1598-sc2002.cnf	382	1018	82191201	82170901	143220091	740943702	2388253	2267579	120674	       36.40	       -0.04	187589	41887430	IND	     4999.42
