ID	version	restart base fast	restart base slow	file	vars	clauses	conflicts	learned	decisions	propagations	restarts	restarts unstable	restarts stable	learned avg. size	learnt stack avg	learnt stack stable counter	learnt stack unstable counter	answer	cpu time
1	cadical_v21	3	1280	C:/Users/cball/OneDrive/Documentos/Pessoal/ITA/SAT/Competições/SATRace2019/Benchmark/001-80-12-sc2014.cnf	13408	309430	3630166	3541874	62613407	860246303	137857	134384	3473	       90.03	       -0.18	5229	10171509	SAT	      815.81
2	cadical_v21	3	1280	C:/Users/cball/OneDrive/Documentos/Pessoal/ITA/SAT/Competições/SATRace2019/Benchmark/002-80-8-sc2014.cnf	13408	309437	2894120	2820595	51724907	561616623	130770	128304	2466	       89.18	       -0.19	3652	9309034	SAT	      505.88
3	cadical_v21	3	1280	C:/Users/cball/OneDrive/Documentos/Pessoal/ITA/SAT/Competições/SATRace2019/Benchmark/002-sc2013.cnf	4128	72562	18393371	17942753	181363647	2354430384	569509	550463	19046	      101.19	       -0.14	27498	24759181	IND	     4998.12
4	cadical_v21	3	1280	C:/Users/cball/OneDrive/Documentos/Pessoal/ITA/SAT/Competições/SATRace2019/Benchmark/003-sc2013.cnf	4288	76700	18341946	17887939	206845638	2480682147	564413	545107	19306	      109.22	       -0.15	27757	30024603	IND	     4996.89
5	cadical_v21	3	1280	C:/Users/cball/OneDrive/Documentos/Pessoal/ITA/SAT/Competições/SATRace2019/Benchmark/004-22-160-sc2014.cnf	4128	72564	18119240	17681098	176145000	2323020098	552083	532953	19130	      103.44	       -0.14	27582	23984242	IND	     4997.20
6	cadical_v21	3	1280	C:/Users/cball/OneDrive/Documentos/Pessoal/ITA/SAT/Competições/SATRace2019/Benchmark/004-80-8-sc2014.cnf	13408	309439	2455147	2392902	45272822	325357599	126102	124598	1504	       52.72	       -0.21	2351	8948267	SAT	      305.11
7	cadical_v21	3	1280	C:/Users/cball/OneDrive/Documentos/Pessoal/ITA/SAT/Competições/SATRace2019/Benchmark/004-sc2013.cnf	4128	72571	14444648	14103487	150516591	1930984219	438503	422376	16127	      111.55	       -0.14	23078	20314329	SAT	     3416.87
8	cadical_v21	3	1280	C:/Users/cball/OneDrive/Documentos/Pessoal/ITA/SAT/Competições/SATRace2019/Benchmark/006-23-96-sc2014.cnf	4288	76698	18889023	18402336	219265671	2527296203	602654	584707	17947	      100.47	       -0.15	26403	32263163	IND	     4997.30
9	cadical_v21	3	1280	C:/Users/cball/OneDrive/Documentos/Pessoal/ITA/SAT/Competições/SATRace2019/Benchmark/007-sc2013.cnf	4128	72567	8905731	8626083	134989945	1258475163	428416	422536	5880	       74.42	       -0.21	8549	19221010	SAT	     2277.61
10	cadical_v21	3	1280	C:/Users/cball/OneDrive/Documentos/Pessoal/ITA/SAT/Competições/SATRace2019/Benchmark/008-80-8-sc2014.cnf	13408	309438	2760346	2687403	53340443	527338691	129980	127760	2220	       70.11	       -0.20	3302	9479690	SAT	      453.56
11	cadical_v21	3	1280	C:/Users/cball/OneDrive/Documentos/Pessoal/ITA/SAT/Competições/SATRace2019/Benchmark/11pipe_11_ooo-sc2011.cnf	88289	4187682	4649446	4466773	40350594	7695959064	125601	121377	4224	      183.13	       -0.09	6338	11266876	UNSAT	     2050.02
12	cadical_v21	3	1280	C:/Users/cball/OneDrive/Documentos/Pessoal/ITA/SAT/Competições/SATRace2019/Benchmark/20180322_164224543_p_cnf_320_1120-sc2018.cnf	320	1120	5671217	5541958	11311645	240784555	186054	182485	3569	       25.24	       -0.06	5688	2498232	SAT	     1414.83
13	cadical_v21	3	1280	C:/Users/cball/OneDrive/Documentos/Pessoal/ITA/SAT/Competições/SATRace2019/Benchmark/20180326_095804936_p_cnf_320_1120-sc2018.cnf	320	1120	1128092	1102043	1965313	49291978	25583	24697	886	       24.97	       -0.05	1417	391651	SAT	      105.69
14	cadical_v21	3	1280	C:/Users/cball/OneDrive/Documentos/Pessoal/ITA/SAT/Competições/SATRace2019/Benchmark/24.4-sc2017.cnf	4448	80690	19296695	18803841	193760078	2436901381	613295	595804	17491	       91.87	       -0.15	25949	27827887	IND	     4999.27
15	cadical_v21	3	1280	C:/Users/cball/OneDrive/Documentos/Pessoal/ITA/SAT/Competições/SATRace2019/Benchmark/26_stack_cas_longest_true-unreach-call.i-cbmc-u2-sc2016.cnf	7807714	35974300	1322	1222	2744543	33737143	70	70	0	       15.74	       -0.27	1	13679	SAT	      135.56
16	cadical_v21	3	1280	C:/Users/cball/OneDrive/Documentos/Pessoal/ITA/SAT/Competições/SATRace2019/Benchmark/289-unsat-21x14-sc2011.cnf	1176	78498	47292757	46095176	200905653	1369373112	952451	918287	34164	       68.55	       -0.08	53889	24716808	IND	     4999.50
17	cadical_v21	3	1280	C:/Users/cball/OneDrive/Documentos/Pessoal/ITA/SAT/Competições/SATRace2019/Benchmark/58bits_13.dimacs-sr2015.cnf	1097	23771	8628609	8561734	16769821	1220085514	503215	498408	4807	       32.88	       -0.07	7264	4288346	IND	     4999.50
18	cadical_v21	3	1280	C:/Users/cball/OneDrive/Documentos/Pessoal/ITA/SAT/Competições/SATRace2019/Benchmark/6-4-6-sc2018.cnf	15320	245163	9251743	9092017	32809962	3524478784	482280	476756	5524	       59.35	       -0.10	8463	5110509	IND	     4999.61
19	cadical_v21	3	1280	C:/Users/cball/OneDrive/Documentos/Pessoal/ITA/SAT/Competições/SATRace2019/Benchmark/62bits_14.dimacs-sr2015.cnf	1164	28980	10252165	10175742	17429488	1317624432	496748	489526	7222	       34.47	       -0.06	10938	4320082	IND	     4999.64
20	cadical_v21	3	1280	C:/Users/cball/OneDrive/Documentos/Pessoal/ITA/SAT/Competições/SATRace2019/Benchmark/6s126-opt-sc2014.cnf	578891	1735495	3624172	3516040	28368047	1817339982	123034	120288	2746	       79.66	       -0.13	4502	5518853	UNSAT	      800.81
21	cadical_v21	3	1280	C:/Users/cball/OneDrive/Documentos/Pessoal/ITA/SAT/Competições/SATRace2019/Benchmark/6s133-sc2014.cnf	48258	140967	2041601	2011754	10464430	376851454	139297	138291	1006	       23.36	       -0.12	1537	1942331	UNSAT	      256.84
22	cadical_v21	3	1280	C:/Users/cball/OneDrive/Documentos/Pessoal/ITA/SAT/Competições/SATRace2019/Benchmark/6s139-sc2013.cnf	508510	1464738	1642626	1621811	428129535	4226928850	76188	75518	670	       26.83	       -0.16	1202	254164642	UNSAT	     1169.97
23	cadical_v21	3	1280	C:/Users/cball/OneDrive/Documentos/Pessoal/ITA/SAT/Competições/SATRace2019/Benchmark/6s166-sc2013.cnf	5448	15992	1387369	1367675	2918402	140564052	43907	42969	938	       33.01	       -0.06	1469	647841	UNSAT	      119.06
24	cadical_v21	3	1280	C:/Users/cball/OneDrive/Documentos/Pessoal/ITA/SAT/Competições/SATRace2019/Benchmark/6s169-opt-sc2014.cnf	6061	17574	300186	296337	705664	25997533	10933	10665	268	       24.92	       -0.07	402	133242	UNSAT	       15.30
25	cadical_v21	3	1280	C:/Users/cball/OneDrive/Documentos/Pessoal/ITA/SAT/Competições/SATRace2019/Benchmark/6s20-sc2013.cnf	58614	175092	3040743	2977239	7792774	1651492764	122831	120434	2397	       32.78	       -0.09	3698	1475577	UNSAT	      655.58
26	cadical_v21	3	1280	C:/Users/cball/OneDrive/Documentos/Pessoal/ITA/SAT/Competições/SATRace2019/Benchmark/9_50-sc2017.cnf	1458	30499	3662478	3601900	7001609	202662445	107932	104732	3200	       43.17	       -0.06	4983	1194411	SAT	      502.09
27	cadical_v21	3	1280	C:/Users/cball/OneDrive/Documentos/Pessoal/ITA/SAT/Competições/SATRace2019/Benchmark/9dlx_vliw_at_b_iq8-sc2007.cnf	371419	7170905	1094755	1061349	27802073	2357208965	36426	35301	1125	      101.71	       -0.09	1655	4384035	UNSAT	      914.84
28	cadical_v21	3	1280	C:/Users/cball/OneDrive/Documentos/Pessoal/ITA/SAT/Competições/SATRace2019/Benchmark/9pipe_k-sc2012.cnf	49112	2317836	328726	318911	2404309	347914809	7064	6823	241	      155.75	       -0.08	375	794382	UNSAT	      163.45
29	cadical_v21	3	1280	C:/Users/cball/OneDrive/Documentos/Pessoal/ITA/SAT/Competições/SATRace2019/Benchmark/ACG-20-10p1-sc2009.cnf	381708	1619095	716340	603665	5014634	6019310161	20148	19573	575	      233.90	       -0.09	867	666097	SAT	     1431.81
30	cadical_v21	3	1280	C:/Users/cball/OneDrive/Documentos/Pessoal/ITA/SAT/Competições/SATRace2019/Benchmark/AProVE07-26-sc2007.cnf	21734	78990	20159659	19871863	72285924	3479107592	780884	764224	16660	       57.73	       -0.09	25120	10370677	IND	     4999.27
31	cadical_v21	3	1280	C:/Users/cball/OneDrive/Documentos/Pessoal/ITA/SAT/Competições/SATRace2019/Benchmark/ASG_72_keystream76_1.cnf	3426	15230	7727910	7727686	7751722	2549299129	309080	305576	3504	       18.60	       -0.00	5626	4185183	SAT	     1088.25
32	cadical_v21	3	1280	C:/Users/cball/OneDrive/Documentos/Pessoal/ITA/SAT/Competições/SATRace2019/Benchmark/ASG_72_keystream76_2.cnf	3426	15230	7309759	7309589	7322337	2839507378	250542	247140	3402	       18.26	       -0.00	5524	3924701	SAT	     1109.77
33	cadical_v21	3	1280	C:/Users/cball/OneDrive/Documentos/Pessoal/ITA/SAT/Competições/SATRace2019/Benchmark/ASG_96_len112_known_last12_2.cnf	6658	31911	231893	231751	236447	289953325	5595	5413	182	       22.97	       -0.00	298	70005	SAT	       69.73
34	cadical_v21	3	1280	C:/Users/cball/OneDrive/Documentos/Pessoal/ITA/SAT/Competições/SATRace2019/Benchmark/ASG_96_len112_known_last12_2_u.cnf	6658	31911	231893	231751	236447	289953325	5595	5413	182	       22.97	       -0.00	298	70005	SAT	       69.66
35	cadical_v21	3	1280	C:/Users/cball/OneDrive/Documentos/Pessoal/ITA/SAT/Competições/SATRace2019/Benchmark/ASG_96_len112_known_last13_2.cnf	6658	31909	507762	507336	515898	568318830	26946	26715	231	       21.08	       -0.00	365	262964	SAT	      159.67
36	cadical_v21	3	1280	C:/Users/cball/OneDrive/Documentos/Pessoal/ITA/SAT/Competições/SATRace2019/Benchmark/ASG_96_len112_known_last13_2_u.cnf	6658	31909	1820768	1820026	1836060	1654492865	67841	66984	857	       18.52	       -0.00	1389	947446	UNSAT	      605.27
37	cadical_v21	3	1280	C:/Users/cball/OneDrive/Documentos/Pessoal/ITA/SAT/Competições/SATRace2019/Benchmark/Bibd-sc-10-03-08_c18.cnf	32852	170331	33779	32475	209344	14280282	3269	3254	15	       18.03	       -0.25	27	41086	SAT	        6.20
38	cadical_v21	3	1280	C:/Users/cball/OneDrive/Documentos/Pessoal/ITA/SAT/Competições/SATRace2019/Benchmark/CarSequencing-90-01_c18.cnf	66201	915628	140653	136114	2150473	57797788	7662	7602	60	       12.53	       -0.24	105	683909	SAT	       47.89
39	cadical_v21	3	1280	C:/Users/cball/OneDrive/Documentos/Pessoal/ITA/SAT/Competições/SATRace2019/Benchmark/CarSequencing-90-02_c18.cnf	48941	552747	142505	137466	3443869	94951438	11525	11472	53	       14.19	       -0.28	100	538899	SAT	       35.25
40	cadical_v21	3	1280	C:/Users/cball/OneDrive/Documentos/Pessoal/ITA/SAT/Competições/SATRace2019/Benchmark/EDP3-70000-sc2014.cnf	708290	5425469	4444545	4258631	52252540	6971629761	119817	115702	4115	      301.93	       -0.16	6230	8249819	IND	     4997.14
41	cadical_v21	3	1280	C:/Users/cball/OneDrive/Documentos/Pessoal/ITA/SAT/Competições/SATRace2019/Benchmark/Eternity-10-05_c18.cnf	3298	142629	154726	149083	501420	19366054	8554	8469	85	       59.70	       -0.13	141	102719	SAT	       15.72
42	cadical_v21	3	1280	C:/Users/cball/OneDrive/Documentos/Pessoal/ITA/SAT/Competições/SATRace2019/Benchmark/Eternity-10-06_c18.cnf	4660	243504	2642107	2562697	5874873	476922766	78072	76257	1815	      127.91	       -0.07	2807	1537277	SAT	      817.91
43	cadical_v21	3	1280	C:/Users/cball/OneDrive/Documentos/Pessoal/ITA/SAT/Competições/SATRace2019/Benchmark/GracefulGraph-K04-P04_c18.cnf	2692	79064	831332	813270	2268326	101001513	31907	31237	670	       65.40	       -0.10	1053	421604	SAT	      105.47
44	cadical_v21	3	1280	C:/Users/cball/OneDrive/Documentos/Pessoal/ITA/SAT/Competições/SATRace2019/Benchmark/GracefulGraph-K05-P02_c18.cnf	1385	27650	206119	202338	390053	23589983	6281	6112	169	       42.08	       -0.07	265	96975	SAT	       18.45
45	cadical_v21	3	1280	C:/Users/cball/OneDrive/Documentos/Pessoal/ITA/SAT/Competições/SATRace2019/Benchmark/Grain_no_init_ver1_out200_known_last104_0.cnf	2425	23118	2103468	2099301	2670214	186076487	91451	90433	1018	       23.36	       -0.03	1594	1131826	SAT	      174.92
46	cadical_v21	3	1280	C:/Users/cball/OneDrive/Documentos/Pessoal/ITA/SAT/Competições/SATRace2019/Benchmark/Grain_no_init_ver1_out200_known_last104_0_u.cnf	2425	23064	14974555	14959601	15830237	1565944162	400623	387698	12925	       18.66	       -0.01	20306	4429880	UNSAT	     2273.78
47	cadical_v21	3	1280	C:/Users/cball/OneDrive/Documentos/Pessoal/ITA/SAT/Competições/SATRace2019/Benchmark/Grain_no_init_ver1_out200_known_last105_0.cnf	2425	23032	9333348	9318166	10257385	934848295	409854	404529	5325	       18.66	       -0.01	8331	4398552	SAT	     1202.95
48	cadical_v21	3	1280	C:/Users/cball/OneDrive/Documentos/Pessoal/ITA/SAT/Competições/SATRace2019/Benchmark/Grain_no_init_ver1_out200_known_last105_0_u.cnf	2425	23034	7320252	7304720	8155736	576349537	337538	333875	3663	       18.15	       -0.02	5783	3715890	UNSAT	      664.55
49	cadical_v21	3	1280	C:/Users/cball/OneDrive/Documentos/Pessoal/ITA/SAT/Competições/SATRace2019/Benchmark/Haystacks-ext-12_c18.cnf	1728	19526	4508410	4488281	4941493	55807526	121416	116969	4447	       43.41	       -0.01	6562	1482298	UNSAT	      329.67
50	cadical_v21	3	1280	C:/Users/cball/OneDrive/Documentos/Pessoal/ITA/SAT/Competições/SATRace2019/Benchmark/Haystacks-ext-13_c18.cnf	2197	26977	29327664	29162058	31652175	329836407	1155883	1138208	17675	       51.38	       -0.02	26129	15525297	IND	     4974.09
51	cadical_v21	3	1280	C:/Users/cball/OneDrive/Documentos/Pessoal/ITA/SAT/Competições/SATRace2019/Benchmark/IBM_FV_20002_31_1_rule_1_SAT_dat.k95-sc2007.cnf	141985	634173	13084799	12822970	50426487	7156570343	484183	472725	11458	       62.97	       -0.10	17363	7226909	IND	     4989.55
52	cadical_v21	3	1280	C:/Users/cball/OneDrive/Documentos/Pessoal/ITA/SAT/Competições/SATRace2019/Benchmark/IBM_FV_2004_rule_batch_2_31_2_SAT_dat.k45.debugged-sc2012.cnf	59794	243931	10526809	10349062	32508685	2889102513	495517	488188	7329	       58.17	       -0.10	11255	4860913	IND	     4992.23
53	cadical_v21	3	1280	C:/Users/cball/OneDrive/Documentos/Pessoal/ITA/SAT/Competições/SATRace2019/Benchmark/LABS_n066_goal005-sc2013.cnf	152376	308482	4532763	4481399	13124164	14244468419	150507	146889	3618	       46.81	       -0.06	5737	1639647	IND	     4995.67
54	cadical_v21	3	1280	C:/Users/cball/OneDrive/Documentos/Pessoal/ITA/SAT/Competições/SATRace2019/Benchmark/LABS_n071_goal001-sc2013.cnf	189982	384580	1830220	1794834	3816716	7919177033	80185	79257	928	       31.31	       -0.08	1459	1145654	UNSAT	     2309.94
55	cadical_v21	3	1280	C:/Users/cball/OneDrive/Documentos/Pessoal/ITA/SAT/Competições/SATRace2019/Benchmark/LABS_n087_goal008-sc2013.cnf	335424	950345	182856	180151	1105118	1984209937	10677	10526	151	       64.75	       -0.11	229	81786	SAT	      536.27
56	cadical_v21	3	1280	C:/Users/cball/OneDrive/Documentos/Pessoal/ITA/SAT/Competições/SATRace2019/Benchmark/LABS_n089_goal008-sc2013.cnf	351053	1039313	689424	678152	3800805	7286446233	35313	34814	499	       58.17	       -0.10	772	356552	SAT	     1917.20
57	cadical_v21	3	1280	C:/Users/cball/OneDrive/Documentos/Pessoal/ITA/SAT/Competições/SATRace2019/Benchmark/MASG0_72_keystream76_0.cnf	3426	20454	8574950	8574922	8578755	5715978219	258295	254505	3790	       15.16	       -0.00	6211	4722195	SAT	     1501.89
58	cadical_v21	3	1280	C:/Users/cball/OneDrive/Documentos/Pessoal/ITA/SAT/Competições/SATRace2019/Benchmark/MASG_72_keystream76_0.cnf	3426	20302	9162033	9161791	9170688	7268559969	238937	234379	4558	       17.17	       -0.00	7434	4784774	SAT	     2177.23
59	cadical_v21	3	1280	C:/Users/cball/OneDrive/Documentos/Pessoal/ITA/SAT/Competições/SATRace2019/Benchmark/MD5-29-4-sc2014.cnf	8590	65144	16456462	16044174	169253050	3025631953	391961	374751	17210	      144.57	       -0.13	25666	22757433	IND	     4998.91
60	cadical_v21	3	1280	C:/Users/cball/OneDrive/Documentos/Pessoal/ITA/SAT/Competições/SATRace2019/Benchmark/MD5-29-5-sc2014.cnf	8591	65154	16403127	15991356	168857099	2952463739	390200	373110	17090	      137.03	       -0.13	25547	22437106	IND	     4996.84
61	cadical_v21	3	1280	C:/Users/cball/OneDrive/Documentos/Pessoal/ITA/SAT/Competições/SATRace2019/Benchmark/MM-22.cnf	24975	111780	27223945	26611261	348419406	6733209175	1577216	1561338	15878	       69.71	       -0.15	24343	26629390	IND	     4997.31
62	cadical_v21	3	1280	C:/Users/cball/OneDrive/Documentos/Pessoal/ITA/SAT/Competições/SATRace2019/Benchmark/MM-23-2-2-2-2-3.cnf	26541	117126	24615296	24201307	220761232	4814575150	1074338	1056727	17611	       70.22	       -0.12	26071	22979561	IND	     4999.59
63	cadical_v21	3	1280	C:/Users/cball/OneDrive/Documentos/Pessoal/ITA/SAT/Competições/SATRace2019/Benchmark/MM-23-2-2-2-2-A.cnf	26541	117126	27977418	27474833	279915074	5628629113	1348709	1331530	17179	       64.15	       -0.14	25641	30287240	IND	     4999.55
64	cadical_v21	3	1280	C:/Users/cball/OneDrive/Documentos/Pessoal/ITA/SAT/Competições/SATRace2019/Benchmark/MM-23-2-2-2-2-B.cnf	26541	117126	24588395	24166065	227403454	4834190756	1099467	1081775	17692	       69.72	       -0.13	26152	23620900	IND	     4999.69
65	cadical_v21	3	1280	C:/Users/cball/OneDrive/Documentos/Pessoal/ITA/SAT/Competições/SATRace2019/Benchmark/MM-23-2-2-2-2-C.cnf	26541	117126	24487873	24070029	210522336	4722321377	983243	965726	17517	       71.71	       -0.12	25977	23593639	IND	     4999.64
66	cadical_v21	3	1280	C:/Users/cball/OneDrive/Documentos/Pessoal/ITA/SAT/Competições/SATRace2019/Benchmark/MM-23-2-2-2-2-D.cnf	26541	117126	24737494	24310928	220860160	4800061107	1044618	1027226	17392	       70.20	       -0.13	25851	24237372	IND	     4999.44
67	cadical_v21	3	1280	C:/Users/cball/OneDrive/Documentos/Pessoal/ITA/SAT/Competições/SATRace2019/Benchmark/MM-23-2-2-2-2-M.cnf	26541	117126	25313200	24869737	235761242	5042022674	1120703	1103366	17337	       68.36	       -0.13	25798	25105707	IND	     4999.69
68	cadical_v21	3	1280	C:/Users/cball/OneDrive/Documentos/Pessoal/ITA/SAT/Competições/SATRace2019/Benchmark/MM-23-2-2-2-3-4.cnf	26541	117126	22558146	22197740	185649906	4240592590	914735	897228	17507	       72.48	       -0.12	25967	18794647	IND	     4999.50
69	cadical_v21	3	1280	C:/Users/cball/OneDrive/Documentos/Pessoal/ITA/SAT/Competições/SATRace2019/Benchmark/MM-23-2-2-2-4-A.cnf	26541	117126	25058999	24629242	226746405	4898747365	1100032	1082767	17265	       68.71	       -0.13	25725	24258227	IND	     4999.72
70	cadical_v21	3	1280	C:/Users/cball/OneDrive/Documentos/Pessoal/ITA/SAT/Competições/SATRace2019/Benchmark/MM-23-2-2-2-4-B.cnf	26541	117126	24876492	24452192	224320856	4872490855	1082804	1065519	17285	       69.57	       -0.13	25746	23514882	IND	     4999.45
71	cadical_v21	3	1280	C:/Users/cball/OneDrive/Documentos/Pessoal/ITA/SAT/Competições/SATRace2019/Benchmark/MM-23-2-2-3-A.cnf	26541	117126	23051635	22654162	200803493	4474122051	950723	933465	17258	       73.05	       -0.12	25719	20433144	IND	     4999.23
72	cadical_v21	3	1280	C:/Users/cball/OneDrive/Documentos/Pessoal/ITA/SAT/Competições/SATRace2019/Benchmark/MM-23-2-2-3-B.cnf	26541	117126	23033421	22637063	196555667	4407442258	933124	915490	17634	       74.51	       -0.12	26094	20971369	IND	     4999.61
73	cadical_v21	3	1280	C:/Users/cball/OneDrive/Documentos/Pessoal/ITA/SAT/Competições/SATRace2019/Benchmark/MM-23-2-4-A.cnf	26541	117126	22357575	21979648	194860895	4380144389	936480	919025	17455	       74.56	       -0.12	25914	19049004	IND	     4999.66
74	cadical_v21	3	1280	C:/Users/cball/OneDrive/Documentos/Pessoal/ITA/SAT/Competições/SATRace2019/Benchmark/MM-23-2-4-B.cnf	26541	117126	25591564	25138417	252560436	5194661454	1229829	1212524	17305	       67.59	       -0.13	25765	25039110	IND	     4998.83
75	cadical_v21	3	1280	C:/Users/cball/OneDrive/Documentos/Pessoal/ITA/SAT/Competições/SATRace2019/Benchmark/MM-23-3-3-A.cnf	26541	117126	24953047	24516322	242092513	4993385379	1175885	1158457	17428	       68.13	       -0.13	25888	23829218	IND	     4999.73
76	cadical_v21	3	1280	C:/Users/cball/OneDrive/Documentos/Pessoal/ITA/SAT/Competições/SATRace2019/Benchmark/MM-23-3-3-B.cnf	26541	117126	24440735	24016098	217220255	4791512475	1027733	1010056	17677	       72.32	       -0.12	26137	23694352	IND	     4999.78
77	cadical_v21	3	1280	C:/Users/cball/OneDrive/Documentos/Pessoal/ITA/SAT/Competições/SATRace2019/Benchmark/MM-23-3-3-M.cnf	26541	117126	23193142	22798502	199342758	4464349852	937112	919562	17550	       73.00	       -0.12	26010	21128589	IND	     4999.66
78	cadical_v21	3	1280	C:/Users/cball/OneDrive/Documentos/Pessoal/ITA/SAT/Competições/SATRace2019/Benchmark/MM-23-3-3-N.cnf	26541	117126	26519956	26045685	256997676	5291287263	1236001	1218909	17092	       66.13	       -0.13	25553	27317739	IND	     4999.24
79	cadical_v21	3	1280	C:/Users/cball/OneDrive/Documentos/Pessoal/ITA/SAT/Competições/SATRace2019/Benchmark/MM-23-4-4-4-4-1.cnf	26541	117126	21709211	21377030	160899060	3913863744	789033	771248	17785	       74.36	       -0.11	26243	16970621	IND	     4999.59
80	cadical_v21	3	1280	C:/Users/cball/OneDrive/Documentos/Pessoal/ITA/SAT/Competições/SATRace2019/Benchmark/MM-23-5-A.cnf	26541	117126	23542085	23132131	210995411	4662203803	1007913	990467	17446	       73.14	       -0.12	25905	21325109	IND	     4999.67
81	cadical_v21	3	1280	C:/Users/cball/OneDrive/Documentos/Pessoal/ITA/SAT/Competições/SATRace2019/Benchmark/MM-23-5-B.cnf	26541	117126	23626437	23220312	215914205	4639044268	1041731	1024313	17418	       71.76	       -0.12	25878	21332110	IND	     4999.53
82	cadical_v21	3	1280	C:/Users/cball/OneDrive/Documentos/Pessoal/ITA/SAT/Competições/SATRace2019/Benchmark/MM-23-no-type3.cnf	26541	117153	26528731	25925994	377738207	7459299794	1651423	1635506	15917	       72.02	       -0.15	24382	23928720	IND	     4999.06
83	cadical_v21	3	1280	C:/Users/cball/OneDrive/Documentos/Pessoal/ITA/SAT/Competições/SATRace2019/Benchmark/MUS-v310-4-sc2013.cnf	310	1081	9496989	9329356	15004922	335890726	401840	396844	4996	       18.19	       -0.06	8129	4438979	UNSAT	     2338.25
84	cadical_v21	3	1280	C:/Users/cball/OneDrive/Documentos/Pessoal/ITA/SAT/Competições/SATRace2019/Benchmark/Mario-t-hard-2_c18.cnf	35945	1218255	1042	1019	17325	175580	36	36	0	       14.02	       -0.17	1	6689	SAT	        2.73
85	cadical_v21	3	1280	C:/Users/cball/OneDrive/Documentos/Pessoal/ITA/SAT/Competições/SATRace2019/Benchmark/Mario-t-hard-5_c18.cnf	35320	1182493	1082	1069	23463	226033	47	47	0	       19.18	       -0.15	1	10249	SAT	        2.65
86	cadical_v21	3	1280	C:/Users/cball/OneDrive/Documentos/Pessoal/ITA/SAT/Competições/SATRace2019/Benchmark/Mickey_out250_known_last146_0.cnf	72078	517702	2346667	2307478	14616473	816770252	121327	119880	1447	       30.03	       -0.14	2211	2511074	SAT	      601.97
87	cadical_v21	3	1280	C:/Users/cball/OneDrive/Documentos/Pessoal/ITA/SAT/Competições/SATRace2019/Benchmark/Mickey_out250_known_last146_0_u.cnf	72078	517705	2571498	2531314	14842235	976993791	121086	119362	1724	       27.31	       -0.13	2662	2519577	UNSAT	      693.86
88	cadical_v21	3	1280	C:/Users/cball/OneDrive/Documentos/Pessoal/ITA/SAT/Competições/SATRace2019/Benchmark/Mickey_out250_known_last147_0.cnf	72078	517728	602010	590578	3828477	262790196	33039	32595	444	       32.26	       -0.15	649	696327	SAT	      137.22
89	cadical_v21	3	1280	C:/Users/cball/OneDrive/Documentos/Pessoal/ITA/SAT/Competições/SATRace2019/Benchmark/Mickey_out250_known_last147_0_u.cnf	72078	517728	1000910	987176	4304882	453821520	33817	32876	941	       31.84	       -0.10	1455	712368	UNSAT	      258.00
90	cadical_v21	3	1280	C:/Users/cball/OneDrive/Documentos/Pessoal/ITA/SAT/Competições/SATRace2019/Benchmark/Nb51T6-sc2018.cnf	2365527	10508040	837234	827362	1444385	3346721548	25877	25239	638	       16.15	       -0.06	1025	302954	UNSAT	     2717.39
91	cadical_v21	3	1280	C:/Users/cball/OneDrive/Documentos/Pessoal/ITA/SAT/Competições/SATRace2019/Benchmark/Nb7T44-sc2017.cnf	55333	219128	563298	551307	19094621	200195983	45073	44671	402	       83.97	       -0.18	577	867101	SAT	      110.84
92	cadical_v21	3	1280	C:/Users/cball/OneDrive/Documentos/Pessoal/ITA/SAT/Competições/SATRace2019/Benchmark/Pb-chnl15-16_c18.cnf	480	3632	32956357	32733075	37952901	547975818	1294954	1276201	18753	       67.66	       -0.03	27344	18290955	IND	     4999.77
93	cadical_v21	3	1280	C:/Users/cball/OneDrive/Documentos/Pessoal/ITA/SAT/Competições/SATRace2019/Benchmark/Pb-chnl20-21_c18.cnf	840	8442	29648501	29429016	33394282	679574177	878752	860222	18530	      120.65	       -0.02	26975	16712830	IND	     4999.70
94	cadical_v21	3	1280	C:/Users/cball/OneDrive/Documentos/Pessoal/ITA/SAT/Competições/SATRace2019/Benchmark/QG7a-gensys-icl001.sat05-3822.reshuffled-07-sc2007.cnf	2441	15733	596926	588326	1049972	43311097	22737	22396	341	       29.41	       -0.06	542	316404	UNSAT	       75.83
95	cadical_v21	3	1280	C:/Users/cball/OneDrive/Documentos/Pessoal/ITA/SAT/Competições/SATRace2019/Benchmark/QG7a-gensys-ukn002.sat05-3842.reshuffled-07-sc2007.cnf	2935	18371	1678575	1657425	2494044	118258840	57245	56384	861	       29.63	       -0.05	1392	905268	UNSAT	      338.58
96	cadical_v21	3	1280	C:/Users/cball/OneDrive/Documentos/Pessoal/ITA/SAT/Competições/SATRace2019/Benchmark/QuasiGroup-4-10_c18.cnf	3220	59525	9639546	9508379	16715806	2527979278	306806	300895	5911	       58.25	       -0.05	9152	4778990	IND	     4999.30
97	cadical_v21	3	1280	C:/Users/cball/OneDrive/Documentos/Pessoal/ITA/SAT/Competições/SATRace2019/Benchmark/QuasiGroup-4-12_c18.cnf	5244	118126	3023932	2964081	9226888	1186705014	106200	103908	2292	       90.63	       -0.08	3581	1339878	SAT	     1100.83
98	cadical_v21	3	1280	C:/Users/cball/OneDrive/Documentos/Pessoal/ITA/SAT/Competições/SATRace2019/Benchmark/SAT_dat.k100-sc2012.cnf	349350	1419267	1159125	1130886	3606119	705992053	54803	53761	1042	       32.62	       -0.13	1573	653926	UNSAT	      336.01
99	cadical_v21	3	1280	C:/Users/cball/OneDrive/Documentos/Pessoal/ITA/SAT/Competições/SATRace2019/Benchmark/SAT_dat.k85-sc2013.cnf	1376707	5351985	1438790	1397397	6044643	4874020928	91610	90674	936	       49.72	       -0.15	1467	1053962	UNSAT	     1610.61
100	cadical_v21	3	1280	C:/Users/cball/OneDrive/Documentos/Pessoal/ITA/SAT/Competições/SATRace2019/Benchmark/SGI_30_60_24_40_2-dir.shuffled-as.sat03-118-sc2002.cnf	720	58758	4731937	4646613	6218159	254902390	144180	139649	4531	      110.75	       -0.03	6642	1865987	UNSAT	     1721.38
101	cadical_v21	3	1280	C:/Users/cball/OneDrive/Documentos/Pessoal/ITA/SAT/Competições/SATRace2019/Benchmark/SGI_30_60_28_40_2-dir.shuffled-as.sat03-124-sc2002.cnf	840	71206	11155828	10941297	14486657	678611219	344582	335631	8951	      124.32	       -0.03	13358	5266856	IND	     4998.49
102	cadical_v21	3	1280	C:/Users/cball/OneDrive/Documentos/Pessoal/ITA/SAT/Competições/SATRace2019/Benchmark/Schur_160_5_d38-sc2016.cnf	752	27325	3518507	3430607	6252293	180614903	99239	96246	2993	       43.29	       -0.07	4664	1230375	SAT	      335.91
103	cadical_v21	3	1280	C:/Users/cball/OneDrive/Documentos/Pessoal/ITA/SAT/Competições/SATRace2019/Benchmark/Schur_161_5_d22-sc2016.cnf	773	29353	26289972	25696860	50721747	1387237439	968841	954287	14554	       41.67	       -0.07	23020	13380735	IND	     4998.94
104	cadical_v21	3	1280	C:/Users/cball/OneDrive/Documentos/Pessoal/ITA/SAT/Competições/SATRace2019/Benchmark/SocialGolfers-6-6-6-cp_c18.cnf	9188	81017	11720471	11566506	26223190	2007680974	390069	381986	8083	       29.98	       -0.07	12939	5115020	IND	     4999.52
105	cadical_v21	3	1280	C:/Users/cball/OneDrive/Documentos/Pessoal/ITA/SAT/Competições/SATRace2019/Benchmark/SocialGolfers-6-6-7-cp_c18.cnf	11244	99730	17998546	17800145	31894748	914701819	556517	542016	14501	       29.71	       -0.06	22968	6417818	IND	     4999.45
106	cadical_v21	3	1280	C:/Users/cball/OneDrive/Documentos/Pessoal/ITA/SAT/Competições/SATRace2019/Benchmark/Subisomorphism-g10-g23_c18.cnf	2309	88734	13207674	12968787	18189771	935213326	336092	323325	12767	      141.88	       -0.03	18751	5526431	UNSAT	     3937.97
107	cadical_v21	3	1280	C:/Users/cball/OneDrive/Documentos/Pessoal/ITA/SAT/Competições/SATRace2019/Benchmark/Subisomorphism-g10-g27_c18.cnf	3191	73950	3079464	2983551	5587686	443883850	69411	66598	2813	      136.17	       -0.05	4140	1732576	SAT	      611.05
108	cadical_v21	3	1280	C:/Users/cball/OneDrive/Documentos/Pessoal/ITA/SAT/Competições/SATRace2019/Benchmark/T103.2.1-sc2017.cnf	2943830	10335595	348872	333117	5450234	1659757164	18061	17849	212	       29.55	       -0.15	346	368878	UNSAT	     1009.89
109	cadical_v21	3	1280	C:/Users/cball/OneDrive/Documentos/Pessoal/ITA/SAT/Competições/SATRace2019/Benchmark/T169.1.0-sc2017.cnf	1579557	5889425	158888	154999	33528749	396239677	7758	7676	82	       13.70	       -0.18	141	13886684	SAT	      369.26
110	cadical_v21	3	1280	C:/Users/cball/OneDrive/Documentos/Pessoal/ITA/SAT/Competições/SATRace2019/Benchmark/Tal-07_c18.cnf	76668	639201	148069	58260	1234801	226531034	881	769	112	     1789.02	       -0.07	154	211201	SAT	       88.80
111	cadical_v21	3	1280	C:/Users/cball/OneDrive/Documentos/Pessoal/ITA/SAT/Competições/SATRace2019/Benchmark/Tal-08_c18.cnf	97675	809532	169064	70208	1815108	268789185	1600	1490	110	     1740.95	       -0.08	167	203209	SAT	      109.03
112	cadical_v21	3	1280	C:/Users/cball/OneDrive/Documentos/Pessoal/ITA/SAT/Competições/SATRace2019/Benchmark/TimetableCNFEncoding_5_UNKNOWN-sc2018.cnf	302576	1702428	19110475	18602571	1062322941	12097230920	367450	351259	16191	      116.85	       -0.08	24640	141492924	IND	     4998.56
113	cadical_v21	3	1280	C:/Users/cball/OneDrive/Documentos/Pessoal/ITA/SAT/Competições/SATRace2019/Benchmark/Trivium_no_init_out350_known_last142_1.cnf	2187	21358	12830305	12790817	15953771	784682005	452524	442584	9940	       23.55	       -0.03	15657	4293163	SAT	     2697.22
114	cadical_v21	3	1280	C:/Users/cball/OneDrive/Documentos/Pessoal/ITA/SAT/Competições/SATRace2019/Benchmark/Trivium_no_init_out350_known_last142_1_u.cnf	2187	21364	14335202	14292995	17088449	917105521	452415	440312	12103	       23.21	       -0.02	18988	4299818	UNSAT	     3167.05
115	cadical_v21	3	1280	C:/Users/cball/OneDrive/Documentos/Pessoal/ITA/SAT/Competições/SATRace2019/Benchmark/Trivium_no_init_out350_known_last143_1.cnf	2187	21286	8306380	8279079	10673562	517593262	438239	434343	3896	       22.70	       -0.03	6106	4314458	SAT	     1560.42
116	cadical_v21	3	1280	C:/Users/cball/OneDrive/Documentos/Pessoal/ITA/SAT/Competições/SATRace2019/Benchmark/Trivium_no_init_out350_known_last143_1_u.cnf	2187	21286	8920421	8891753	11393700	548949367	452583	447869	4714	       22.28	       -0.03	7400	4277180	UNSAT	     1666.09
117	cadical_v21	3	1280	C:/Users/cball/OneDrive/Documentos/Pessoal/ITA/SAT/Competições/SATRace2019/Benchmark/UCG-20-10p1-sc2009.cnf	259258	1374203	622437	517607	4399534	2445459873	17311	16854	457	      237.52	       -0.09	677	610363	SAT	      684.52
118	cadical_v21	3	1280	C:/Users/cball/OneDrive/Documentos/Pessoal/ITA/SAT/Competições/SATRace2019/Benchmark/UR-20-5p1-sc2009.cnf	224962	1192377	465299	384486	5128452	1222842325	23698	23446	252	      228.68	       -0.15	385	464429	SAT	      375.72
119	cadical_v21	3	1280	C:/Users/cball/OneDrive/Documentos/Pessoal/ITA/SAT/Competições/SATRace2019/Benchmark/UTI-20-10p0-sc2009.cnf	259616	1360766	1283807	1153120	7724116	2384891781	36904	35777	1127	      230.59	       -0.09	1655	946329	UNSAT	      871.26
120	cadical_v21	3	1280	C:/Users/cball/OneDrive/Documentos/Pessoal/ITA/SAT/Competições/SATRace2019/Benchmark/UTI-20-10p1-sc2009.cnf	260342	1377484	2037375	1833847	13098626	3384016526	76933	75826	1107	      224.94	       -0.10	1635	2041737	SAT	     1339.41
121	cadical_v21	3	1280	C:/Users/cball/OneDrive/Documentos/Pessoal/ITA/SAT/Competições/SATRace2019/Benchmark/UTI-20-5p0-sc2009.cnf	225296	1180795	1613714	1487438	8390437	1849043694	59712	58704	1008	      138.83	       -0.10	1537	1239393	UNSAT	      703.45
122	cadical_v21	3	1280	C:/Users/cball/OneDrive/Documentos/Pessoal/ITA/SAT/Competições/SATRace2019/Benchmark/aaai10-planning-ipc5-TPP-21-step11-sc2011.cnf	99736	783852	566496	536668	1730106	2096919161	16994	16650	344	      103.82	       -0.07	520	418757	UNSAT	      378.20
123	cadical_v21	3	1280	C:/Users/cball/OneDrive/Documentos/Pessoal/ITA/SAT/Competições/SATRace2019/Benchmark/aaai10-planning-ipc5-pathways-17-step21-sc2011.cnf	53919	307816	613470	594382	2468573	759357835	25025	24647	378	      141.31	       -0.09	592	333856	SAT	      202.58
124	cadical_v21	3	1280	C:/Users/cball/OneDrive/Documentos/Pessoal/ITA/SAT/Competições/SATRace2019/Benchmark/ablmulub16x4o-sc2016.cnf	2958	8708	1007303	1005025	1059481	218392344	23315	22399	916	       44.11	       -0.01	1436	282146	UNSAT	      133.11
125	cadical_v21	3	1280	C:/Users/cball/OneDrive/Documentos/Pessoal/ITA/SAT/Competições/SATRace2019/Benchmark/ablmulub2x32o-sc2016.cnf	5241	15431	3896620	3817078	7556902	279240483	109962	106704	3258	       22.69	       -0.07	5224	1351134	UNSAT	      284.83
126	cadical_v21	3	1280	C:/Users/cball/OneDrive/Documentos/Pessoal/ITA/SAT/Competições/SATRace2019/Benchmark/ae_rphp095_04-sc2018.cnf	14665	34976	58371949	51464615	398193478	3195244407	532415	441097	91318	       41.04	       -0.04	119254	41682193	UNSAT	     4955.47
127	cadical_v21	3	1280	C:/Users/cball/OneDrive/Documentos/Pessoal/ITA/SAT/Competições/SATRace2019/Benchmark/aes_24_4_keyfind_2-sc2013.cnf	520	5763	6315469	6300341	8589871	236554798	322802	319000	3802	       25.41	       -0.03	5921	2739391	SAT	     2257.98
128	cadical_v21	3	1280	C:/Users/cball/OneDrive/Documentos/Pessoal/ITA/SAT/Competições/SATRace2019/Benchmark/aes_24_4_keyfind_5-sc2014.cnf	520	5761	8690580	8672468	11486567	292278747	454908	450554	4354	       26.01	       -0.03	6862	4268576	SAT	     3084.56
129	cadical_v21	3	1280	C:/Users/cball/OneDrive/Documentos/Pessoal/ITA/SAT/Competições/SATRace2019/Benchmark/aes_32_3_keyfind_1-sc2011.cnf	708	2539	20934038	20872876	26234482	1059632580	813530	800008	13522	       21.58	       -0.03	21998	7929741	IND	     4999.45
130	cadical_v21	3	1280	C:/Users/cball/OneDrive/Documentos/Pessoal/ITA/SAT/Competições/SATRace2019/Benchmark/aes_equiv_encry_3_rounds.debugged-sc2012.cnf	501284	2745938	1870239	1861642	16281914	139118009	99651	98001	1650	       17.14	       -0.08	2179	2068065	UNSAT	      316.94
131	cadical_v21	3	1280	C:/Users/cball/OneDrive/Documentos/Pessoal/ITA/SAT/Competições/SATRace2019/Benchmark/ak128astepbg2msaig-sc2016.cnf	422649	1265651	6849887	6643533	42210345	12798984946	299645	295118	4527	       83.40	       -0.16	6640	11022589	IND	     4999.36
132	cadical_v21	3	1280	C:/Users/cball/OneDrive/Documentos/Pessoal/ITA/SAT/Competições/SATRace2019/Benchmark/ak128modasbg2asisc-sc2016.cnf	293123	943087	6041474	5869595	34211784	12982696569	228541	223968	4573	       83.54	       -0.15	6686	8808077	IND	     4999.41
133	cadical_v21	3	1280	C:/Users/cball/OneDrive/Documentos/Pessoal/ITA/SAT/Competições/SATRace2019/Benchmark/apn-sbox6-cut4-helpbox31-sc2018.cnf	137472	810768	619026	616022	1440866	161283823	25280	24944	336	       21.20	       -0.10	554	486479	SAT	      105.42
134	cadical_v21	3	1280	C:/Users/cball/OneDrive/Documentos/Pessoal/ITA/SAT/Competições/SATRace2019/Benchmark/atco_enc1_opt1_04_32-sc2014.cnf	57220	568572	158666	153634	1405962	170898531	16043	15947	96	       24.52	       -0.23	155	127331	SAT	       72.34
135	cadical_v21	3	1280	C:/Users/cball/OneDrive/Documentos/Pessoal/ITA/SAT/Competições/SATRace2019/Benchmark/atco_enc1_opt2_10_16-sc2014.cnf	9643	145203	2181957	2146786	4292003	361180854	120166	119012	1154	       23.41	       -0.09	1790	1108866	SAT	      297.02
136	cadical_v21	3	1280	C:/Users/cball/OneDrive/Documentos/Pessoal/ITA/SAT/Competições/SATRace2019/Benchmark/atco_enc1_opt2_20_12-sc2014.cnf	171148	6591010	2898150	2867934	4893973	1696106551	113213	110989	2224	       26.83	       -0.06	3415	1093495	UNSAT	     1748.45
137	cadical_v21	3	1280	C:/Users/cball/OneDrive/Documentos/Pessoal/ITA/SAT/Competições/SATRace2019/Benchmark/atco_enc2_opt2_05_9-sc2014.cnf	14912	381544	1504051	1468066	5420196	557234991	81399	80434	965	       41.21	       -0.13	1496	884497	SAT	      435.81
138	cadical_v21	3	1280	C:/Users/cball/OneDrive/Documentos/Pessoal/ITA/SAT/Competições/SATRace2019/Benchmark/atco_enc2_opt2_10_21-sc2014.cnf	9824	153979	550927	541165	1216615	92988818	29359	29040	319	       22.92	       -0.09	484	295783	SAT	       59.30
139	cadical_v21	3	1280	C:/Users/cball/OneDrive/Documentos/Pessoal/ITA/SAT/Competições/SATRace2019/Benchmark/atco_enc3_opt2_10_12-sc2014.cnf	1236271	4906536	201543	196795	434422	2949159696	6004	5865	139	       21.75	       -0.07	231	133906	UNSAT	      925.70
140	cadical_v21	3	1280	C:/Users/cball/OneDrive/Documentos/Pessoal/ITA/SAT/Competições/SATRace2019/Benchmark/b04_s_2_unknown_pre-sc2013.cnf	123133	796517	860829	829609	2806023	1815890176	25322	24569	753	       95.19	       -0.11	1158	514442	SAT	      712.48
141	cadical_v21	3	1280	C:/Users/cball/OneDrive/Documentos/Pessoal/ITA/SAT/Competições/SATRace2019/Benchmark/b04_s_unknown-sc2013.cnf	290693	1262210	194597	185784	1393202	467997189	8912	8790	122	       48.04	       -0.19	209	242997	SAT	      211.22
142	cadical_v21	3	1280	C:/Users/cball/OneDrive/Documentos/Pessoal/ITA/SAT/Competições/SATRace2019/Benchmark/b1904P1-8x8c6h5SAT.cnf	63268	396114	12065329	11803361	45344769	3461511488	539895	529280	10615	       65.08	       -0.11	15727	6395519	SAT	     3655.69
143	cadical_v21	3	1280	C:/Users/cball/OneDrive/Documentos/Pessoal/ITA/SAT/Competições/SATRace2019/Benchmark/b1904P1-8x8c6h7SAT.cnf	63268	374457	2156900	2098346	9225051	950183808	140958	139748	1210	       53.00	       -0.14	1827	1472929	SAT	      546.94
144	cadical_v21	3	1280	C:/Users/cball/OneDrive/Documentos/Pessoal/ITA/SAT/Competições/SATRace2019/Benchmark/b1904P2-8x8c9h5SAT.cnf	68940	327952	13350095	13062593	33115679	5660043304	448121	435866	12255	       72.81	       -0.08	18363	5794538	IND	     4999.06
145	cadical_v21	3	1280	C:/Users/cball/OneDrive/Documentos/Pessoal/ITA/SAT/Competições/SATRace2019/Benchmark/b1904P2-8x8c9h7UNSAT.cnf	68940	310541	10472063	10253158	22924979	4273856287	399970	392974	6996	       52.55	       -0.08	10880	5273820	UNSAT	     4964.86
146	cadical_v21	3	1280	C:/Users/cball/OneDrive/Documentos/Pessoal/ITA/SAT/Competições/SATRace2019/Benchmark/b1904P3-8x8c11h0SAT.cnf	69644	368587	13737141	13441267	31978726	4067233657	409887	396179	13708	       89.74	       -0.08	20112	6297272	IND	     4991.03
147	cadical_v21	3	1280	C:/Users/cball/OneDrive/Documentos/Pessoal/ITA/SAT/Competições/SATRace2019/Benchmark/b1904P3-8x8c11h7SAT.cnf	69644	305432	8753396	8552358	20517477	2820070460	389311	384396	4915	       54.50	       -0.09	7467	5335366	SAT	     3397.09
148	cadical_v21	3	1280	C:/Users/cball/OneDrive/Documentos/Pessoal/ITA/SAT/Competições/SATRace2019/Benchmark/b1904P3-8x8c11h7UNSAT.cnf	69644	306029	5998999	5870372	12604017	1900949406	231991	227954	4037	       55.98	       -0.08	6154	3201836	UNSAT	     2004.23
149	cadical_v21	3	1280	C:/Users/cball/OneDrive/Documentos/Pessoal/ITA/SAT/Competições/SATRace2019/Benchmark/b_unsat-sc2013.cnf	113407	1010625	1271269	1254160	2005039	2347571485	46723	45809	914	       58.44	       -0.07	1445	485515	UNSAT	     1126.34
150	cadical_v21	3	1280	C:/Users/cball/OneDrive/Documentos/Pessoal/ITA/SAT/Competições/SATRace2019/Benchmark/blockpuzzle_5x10_s3_free4-sc2017.cnf	2750	286160	7921634	7726267	17444318	346412837	364588	359933	4655	      101.49	       -0.05	6765	6586662	UNSAT	     1310.80
151	cadical_v21	3	1280	C:/Users/cball/OneDrive/Documentos/Pessoal/ITA/SAT/Competições/SATRace2019/Benchmark/blocks-blocks-36-0.120-NOTKNOWN-sc2011.cnf	489685	8702447	1988924	1577125	17811911	11841965506	40421	39255	1166	     1069.48	       -0.08	1689	3853342	IND	     4997.62
152	cadical_v21	3	1280	C:/Users/cball/OneDrive/Documentos/Pessoal/ITA/SAT/Competições/SATRace2019/Benchmark/blocks-blocks-37-1.130-NOTKNOWN-sc2011.cnf	559571	10144966	1505650	1137694	15375159	10393832264	18635	17428	1207	     1534.08	       -0.06	1725	2949113	UNSAT	     4730.47
153	cadical_v21	3	1280	C:/Users/cball/OneDrive/Documentos/Pessoal/ITA/SAT/Competições/SATRace2019/Benchmark/bob12s06-sc2013.cnf	482548	1368963	5178315	5125928	193461301	4339911645	235404	231266	4138	       30.72	       -0.08	6256	48391286	UNSAT	     1848.81
154	cadical_v21	3	1280	C:/Users/cball/OneDrive/Documentos/Pessoal/ITA/SAT/Competições/SATRace2019/Benchmark/c6288mul.miter.shuffled-as.sat03-346-sc2002.cnf	9540	61421	5194487	5106409	17732612	1135396894	236930	233201	3729	       42.33	       -0.11	5848	2481835	UNSAT	     1169.95
155	cadical_v21	3	1280	C:/Users/cball/OneDrive/Documentos/Pessoal/ITA/SAT/Competições/SATRace2019/Benchmark/cms-scheel-md5-families-r24-c8-p0-3-5-6-14-16-18-19-sc2018.cnf	39547	130954	12447787	12223333	159644445	1440832730	427539	417632	9907	       32.69	       -0.15	15325	25181118	SAT	     2060.89
156	cadical_v21	3	1280	C:/Users/cball/OneDrive/Documentos/Pessoal/ITA/SAT/Competições/SATRace2019/Benchmark/connm-ue-csp-sat-n800-d0.02-s111845174.used-as.sat04-958-sc2011.cnf	772	9601	11298198	11269699	13104075	1224679304	354896	346888	8008	       25.14	       -0.02	12536	4532853	UNSAT	     3505.94
157	cadical_v21	3	1280	C:/Users/cball/OneDrive/Documentos/Pessoal/ITA/SAT/Competições/SATRace2019/Benchmark/countbitsrotate032-sc2009.cnf	8527	25482	13131537	13131523	13138169	12058046347	149043	140048	8995	       23.29	       -0.00	14954	5056119	IND	     4998.72
158	cadical_v21	3	1280	C:/Users/cball/OneDrive/Documentos/Pessoal/ITA/SAT/Competições/SATRace2019/Benchmark/countbitssrl032-sc2009.cnf	18607	55720	455011	447299	1089750	201113063	26097	25860	237	       36.84	       -0.10	371	241163	UNSAT	       99.83
159	cadical_v21	3	1280	C:/Users/cball/OneDrive/Documentos/Pessoal/ITA/SAT/Competições/SATRace2019/Benchmark/countbitswegner128-sc2011.cnf	98048	293756	5563717	5454287	14970229	2015101670	229492	225818	3674	       84.84	       -0.09	5793	2869205	UNSAT	     1178.81
160	cadical_v21	3	1280	C:/Users/cball/OneDrive/Documentos/Pessoal/ITA/SAT/Competições/SATRace2019/Benchmark/course0.2_2018_3-sc2018.cnf	1314940	2548425	704592	681458	5965881	2313265930	33727	33275	452	       32.13	       -0.17	737	687832	SAT	      777.91
161	cadical_v21	3	1280	C:/Users/cball/OneDrive/Documentos/Pessoal/ITA/SAT/Competições/SATRace2019/Benchmark/crafted_n11_d6_c3_num24-sc2013.cnf	36208	7010872	261501	254684	626181	176264224	1681	1412	269	      306.31	       -0.04	402	168250	UNSAT	      208.78
162	cadical_v21	3	1280	C:/Users/cball/OneDrive/Documentos/Pessoal/ITA/SAT/Competições/SATRace2019/Benchmark/cruxmiter28seed8.cnf	506	1406	4347906	4325654	5691766	105069521	114931	111492	3439	       19.48	       -0.03	5560	1380488	UNSAT	      366.03
163	cadical_v21	3	1280	C:/Users/cball/OneDrive/Documentos/Pessoal/ITA/SAT/Competições/SATRace2019/Benchmark/cruxmiter29seed4.cnf	511	1418	6835086	6792550	9661122	152411832	301401	297936	3465	       19.55	       -0.05	5585	3567489	UNSAT	      643.69
164	cadical_v21	3	1280	C:/Users/cball/OneDrive/Documentos/Pessoal/ITA/SAT/Competições/SATRace2019/Benchmark/cruxmiter29seed9.cnf	513	1424	34427711	34246980	39418290	843328019	1509706	1493717	15989	       20.87	       -0.03	25753	18328218	IND	     4999.28
165	cadical_v21	3	1280	C:/Users/cball/OneDrive/Documentos/Pessoal/ITA/SAT/Competições/SATRace2019/Benchmark/cruxmiter32seed4.cnf	621	1733	30067463	29892827	41070443	705091799	1410329	1396638	13691	       24.23	       -0.04	22166	15785048	IND	     4999.38
166	cadical_v21	3	1280	C:/Users/cball/OneDrive/Documentos/Pessoal/ITA/SAT/Competições/SATRace2019/Benchmark/ctl_4291_567_2_unsat-sc2013.cnf	17850	149132	8090811	7979231	11430239	3938002770	365937	362026	3911	       17.62	       -0.07	6029	4510567	UNSAT	     2064.95
167	cadical_v21	3	1280	C:/Users/cball/OneDrive/Documentos/Pessoal/ITA/SAT/Competições/SATRace2019/Benchmark/ctl_4291_567_2_unsat_pre-sc2013.cnf	15232	147245	8057191	7944132	11434330	3825727540	362229	358384	3845	       17.77	       -0.07	5963	4490373	UNSAT	     2006.03
168	cadical_v21	3	1280	C:/Users/cball/OneDrive/Documentos/Pessoal/ITA/SAT/Competições/SATRace2019/Benchmark/ctl_4291_567_5_unsat_pre-sc2014.cnf	15232	134756	18018501	17819123	23231884	9387188229	528880	512975	15905	       17.50	       -0.05	24371	5820682	IND	     4999.16
169	cadical_v21	3	1280	C:/Users/cball/OneDrive/Documentos/Pessoal/ITA/SAT/Competições/SATRace2019/Benchmark/custmulsb2x32o-sc2016.cnf	4660	13676	23643360	23642091	23680324	5216737853	327428	314203	13225	       63.31	       -0.00	21707	11820138	IND	     4999.67
170	cadical_v21	3	1280	C:/Users/cball/OneDrive/Documentos/Pessoal/ITA/SAT/Competições/SATRace2019/Benchmark/custmulun16x16o-sc2016.cnf	3633	10625	18523530	18285175	25072452	3935392122	605490	590831	14659	       46.37	       -0.02	23129	6083866	IND	     4999.52
171	cadical_v21	3	1280	C:/Users/cball/OneDrive/Documentos/Pessoal/ITA/SAT/Competições/SATRace2019/Benchmark/dist6.c-sc2018.cnf	15254	68087	875620	867909	1223352	136212305	31463	30766	697	       26.49	       -0.04	1114	263122	UNSAT	       97.03
172	cadical_v21	3	1280	C:/Users/cball/OneDrive/Documentos/Pessoal/ITA/SAT/Competições/SATRace2019/Benchmark/dp12u11.used-as.sat04-358-sc2004.cnf	11137	29956	1739031	1713079	2766287	190524751	69903	69039	864	       20.40	       -0.06	1395	910999	UNSAT	      169.12
173	cadical_v21	3	1280	C:/Users/cball/OneDrive/Documentos/Pessoal/ITA/SAT/Competições/SATRace2019/Benchmark/e_rphp035_05-sc2018.cnf	2960	5555	21774263	17387916	88806618	660369698	350146	329533	20613	       23.74	       -0.06	29045	31926436	UNSAT	      957.31
174	cadical_v21	3	1280	C:/Users/cball/OneDrive/Documentos/Pessoal/ITA/SAT/Competições/SATRace2019/Benchmark/ecarev-110-1031-23-40-8-sc2018.cnf	42271	247381	3802021	3726702	7821340	372738966	123809	119630	4179	       23.60	       -0.10	6067	1721829	SAT	      568.09
175	cadical_v21	3	1280	C:/Users/cball/OneDrive/Documentos/Pessoal/ITA/SAT/Competições/SATRace2019/Benchmark/edges-024-4-5613555-1-00-sc2014.cnf	97	204	32875438	32639116	39174603	464814736	1860751	1846722	14029	       18.50	       -0.03	22587	16947706	IND	     4995.97
176	cadical_v21	3	1280	C:/Users/cball/OneDrive/Documentos/Pessoal/ITA/SAT/Competições/SATRace2019/Benchmark/eq2csparrc162cbpwtcl16.cnf	6154	18364	14660767	14525598	18479812	2953992248	514901	501919	12982	       51.54	       -0.02	20115	4110163	IND	     4997.55
177	cadical_v21	3	1280	C:/Users/cball/OneDrive/Documentos/Pessoal/ITA/SAT/Competições/SATRace2019/Benchmark/eqbparrc12spctbk12.cnf	3018	8982	13915264	13808459	17107669	1669116459	499761	488509	11252	       34.95	       -0.03	17810	4139027	IND	     4997.91
178	cadical_v21	3	1280	C:/Users/cball/OneDrive/Documentos/Pessoal/ITA/SAT/Competições/SATRace2019/Benchmark/eqbparrc14spwtcl14.cnf	4838	14428	14985857	14870682	19089882	2228804946	512901	499782	13119	       49.88	       -0.02	20505	4077155	IND	     4995.92
179	cadical_v21	3	1280	C:/Users/cball/OneDrive/Documentos/Pessoal/ITA/SAT/Competições/SATRace2019/Benchmark/eqbparrc18spwtrc18.cnf	7193	21469	14304815	14169648	18417800	2539788886	542440	529489	12951	       69.70	       -0.02	19805	3999394	IND	     4994.06
180	cadical_v21	3	1280	C:/Users/cball/OneDrive/Documentos/Pessoal/ITA/SAT/Competições/SATRace2019/Benchmark/eqbpdtlf12bparrc12.cnf	3105	9242	13292266	13190968	17171945	1193221467	510660	499754	10906	       31.67	       -0.03	16980	4177857	UNSAT	     4427.44
181	cadical_v21	3	1280	C:/Users/cball/OneDrive/Documentos/Pessoal/ITA/SAT/Competições/SATRace2019/Benchmark/eqbpdtlf14bpwtcl14.cnf	4719	14071	8077711	7989243	12826836	876666509	442142	438179	3963	       35.54	       -0.05	6081	4234710	UNSAT	     2407.26
182	cadical_v21	3	1280	C:/Users/cball/OneDrive/Documentos/Pessoal/ITA/SAT/Competições/SATRace2019/Benchmark/eqbpdtlf14spctbk14.cnf	4000	11914	12571761	12460169	16689637	1629220698	466183	456262	9921	       45.67	       -0.03	15436	4235907	IND	     4995.72
183	cadical_v21	3	1280	C:/Users/cball/OneDrive/Documentos/Pessoal/ITA/SAT/Competições/SATRace2019/Benchmark/eqbpdtlf14spdtlf14.cnf	4249	12662	14433112	14320535	18531996	1717277368	508831	496052	12779	       48.33	       -0.03	19734	4112809	IND	     4998.12
184	cadical_v21	3	1280	C:/Users/cball/OneDrive/Documentos/Pessoal/ITA/SAT/Competições/SATRace2019/Benchmark/eqbpdtlf16spdtlf16.cnf	5550	16552	14494845	14368195	19139681	2090723674	496054	483148	12906	       58.80	       -0.03	19908	4143570	IND	     4999.31
185	cadical_v21	3	1280	C:/Users/cball/OneDrive/Documentos/Pessoal/ITA/SAT/Competições/SATRace2019/Benchmark/eqbpdtlf18sparcl18.cnf	7282	21738	16041030	15903299	20130298	3340291589	546599	531925	14674	       57.96	       -0.02	22876	4009407	IND	     4999.17
186	cadical_v21	3	1280	C:/Users/cball/OneDrive/Documentos/Pessoal/ITA/SAT/Competições/SATRace2019/Benchmark/eqbpwtcl10spwtcl10.cnf	2616	7788	2954837	2933027	3817893	320928151	121800	119608	2192	       27.90	       -0.03	3427	1072036	UNSAT	      475.61
187	cadical_v21	3	1280	C:/Users/cball/OneDrive/Documentos/Pessoal/ITA/SAT/Competições/SATRace2019/Benchmark/eqbpwtrc10bpdtlf10.cnf	2205	6555	2645889	2622393	3430042	233234345	114116	112322	1794	       26.48	       -0.04	2790	1087072	UNSAT	      402.31
188	cadical_v21	3	1280	C:/Users/cball/OneDrive/Documentos/Pessoal/ITA/SAT/Competições/SATRace2019/Benchmark/eqbpwtrc10spctbk10.cnf	2089	6206	2388176	2368318	2987940	251683528	113769	112463	1306	       27.09	       -0.03	2103	1076671	UNSAT	      384.78
189	cadical_v21	3	1280	C:/Users/cball/OneDrive/Documentos/Pessoal/ITA/SAT/Competições/SATRace2019/Benchmark/eqsparcl10bpwtrc10.cnf	2275	6764	2323743	2296166	3126753	233636958	109904	108617	1287	       26.82	       -0.04	2033	1114864	UNSAT	      315.44
190	cadical_v21	3	1280	C:/Users/cball/OneDrive/Documentos/Pessoal/ITA/SAT/Competições/SATRace2019/Benchmark/eqsparcl12bpwtrc12.cnf	3278	9760	17522542	17387011	21610427	2276620746	639727	625131	14596	       30.97	       -0.03	23067	4902698	IND	     4999.42
191	cadical_v21	3	1280	C:/Users/cball/OneDrive/Documentos/Pessoal/ITA/SAT/Competições/SATRace2019/Benchmark/eqsparrc12bpdtlf12.cnf	3096	9215	16559425	16426582	19817690	1928444343	534982	520411	14571	       34.68	       -0.02	23042	4203935	IND	     4999.09
192	cadical_v21	3	1280	C:/Users/cball/OneDrive/Documentos/Pessoal/ITA/SAT/Competições/SATRace2019/Benchmark/eqsparrc14spctbk14.cnf	