ID	version	restart base fast	restart base slow	file	vars	clauses	conflicts	learned	decisions	propagations	restarts	restarts unstable	restarts stable	learned avg. size	learnt stack avg	learnt stack stable counter	learnt stack unstable counter	answer	cpu time
1	cadical_v21	5	1280	C:/Users/cball/OneDrive/Documentos/Pessoal/ITA/SAT/Competições/SATRace2019-3/Benchmark/tseitingrid7x160_shuffled-sc2016.cnf	2240	8960	128203394	128166373	824425304	1791529910	6658861	6591363	67498	       21.17	       -0.04	101251	164044748	IND	     4998.92
2	cadical_v21	5	1280	C:/Users/cball/OneDrive/Documentos/Pessoal/ITA/SAT/Competições/SATRace2019-3/Benchmark/uniqinv47prop-sc2018.cnf	17349	51071	17833672	17671651	45941796	3362573150	589827	575640	14187	       45.92	       -0.06	22641	6841969	IND	     4999.59
3	cadical_v21	5	1280	C:/Users/cball/OneDrive/Documentos/Pessoal/ITA/SAT/Competições/SATRace2019-3/Benchmark/unsat-set-a-fclqcolor-20-13-14.sat05-1278.reshuffled-07-sc2007.cnf	730	43124	85848800	69165606	252849678	2386771562	745196	687798	57398	       51.35	       -0.04	91147	141624550	IND	     4999.52
4	cadical_v21	5	1280	C:/Users/cball/OneDrive/Documentos/Pessoal/ITA/SAT/Competições/SATRace2019-3/Benchmark/vmpc_30-sc2007.cnf	900	133080	11369616	10997994	22094448	1289593401	301731	293245	8486	       52.12	       -0.05	13041	7872517	IND	     4998.89
5	cadical_v21	5	1280	C:/Users/cball/OneDrive/Documentos/Pessoal/ITA/SAT/Competições/SATRace2019-3/Benchmark/vmpc_31-sc2007.cnf	961	146909	10066051	9718376	20956356	1172740513	301298	294832	6466	       52.06	       -0.06	10019	8115905	SAT	     3808.28
6	cadical_v21	5	1280	C:/Users/cball/OneDrive/Documentos/Pessoal/ITA/SAT/Competições/SATRace2019-3/Benchmark/vmpc_34.shuffled-as.sat05-1958-sc2005.cnf	1156	194072	2353883	2268944	5640925	320173252	76929	75565	1364	       52.86	       -0.07	2129	2288435	SAT	      436.64
7	cadical_v21	5	1280	C:/Users/cball/OneDrive/Documentos/Pessoal/ITA/SAT/Competições/SATRace2019-3/Benchmark/vmpc_36.renamed-as.sat05-1922-sc2005.cnf	1296	230544	14070300	13581298	30518192	2009037092	297024	284970	12054	       65.74	       -0.05	18694	9234877	IND	     4999.64
8	cadical_v21	5	1280	C:/Users/cball/OneDrive/Documentos/Pessoal/ITA/SAT/Competições/SATRace2019-3/Benchmark/x2_128.shuffled-as.sat03-1598-sc2002.cnf	382	1018	83428509	83406101	158886697	797895171	2544358	2482176	62182	       39.26	       -0.04	95970	46337684	IND	     4999.72
