ID	version	restart base fast	restart base slow	file	vars	clauses	conflicts	learned	decisions	propagations	restarts	restarts unstable	restarts stable	learned avg. size	learnt stack avg	learnt stack stable counter	learnt stack unstable counter	answer	cpu time
1	cadical_v21	5	320	C:/Users/cball/OneDrive/Documentos/Pessoal/ITA/SAT/Competições/SATRace2019-2/Benchmark/eqsparrc16spwtcl16.cnf	6576	19630	16730177	16566297	22610625	2816834595	578589	523303	55286	       45.20	       -0.03	88044	4425634	IND	     4996.25
2	cadical_v21	5	320	C:/Users/cball/OneDrive/Documentos/Pessoal/ITA/SAT/Competições/SATRace2019-2/Benchmark/eqspctbk12bpwtrc12.cnf	3001	8931	15017266	14901178	18469993	1633505872	547810	498958	48852	       34.20	       -0.03	77533	4108740	IND	     4997.92
3	cadical_v21	5	320	C:/Users/cball/OneDrive/Documentos/Pessoal/ITA/SAT/Competições/SATRace2019-2/Benchmark/eqspctbk14sparcl14.cnf	4344	12948	16971497	16806371	22344183	2193926851	594002	540589	53413	       36.09	       -0.03	86213	4571088	IND	     4998.89
4	cadical_v21	5	320	C:/Users/cball/OneDrive/Documentos/Pessoal/ITA/SAT/Competições/SATRace2019-2/Benchmark/eqspctbk14spwtcl14.cnf	4699	14013	14903482	14774755	20895385	1781441464	538144	490166	47978	       45.06	       -0.04	76300	4148915	IND	     4996.88
5	cadical_v21	5	320	C:/Users/cball/OneDrive/Documentos/Pessoal/ITA/SAT/Competições/SATRace2019-2/Benchmark/eqspdtlf14bpwtrc14.cnf	4292	12790	15798945	15669407	20277487	1790800869	574266	520726	53540	       46.68	       -0.03	84530	4030755	IND	     4998.53
6	cadical_v21	5	320	C:/Users/cball/OneDrive/Documentos/Pessoal/ITA/SAT/Competições/SATRace2019-2/Benchmark/eqspwtcl14bpwtcl14.cnf	5418	16168	14313973	14197367	19062859	2143240463	550941	505481	45460	       46.40	       -0.03	72021	4101255	IND	     4998.00
7	cadical_v21	5	320	C:/Users/cball/OneDrive/Documentos/Pessoal/ITA/SAT/Competições/SATRace2019-2/Benchmark/eqspwtrc16bparrc16.cnf	5702	17010	15127438	14990856	19334438	2238795902	554353	505088	49265	       59.50	       -0.03	78256	4057884	IND	     4997.73
8	cadical_v21	5	320	C:/Users/cball/OneDrive/Documentos/Pessoal/ITA/SAT/Competições/SATRace2019-2/Benchmark/ex051_9-sc2018.cnf	51315	485537	7087251	6881184	18109131	1571506209	330050	317081	12969	       24.37	       -0.11	21172	5074278	UNSAT	     2013.56
9	cadical_v21	5	320	C:/Users/cball/OneDrive/Documentos/Pessoal/ITA/SAT/Competições/SATRace2019-2/Benchmark/ex145_11-sc2018.cnf	39544	294276	18773163	18317466	51891201	3594937011	675377	620034	55343	       23.31	       -0.10	88096	10019738	IND	     4998.75
10	cadical_v21	5	320	C:/Users/cball/OneDrive/Documentos/Pessoal/ITA/SAT/Competições/SATRace2019-2/Benchmark/ex175_17-sc2018.cnf	895721	17688050	2078687	2017437	6497273	3349811712	105276	101873	3403	       19.54	       -0.12	5552	1803649	SAT	     2124.23
11	cadical_v21	5	320	C:/Users/cball/OneDrive/Documentos/Pessoal/ITA/SAT/Competições/SATRace2019-2/Benchmark/ex175_18-sc2018.cnf	895721	17648874	550070	533060	2052833	1091586605	28501	27580	921	       16.76	       -0.14	1554	549308	SAT	      945.94
12	cadical_v21	5	320	C:/Users/cball/OneDrive/Documentos/Pessoal/ITA/SAT/Competições/SATRace2019-2/Benchmark/ezfact64_6.shuffled-as.sat03-1522-sc2002.cnf	3073	19610	727750	720791	1205936	181216174	32765	30785	1980	       25.60	       -0.06	3142	277366	SAT	      120.55
13	cadical_v21	5	320	C:/Users/cball/OneDrive/Documentos/Pessoal/ITA/SAT/Competições/SATRace2019-2/Benchmark/ezfact64_8.shuffled-as.sat03-1524-sc2002.cnf	3073	19636	1326717	1315714	1992232	328290387	54860	51259	3601	       22.59	       -0.05	5650	538279	SAT	      275.44
14	cadical_v21	5	320	C:/Users/cball/OneDrive/Documentos/Pessoal/ITA/SAT/Competições/SATRace2019-2/Benchmark/f10nidw-sc2012.cnf	824210	2459565	1247583	1208317	11400122	720057883	57817	54866	2951	       36.43	       -0.13	5001	2341981	UNSAT	      380.61
15	cadical_v21	5	320	C:/Users/cball/OneDrive/Documentos/Pessoal/ITA/SAT/Competições/SATRace2019-2/Benchmark/f6nidw-sc2012.cnf	190399	564772	67866	66112	505077	19276387	3159	2973	186	       19.23	       -0.13	314	89228	UNSAT	       13.94
16	cadical_v21	5	320	C:/Users/cball/OneDrive/Documentos/Pessoal/ITA/SAT/Competições/SATRace2019-2/Benchmark/frb-40-19-1-mgd_c18.cnf	760	37548	105050	102133	171349	9818398	4513	4291	222	       42.91	       -0.07	348	62641	SAT	        8.62
17	cadical_v21	5	320	C:/Users/cball/OneDrive/Documentos/Pessoal/ITA/SAT/Competições/SATRace2019-2/Benchmark/frb59-26-1.used-as.sat04-891-sc2011.cnf	1534	132295	19024115	18583827	29577982	2238240906	451770	398668	53102	       77.59	       -0.05	85798	8184187	IND	     4999.27
18	cadical_v21	5	320	C:/Users/cball/OneDrive/Documentos/Pessoal/ITA/SAT/Competições/SATRace2019-2/Benchmark/gensys-icl005.shuffled-as.sat05-3826-sc2011.cnf	2703	17985	1930480	1904026	2844931	135441027	75980	72751	3229	       27.51	       -0.06	5281	1118278	UNSAT	      404.64
19	cadical_v21	5	320	C:/Users/cball/OneDrive/Documentos/Pessoal/ITA/SAT/Competições/SATRace2019-2/Benchmark/gss-20-s100-sc2009.cnf	31503	94548	1110455	1109984	1122563	3794074399	23324	19776	3548	       33.43	       -0.00	5602	373960	SAT	     1085.42
20	cadical_v21	5	320	C:/Users/cball/OneDrive/Documentos/Pessoal/ITA/SAT/Competições/SATRace2019-2/Benchmark/gss-33-s100-sc2009.cnf	32402	97364	5374388	5360840	5919174	10377519145	178656	163812	14844	       57.18	       -0.01	23035	2199296	IND	     4999.22
21	cadical_v21	5	320	C:/Users/cball/OneDrive/Documentos/Pessoal/ITA/SAT/Competições/SATRace2019-2/Benchmark/gto_p60c238-sc2018.cnf	1043	2829	5092130	5038646	5831019	78088939	160275	147180	13095	       22.79	       -0.03	21295	1987274	UNSAT	      335.61
22	cadical_v21	5	320	C:/Users/cball/OneDrive/Documentos/Pessoal/ITA/SAT/Competições/SATRace2019-2/Benchmark/gus-md5-14-sc2009.cnf	69641	226367	2423896	2398370	6200465	10010043331	96850	90493	6357	      115.38	       -0.05	9518	1300298	IND	     4999.22
23	cadical_v21	5	320	C:/Users/cball/OneDrive/Documentos/Pessoal/ITA/SAT/Competições/SATRace2019-2/Benchmark/hcp_CP14_14.cnf	47040	178880	9751377	9530855	94003621	22055416116	335965	315062	20903	      101.36	       -0.09	33777	8822953	IND	     4999.19
24	cadical_v21	5	320	C:/Users/cball/OneDrive/Documentos/Pessoal/ITA/SAT/Competições/SATRace2019-2/Benchmark/hcp_CP16_16.cnf	77824	282013	8248274	8041918	123124017	26073712485	353100	339972	13128	       80.56	       -0.11	21495	10677840	IND	     4999.24
25	cadical_v21	5	320	C:/Users/cball/OneDrive/Documentos/Pessoal/ITA/SAT/Competições/SATRace2019-2/Benchmark/hcp_CP18_18.cnf	122472	440385	7346089	7161348	137691595	31264838813	324432	311957	12475	       73.32	       -0.11	20679	10613263	IND	     4999.25
26	cadical_v21	5	320	C:/Users/cball/OneDrive/Documentos/Pessoal/ITA/SAT/Competições/SATRace2019-2/Benchmark/hcp_CP20_20.cnf	183200	637206	3549718	3468559	59114303	17016953563	114822	104826	9996	       72.71	       -0.09	16560	3772475	SAT	     2222.28
27	cadical_v21	5	320	C:/Users/cball/OneDrive/Documentos/Pessoal/ITA/SAT/Competições/SATRace2019-2/Benchmark/hcp_CP22_22.cnf	264264	895141	2521365	2455981	62821285	17566292764	104609	99763	4846	       66.68	       -0.11	8333	4489495	SAT	     2283.02
28	cadical_v21	5	320	C:/Users/cball/OneDrive/Documentos/Pessoal/ITA/SAT/Competições/SATRace2019-2/Benchmark/hcp_CP24_24.cnf	370944	1254550	4577949	4468965	106427409	35854765514	147012	135314	11698	       74.22	       -0.09	19919	6799623	IND	     4991.52
29	cadical_v21	5	320	C:/Users/cball/OneDrive/Documentos/Pessoal/ITA/SAT/Competições/SATRace2019-2/Benchmark/hcp_CP26_26.cnf	505648	1677281	2985190	2908116	92275425	31462207117	108223	101446	6777	       71.87	       -0.10	11663	6092888	IND	     4977.42
30	cadical_v21	5	320	C:/Users/cball/OneDrive/Documentos/Pessoal/ITA/SAT/Competições/SATRace2019-2/Benchmark/hcp_bij16_16.cnf	81920	16496017	7383086	6660258	274330127	4149721456	246607	227992	18615	      320.64	       -0.08	26053	59226513	IND	     4990.95
31	cadical_v21	5	320	C:/Users/cball/OneDrive/Documentos/Pessoal/ITA/SAT/Competições/SATRace2019-2/Benchmark/hcp_d12_12.cnf	23345	49263	37449	36178	511755	9623642	3804	3726	78	       40.55	       -0.24	130	29905	SAT	        4.47
32	cadical_v21	5	320	C:/Users/cball/OneDrive/Documentos/Pessoal/ITA/SAT/Competições/SATRace2019-2/Benchmark/hcp_d14_14.cnf	41961	70118	36886	35577	765758	11645323	4086	4032	54	       40.13	       -0.27	104	43132	SAT	        5.34
33	cadical_v21	5	320	C:/Users/cball/OneDrive/Documentos/Pessoal/ITA/SAT/Competições/SATRace2019-2/Benchmark/hcp_d16_16.cnf	70675	106388	17203322	16819247	127618353	2879109168	467726	417287	50439	       84.37	       -0.10	83278	14223228	IND	     4995.27
34	cadical_v21	5	320	C:/Users/cball/OneDrive/Documentos/Pessoal/ITA/SAT/Competições/SATRace2019-2/Benchmark/hcp_d18_18.cnf	111475	138053	17765507	17338589	169689849	3087988788	526385	478000	48385	       75.04	       -0.11	81266	19971329	IND	     4996.72
35	cadical_v21	5	320	C:/Users/cball/OneDrive/Documentos/Pessoal/ITA/SAT/Competições/SATRace2019-2/Benchmark/hcp_d20_20.cnf	168019	173814	18463689	17999696	220058514	3646860326	591204	544762	46442	       72.55	       -0.12	79369	27799914	IND	     4999.17
36	cadical_v21	5	320	C:/Users/cball/OneDrive/Documentos/Pessoal/ITA/SAT/Competições/SATRace2019-2/Benchmark/hcp_d22_22.cnf	243955	213707	18758875	18270529	270084072	4145795651	637494	592323	45171	       70.56	       -0.14	78132	35766030	IND	     4999.03
37	cadical_v21	5	320	C:/Users/cball/OneDrive/Documentos/Pessoal/ITA/SAT/Competições/SATRace2019-2/Benchmark/hcp_d24_24.cnf	344469	286016	18989602	18479796	316899636	4783554374	665746	622036	43710	       68.85	       -0.14	76702	44689086	IND	     4999.33
38	cadical_v21	5	320	C:/Users/cball/OneDrive/Documentos/Pessoal/ITA/SAT/Competições/SATRace2019-2/Benchmark/hcp_r20_20.cnf	323138	21567424	42	42	488000	577871	0	0	0	        9.19	       -0.74	0	487781	SAT	       26.64
39	cadical_v21	5	320	C:/Users/cball/OneDrive/Documentos/Pessoal/ITA/SAT/Competições/SATRace2019-2/Benchmark/hcp_r26_26.cnf	919562	103439854	0	0	0	230180	0	0	0	        0.00	        0.00	0	0	SAT	      132.66
40	cadical_v21	5	320	C:/Users/cball/OneDrive/Documentos/Pessoal/ITA/SAT/Competições/SATRace2019-2/Benchmark/hitag2-8-60-0-0x880693399044612-25-SAT-sc2013.cnf	2316	30945	16315157	16239520	20329107	861302887	460932	409031	51901	       22.85	       -0.02	84553	4320567	IND	     4999.25
41	cadical_v21	5	320	C:/Users/cball/OneDrive/Documentos/Pessoal/ITA/SAT/Competições/SATRace2019-2/Benchmark/hwb-n26-01-S1957858365.shuffled-as.sat03-1622-sc2002.cnf	172	832	11191760	11135729	13548027	248004378	442308	414618	27690	       19.25	       -0.03	44931	4413351	UNSAT	     1283.94
42	cadical_v21	5	320	C:/Users/cball/OneDrive/Documentos/Pessoal/ITA/SAT/Competições/SATRace2019-2/Benchmark/hwb-n26-03-S540351185.sat05-490.reshuffled-07-sc2007.cnf	172	832	17974955	17856090	22087130	415614609	597190	544083	53107	       18.65	       -0.03	85955	5663360	UNSAT	     2646.39
43	cadical_v21	5	320	C:/Users/cball/OneDrive/Documentos/Pessoal/ITA/SAT/Competições/SATRace2019-2/Benchmark/hwmcc10-timeframe-expansion-k45-pdtpmspalu-tseitin-sc2011.cnf	89190	265715	8738605	8543183	91250240	1747158470	565300	549834	15466	       31.26	       -0.17	25320	12486404	UNSAT	     2269.08
44	cadical_v21	5	320	C:/Users/cball/OneDrive/Documentos/Pessoal/ITA/SAT/Competições/SATRace2019-2/Benchmark/hwmcc15deep-6s516r-k18-sc2017.cnf	51996	147555	11176176	11124345	120762495	1268778221	352939	315787	37152	       50.45	       -0.03	53987	42931705	UNSAT	      955.94
45	cadical_v21	5	320	C:/Users/cball/OneDrive/Documentos/Pessoal/ITA/SAT/Competições/SATRace2019-2/Benchmark/hwmcc15deep-oski15a10b10s-k22-sc2017.cnf	569318	1484813	5691139	5472352	38636275	3954483519	300599	287974	12625	       35.67	       -0.14	20822	7234555	UNSAT	     2093.89
46	cadical_v21	5	320	C:/Users/cball/OneDrive/Documentos/Pessoal/ITA/SAT/Competições/SATRace2019-2/Benchmark/jgiraldezlevy.2200.9086.08.40.149-sr2015.cnf	2200	9086	2211175	2152732	5383388	397457660	121947	117886	4061	       25.62	       -0.10	6602	1128941	SAT	      470.64
47	cadical_v21	5	320	C:/Users/cball/OneDrive/Documentos/Pessoal/ITA/SAT/Competições/SATRace2019-2/Benchmark/k_unsat-sc2013.cnf	7021	95854	12269824	12133073	20412960	3607368187	444107	409205	34902	       26.45	       -0.06	55321	4583089	IND	     4999.11
48	cadical_v21	5	320	C:/Users/cball/OneDrive/Documentos/Pessoal/ITA/SAT/Competições/SATRace2019-2/Benchmark/knight_14.cnf	4680	39640	808777	786208	7734130	187264031	40375	38217	2158	       65.73	       -0.14	3567	677783	SAT	      101.86
49	cadical_v21	5	320	C:/Users/cball/OneDrive/Documentos/Pessoal/ITA/SAT/Competições/SATRace2019-2/Benchmark/knight_16.cnf	81119	804926	6378449	4500521	290020710	9101929566	176122	167729	8393	      446.78	       -0.18	16397	33318934	SAT	     4422.52
50	cadical_v21	5	320	C:/Users/cball/OneDrive/Documentos/Pessoal/ITA/SAT/Competições/SATRace2019-2/Benchmark/knight_18.cnf	126152	1297025	6473854	4204601	369891539	11691390140	162545	154746	7799	      486.27	       -0.19	15630	40927871	IND	     4999.25
51	cadical_v21	5	320	C:/Users/cball/OneDrive/Documentos/Pessoal/ITA/SAT/Competições/SATRace2019-2/Benchmark/knight_20.cnf	189446	2004246	6246524	3739297	386121630	12632705100	134794	128018	6776	      516.63	       -0.18	14382	46225241	IND	     4999.25
52	cadical_v21	5	320	C:/Users/cball/OneDrive/Documentos/Pessoal/ITA/SAT/Competições/SATRace2019-2/Benchmark/le450_15b.col.15-sc2018.cnf	6300	114816	33930563	33650284	38455585	2325838472	1195781	1127321	68460	       53.17	       -0.03	104466	19426330	IND	     4999.05
53	cadical_v21	5	320	C:/Users/cball/OneDrive/Documentos/Pessoal/ITA/SAT/Competições/SATRace2019-2/Benchmark/li-exam-63.shuffled-as.sat03-368-sc2002.cnf	28147	108399	8586635	8184934	124628152	6434064707	531406	518969	12437	      156.62	       -0.17	21869	6764479	IND	     4999.16
54	cadical_v21	5	320	C:/Users/cball/OneDrive/Documentos/Pessoal/ITA/SAT/Competições/SATRace2019-2/Benchmark/li-test4-99.shuffled-as.sat03-377-sc2002.cnf	36809	142448	7877461	7408591	267184596	7989608717	471903	460907	10996	      227.55	       -0.20	19227	13164398	IND	     4999.33
55	cadical_v21	5	320	C:/Users/cball/OneDrive/Documentos/Pessoal/ITA/SAT/Competições/SATRace2019-2/Benchmark/manthey_DimacsSorter_37_3-sr2015.cnf	6634	23392	1058678	1037407	2070763	360935813	25342	21889	3453	       74.41	       -0.05	5494	337481	SAT	      187.94
56	cadical_v21	5	320	C:/Users/cball/OneDrive/Documentos/Pessoal/ITA/SAT/Competições/SATRace2019-2/Benchmark/manthey_single-ordered-initialized-w50-b7-sr2015.cnf	10675	84849	4130899	4054257	6222777	1022587920	93734	80800	12934	       30.51	       -0.04	21103	1423359	UNSAT	     1140.19
57	cadical_v21	5	320	C:/Users/cball/OneDrive/Documentos/Pessoal/ITA/SAT/Competições/SATRace2019-2/Benchmark/maxxor032-sc2011.cnf	13240	39135	427770	414196	1617656	67581093	28601	27800	801	       33.23	       -0.14	1314	270515	UNSAT	       37.17
58	cadical_v21	5	320	C:/Users/cball/OneDrive/Documentos/Pessoal/ITA/SAT/Competições/SATRace2019-2/Benchmark/minxorminand128-sc2009.cnf	153834	459957	5817797	5607293	49311075	846993069	194676	179889	14787	      100.89	       -0.07	22874	18423954	UNSAT	     1070.28
59	cadical_v21	5	320	C:/Users/cball/OneDrive/Documentos/Pessoal/ITA/SAT/Competições/SATRace2019-2/Benchmark/mod2c-3cage-unsat-10-2.sat05-2567.reshuffled-07-sc2007.cnf	140	560	28321802	28303117	36492850	199823405	1049687	992824	56863	       17.20	       -0.03	89726	17779416	UNSAT	     1211.00
60	cadical_v21	5	320	C:/Users/cball/OneDrive/Documentos/Pessoal/ITA/SAT/Competições/SATRace2019-2/Benchmark/mod2c-3cage-unsat-10-3.sat05-2568.reshuffled-07-sc2007.cnf	140	560	41552505	41547691	51523485	331229971	1336366	1231270	105096	       17.37	       -0.02	164352	21058064	UNSAT	     2110.50
61	cadical_v21	5	320	C:/Users/cball/OneDrive/Documentos/Pessoal/ITA/SAT/Competições/SATRace2019-2/Benchmark/mod4block_2vars_10gates_u2_autoenc-sc2009.cnf	479	123439	6407353	6293999	21774392	191573966	427558	415037	12521	       25.69	       -0.12	20734	2783109	SAT	     1532.52
62	cadical_v21	5	320	C:/Users/cball/OneDrive/Documentos/Pessoal/ITA/SAT/Competições/SATRace2019-2/Benchmark/mrpp_6x6#12_24-sc2013.cnf	12197	78363	244161	235381	3091263	21848543	12276	11924	352	       12.82	       -0.21	841	405539	SAT	       13.05
63	cadical_v21	5	320	C:/Users/cball/OneDrive/Documentos/Pessoal/ITA/SAT/Competições/SATRace2019-2/Benchmark/mrpp_8x8#20_24-sc2014.cnf	22022	172772	2117888	2036609	28638593	270074568	137921	135917	2004	       16.39	       -0.25	4304	5851020	SAT	      211.25
64	cadical_v21	5	320	C:/Users/cball/OneDrive/Documentos/Pessoal/ITA/SAT/Competições/SATRace2019-2/Benchmark/mulhs016-sc2009.cnf	4656	13868	11271964	11118214	20888559	2271047702	484289	456239	28050	       39.60	       -0.05	45518	4341962	IND	     4998.81
65	cadical_v21	5	320	C:/Users/cball/OneDrive/Documentos/Pessoal/ITA/SAT/Competições/SATRace2019-2/Benchmark/ndhf_xits_16_UNKNOWN-sc2009.cnf	3366	362797	31399789	30873923	43633379	2742658346	1106840	1047234	59606	       70.86	       -0.04	92152	18921926	IND	     4998.31
66	cadical_v21	5	320	C:/Users/cball/OneDrive/Documentos/Pessoal/ITA/SAT/Competições/SATRace2019-2/Benchmark/ndhf_xits_19_UNKNOWN-sc2011.cnf	4020	466486	597298	587565	825259	87438386	20218	18763	1455	       95.44	       -0.04	2219	316745	SAT	       93.14
67	cadical_v21	5	320	C:/Users/cball/OneDrive/Documentos/Pessoal/ITA/SAT/Competições/SATRace2019-2/Benchmark/newton.2.3.i.smt2-cvc4-sc2016.cnf	302737	1309727	1457190	1432017	2274256	17916469695	77533	74269	3264	       55.60	       -0.04	5317	679136	IND	     4999.16
68	cadical_v21	5	320	C:/Users/cball/OneDrive/Documentos/Pessoal/ITA/SAT/Competições/SATRace2019-2/Benchmark/par32-1-c.shuffled-as.sat03-1531-sc2002.cnf	1315	5254	23521834	23336594	36588753	1827806703	1058470	1006594	51876	       22.88	       -0.05	84734	9754579	IND	     4999.08
69	cadical_v21	5	320	C:/Users/cball/OneDrive/Documentos/Pessoal/ITA/SAT/Competições/SATRace2019-2/Benchmark/partial-10-11-s-sc2007.cnf	189456	835275	526991	477939	5383628	957309348	20832	19835	997	      347.23	       -0.11	1550	479549	SAT	      350.27
70	cadical_v21	5	320	C:/Users/cball/OneDrive/Documentos/Pessoal/ITA/SAT/Competições/SATRace2019-2/Benchmark/partial-10-11-u-sc2007.cnf	188962	825894	7635209	7254959	57972901	8025237714	310973	296510	14463	      262.53	       -0.09	22562	5219396	IND	     4999.13
71	cadical_v21	5	320	C:/Users/cball/OneDrive/Documentos/Pessoal/ITA/SAT/Competições/SATRace2019-2/Benchmark/partial-5-11-u-sc2007.cnf	164158	717440	12032269	11612500	62638736	6981246069	390921	357242	33679	      141.41	       -0.07	53254	4936472	IND	     4994.36
72	cadical_v21	5	320	C:/Users/cball/OneDrive/Documentos/Pessoal/ITA/SAT/Competições/SATRace2019-2/Benchmark/partial-5-17-s-sc2007.cnf	252328	1169843	3276470	3118199	28097363	5357629690	107728	98365	9363	      247.79	       -0.09	15076	1977082	SAT	     2247.53
73	cadical_v21	5	320	C:/Users/cball/OneDrive/Documentos/Pessoal/ITA/SAT/Competições/SATRace2019-2/Benchmark/partial-5-19-u-sc2007.cnf	262368	1226585	6159033	5865444	79890628	9614053492	271680	257889	13791	      283.68	       -0.11	21936	4576901	IND	     4999.14
74	cadical_v21	5	320	C:/Users/cball/OneDrive/Documentos/Pessoal/ITA/SAT/Competições/SATRace2019-2/Benchmark/pb_300_10_lb_08-sc2014.cnf	139915	590682	393351	371545	1691809	268884026	18438	17770	668	       37.76	       -0.16	1183	318770	UNSAT	      110.69
75	cadical_v21	5	320	C:/Users/cball/OneDrive/Documentos/Pessoal/ITA/SAT/Competições/SATRace2019-2/Benchmark/ps_5000_21250_3_0_0.7_0_1.45_4-sc2017.cnf	5000	21250	19939952	19460220	47093739	3742907479	680963	630260	50703	       33.64	       -0.06	83546	7768342	IND	     4999.27
76	cadical_v21	5	320	C:/Users/cball/OneDrive/Documentos/Pessoal/ITA/SAT/Competições/SATRace2019-2/Benchmark/ps_5000_21250_3_0_0.8_0_1.55_2-sc2017.cnf	5000	21250	10627968	10400313	18495048	1789606712	432903	409112	23791	       20.21	       -0.06	39340	4593826	UNSAT	     1760.89
77	cadical_v21	5	320	C:/Users/cball/OneDrive/Documentos/Pessoal/ITA/SAT/Competições/SATRace2019-2/Benchmark/rbcl_xits_11_UNKNOWN-sc2009.cnf	1740	104640	19521764	19235485	41484128	1446705490	764802	711456	53346	       31.24	       -0.07	86121	7101105	IND	     4999.16
78	cadical_v21	5	320	C:/Users/cball/OneDrive/Documentos/Pessoal/ITA/SAT/Competições/SATRace2019-2/Benchmark/rbcl_xits_13_UNKNOWN-sc2009.cnf	2058	133055	20909803	20621935	48053509	1709809844	802770	748742	54028	       37.10	       -0.07	86783	8496461	IND	     4999.27
79	cadical_v21	5	320	C:/Users/cball/OneDrive/Documentos/Pessoal/ITA/SAT/Competições/SATRace2019-2/Benchmark/rbsat-v2100c215164g4-sc2011.cnf	2100	215164	19811385	19314242	34680479	2906268586	469817	417118	52699	       95.79	       -0.05	85429	9242712	IND	     4999.20
80	cadical_v21	5	320	C:/Users/cball/OneDrive/Documentos/Pessoal/ITA/SAT/Competições/SATRace2019-2/Benchmark/rbsat-v2400c266431g5-sc2009.cnf	2400	266431	21208068	20655071	37832881	2909213325	450228	397061	53167	      124.67	       -0.05	85902	11003668	IND	     4999.13
81	cadical_v21	5	320	C:/Users/cball/OneDrive/Documentos/Pessoal/ITA/SAT/Competições/SATRace2019-2/Benchmark/rbsat-v945c61409gyes9-sc2009.cnf	945	61409	2262526	2214446	3201883	219000096	80440	76155	4285	       53.92	       -0.05	6977	1294970	SAT	      379.03
82	cadical_v21	5	320	C:/Users/cball/OneDrive/Documentos/Pessoal/ITA/SAT/Competições/SATRace2019-2/Benchmark/rphp5_100_shuffled-sc2016.cnf	1000	21405	78117401	58132843	794231379	9492856900	585409	251862	333547	       45.94	       -0.05	447873	186062788	IND	     4999.09
83	cadical_v21	5	320	C:/Users/cball/OneDrive/Documentos/Pessoal/ITA/SAT/Competições/SATRace2019-2/Benchmark/rpoc_xits_11_UNKNOWN-sc2009.cnf	1740	114011	20481834	20204655	38366769	1346177894	791845	738117	53728	       29.62	       -0.06	86492	7967360	IND	     4999.08
84	cadical_v21	5	320	C:/Users/cball/OneDrive/Documentos/Pessoal/ITA/SAT/Competições/SATRace2019-2/Benchmark/rpoc_xits_12_UNKNOWN-sc2009.cnf	1898	128735	19833268	19568610	37700430	1353035614	693847	639507	54340	       31.46	       -0.06	87100	7630524	IND	     4999.05
85	cadical_v21	5	320	C:/Users/cball/OneDrive/Documentos/Pessoal/ITA/SAT/Competições/SATRace2019-2/Benchmark/rubikcube701-sc2017.cnf	3066	59739	6232477	6155938	9754249	1217905852	275161	262338	12823	       19.98	       -0.06	21030	2799981	UNSAT	     2082.70
86	cadical_v21	5	320	C:/Users/cball/OneDrive/Documentos/Pessoal/ITA/SAT/Competições/SATRace2019-2/Benchmark/rubikcube912-sc2017.cnf	3090	59825	7531702	7460764	15559879	1135067715	418658	405939	12719	       25.56	       -0.08	20929	3642812	IND	     4998.98
87	cadical_v21	5	320	C:/Users/cball/OneDrive/Documentos/Pessoal/ITA/SAT/Competições/SATRace2019-2/Benchmark/safe-30-h29-unsat-sc2007.cnf	130928	437704	30021644	29696895	122005332	3886109947	1708336	1653420	54916	       49.85	       -0.09	87644	15282968	IND	     4999.11
88	cadical_v21	5	320	C:/Users/cball/OneDrive/Documentos/Pessoal/ITA/SAT/Competições/SATRace2019-2/Benchmark/satcoin-genesis-SAT-10-sc2018.cnf	134780	648622	1012	978	30271	1634482	45	45	0	       26.63	       -0.24	1	4694	SAT	        2.10
89	cadical_v21	5	320	C:/Users/cball/OneDrive/Documentos/Pessoal/ITA/SAT/Competições/SATRace2019-2/Benchmark/sgen1-sat-180-100-sc2009.cnf	180	432	4049675	3986033	5727497	99519446	103578	90451	13127	       23.25	       -0.04	21190	1136328	SAT	      424.38
90	cadical_v21	5	320	C:/Users/cball/OneDrive/Documentos/Pessoal/ITA/SAT/Competições/SATRace2019-2/Benchmark/sgen1-unsat-109-100-sc2009.cnf	