ID	version	restart base fast	restart base slow	file	vars	clauses	conflicts	learned	decisions	propagations	restarts	restarts unstable	restarts stable	learned avg. size	learnt stack avg	learnt stack stable counter	learnt stack unstable counter	answer	cpu time
1	cadical_v21	5	1280	C:/Users/cball/OneDrive/Documentos/Pessoal/ITA/SAT/Competições/SATRace2019/Benchmark/001-80-12-sc2014.cnf	13408	309430	3318401	3235512	48079462	849014213	112220	109876	2344	       97.38	       -0.17	3858	10432733	SAT	      859.09
2	cadical_v21	5	1280	C:/Users/cball/OneDrive/Documentos/Pessoal/ITA/SAT/Competições/SATRace2019/Benchmark/002-80-8-sc2014.cnf	13408	309437	3190643	3108398	60294517	776225711	133217	131070	2147	       89.89	       -0.20	3562	10071207	SAT	      692.19
3	cadical_v21	5	1280	C:/Users/cball/OneDrive/Documentos/Pessoal/ITA/SAT/Competições/SATRace2019/Benchmark/002-sc2013.cnf	4128	72562	12388330	12071784	133799444	1610240187	427218	417634	9584	       96.76	       -0.15	14940	18204354	SAT	     2978.58
4	cadical_v21	5	1280	C:/Users/cball/OneDrive/Documentos/Pessoal/ITA/SAT/Competições/SATRace2019/Benchmark/003-sc2013.cnf	4288	76700	9305548	9017976	147752126	1330278249	421114	415979	5135	       79.09	       -0.21	8111	22160022	SAT	     2292.25
5	cadical_v21	5	1280	C:/Users/cball/OneDrive/Documentos/Pessoal/ITA/SAT/Competições/SATRace2019/Benchmark/004-22-160-sc2014.cnf	4128	72564	2783334	2706332	40748059	384606680	143670	141894	1776	       77.91	       -0.19	2876	4563026	SAT	      444.17
6	cadical_v21	5	1280	C:/Users/cball/OneDrive/Documentos/Pessoal/ITA/SAT/Competições/SATRace2019/Benchmark/004-80-8-sc2014.cnf	13408	309439	3153673	3076740	53316302	663212559	126925	124762	2163	       77.24	       -0.18	3549	10115261	SAT	      598.70
7	cadical_v21	5	1280	C:/Users/cball/OneDrive/Documentos/Pessoal/ITA/SAT/Competições/SATRace2019/Benchmark/004-sc2013.cnf	4128	72571	9184760	8899981	141600971	1316025966	429240	424127	5113	       78.55	       -0.20	7994	20270145	SAT	     2390.67
8	cadical_v21	5	1280	C:/Users/cball/OneDrive/Documentos/Pessoal/ITA/SAT/Competições/SATRace2019/Benchmark/006-23-96-sc2014.cnf	4288	76698	18891030	18406338	218322424	2531085829	597821	583190	14631	      101.94	       -0.15	23077	32301226	IND	     4999.48
9	cadical_v21	5	1280	C:/Users/cball/OneDrive/Documentos/Pessoal/ITA/SAT/Competições/SATRace2019/Benchmark/007-sc2013.cnf	4128	72567	18399893	17944984	190964065	2420572124	573440	558304	15136	      103.50	       -0.14	23580	26124555	IND	     4999.66
10	cadical_v21	5	1280	C:/Users/cball/OneDrive/Documentos/Pessoal/ITA/SAT/Competições/SATRace2019/Benchmark/008-80-8-sc2014.cnf	13408	309438	2108288	2046157	57784651	302586628	133193	132429	764	       33.69	       -0.28	1343	9898798	SAT	      247.38
11	cadical_v21	5	1280	C:/Users/cball/OneDrive/Documentos/Pessoal/ITA/SAT/Competições/SATRace2019/Benchmark/11pipe_11_ooo-sc2011.cnf	88289	4187682	4450491	4281160	36390549	7276976055	111312	107775	3537	      165.18	       -0.09	5649	10003894	UNSAT	     1989.47
12	cadical_v21	5	1280	C:/Users/cball/OneDrive/Documentos/Pessoal/ITA/SAT/Competições/SATRace2019/Benchmark/20180322_164224543_p_cnf_320_1120-sc2018.cnf	320	1120	2211135	2156719	4671479	97280246	79311	78283	1028	       24.77	       -0.07	1686	1183966	SAT	      351.14
13	cadical_v21	5	1280	C:/Users/cball/OneDrive/Documentos/Pessoal/ITA/SAT/Competições/SATRace2019/Benchmark/20180326_095804936_p_cnf_320_1120-sc2018.cnf	320	1120	2211131	2156670	4764733	96590280	83292	82181	1111	       24.55	       -0.07	1767	1170082	SAT	      350.86
14	cadical_v21	5	1280	C:/Users/cball/OneDrive/Documentos/Pessoal/ITA/SAT/Competições/SATRace2019/Benchmark/24.4-sc2017.cnf	4448	80690	19100699	18619805	189213476	2403793815	596060	582197	13863	       93.56	       -0.15	22313	27202531	IND	     4999.55
15	cadical_v21	5	1280	C:/Users/cball/OneDrive/Documentos/Pessoal/ITA/SAT/Competições/SATRace2019/Benchmark/26_stack_cas_longest_true-unreach-call.i-cbmc-u2-sc2016.cnf	7807714	35974300	1322	1222	2744543	33737143	70	70	0	       15.74	       -0.27	1	13679	SAT	      138.58
16	cadical_v21	5	1280	C:/Users/cball/OneDrive/Documentos/Pessoal/ITA/SAT/Competições/SATRace2019/Benchmark/289-unsat-21x14-sc2011.cnf	1176	78498	46331023	45146225	199045771	1348797516	943313	915327	27986	       68.31	       -0.08	46939	24852422	IND	     4999.41
17	cadical_v21	5	1280	C:/Users/cball/OneDrive/Documentos/Pessoal/ITA/SAT/Competições/SATRace2019/Benchmark/58bits_13.dimacs-sr2015.cnf	1097	23771	8637068	8569796	16356609	1150627770	505835	501525	4310	       31.91	       -0.07	6768	4279640	IND	     4999.27
18	cadical_v21	5	1280	C:/Users/cball/OneDrive/Documentos/Pessoal/ITA/SAT/Competições/SATRace2019/Benchmark/6-4-6-sc2018.cnf	15320	245163	9389619	9228871	33210662	3398854757	488744	483720	5024	       58.81	       -0.10	8065	5138441	IND	     4999.48
19	cadical_v21	5	1280	C:/Users/cball/OneDrive/Documentos/Pessoal/ITA/SAT/Competições/SATRace2019/Benchmark/62bits_14.dimacs-sr2015.cnf	1164	28980	10289276	10203078	21359184	1159778345	482474	475970	6504	       34.04	       -0.07	10241	4395183	IND	     4999.25
20	cadical_v21	5	1280	C:/Users/cball/OneDrive/Documentos/Pessoal/ITA/SAT/Competições/SATRace2019/Benchmark/6s126-opt-sc2014.cnf	578891	1735495	2546831	2451322	26799202	1253700958	123031	121604	1427	       59.19	       -0.17	2345	5442242	UNSAT	      583.80
21	cadical_v21	5	1280	C:/Users/cball/OneDrive/Documentos/Pessoal/ITA/SAT/Competições/SATRace2019/Benchmark/6s133-sc2014.cnf	48258	140967	2111015	2080918	11045996	384904815	145607	144682	925	       22.19	       -0.12	1504	1959013	UNSAT	      273.26
22	cadical_v21	5	1280	C:/Users/cball/OneDrive/Documentos/Pessoal/ITA/SAT/Competições/SATRace2019/Benchmark/6s139-sc2013.cnf	508510	1464738	1758126	1736232	466731431	4366265740	75627	75141	486	       27.33	       -0.16	1018	292469634	UNSAT	     1403.23
23	cadical_v21	5	1280	C:/Users/cball/OneDrive/Documentos/Pessoal/ITA/SAT/Competições/SATRace2019/Benchmark/6s166-sc2013.cnf	5448	15992	1362736	1343937	2801159	142815943	43879	42996	883	       35.25	       -0.06	1413	621269	UNSAT	      128.41
24	cadical_v21	5	1280	C:/Users/cball/OneDrive/Documentos/Pessoal/ITA/SAT/Competições/SATRace2019/Benchmark/6s169-opt-sc2014.cnf	6061	17574	363037	358469	935083	32591236	17849	17622	227	       21.46	       -0.09	360	180909	UNSAT	       19.97
25	cadical_v21	5	1280	C:/Users/cball/OneDrive/Documentos/Pessoal/ITA/SAT/Competições/SATRace2019/Benchmark/6s20-sc2013.cnf	58614	175092	2866420	2804307	7738011	1632318677	120730	118905	1825	       34.34	       -0.10	2988	1501087	UNSAT	      659.61
26	cadical_v21	5	1280	C:/Users/cball/OneDrive/Documentos/Pessoal/ITA/SAT/Competições/SATRace2019/Benchmark/9_50-sc2017.cnf	1458	30499	4407600	4333829	8352612	240646493	132123	128733	3390	       43.48	       -0.06	5503	1457180	SAT	      644.09
27	cadical_v21	5	1280	C:/Users/cball/OneDrive/Documentos/Pessoal/ITA/SAT/Competições/SATRace2019/Benchmark/9dlx_vliw_at_b_iq8-sc2007.cnf	371419	7170905	1106137	1073509	26533207	2494916296	37110	36227	883	       89.88	       -0.09	1412	4050902	UNSAT	     1037.77
28	cadical_v21	5	1280	C:/Users/cball/OneDrive/Documentos/Pessoal/ITA/SAT/Competições/SATRace2019/Benchmark/9pipe_k-sc2012.cnf	49112	2317836	330444	320592	2335734	361184148	7806	7576	230	      205.44	       -0.08	363	760300	UNSAT	      185.84
29	cadical_v21	5	1280	C:/Users/cball/OneDrive/Documentos/Pessoal/ITA/SAT/Competições/SATRace2019/Benchmark/ACG-20-10p1-sc2009.cnf	381708	1619095	601497	499488	4718357	4939501444	19990	19666	324	      219.79	       -0.11	527	666985	SAT	     1185.92
30	cadical_v21	5	1280	C:/Users/cball/OneDrive/Documentos/Pessoal/ITA/SAT/Competições/SATRace2019/Benchmark/AProVE07-26-sc2007.cnf	21734	78990	19973544	19693861	71133071	3569408417	765956	751641	14315	       57.35	       -0.09	22762	10101847	IND	     4997.08
31	cadical_v21	5	1280	C:/Users/cball/OneDrive/Documentos/Pessoal/ITA/SAT/Competições/SATRace2019/Benchmark/ASG_72_keystream76_1.cnf	3426	15230	1823008	1822943	1828447	764172281	61415	60515	900	       19.25	       -0.00	1430	980636	SAT	      286.70
32	cadical_v21	5	1280	C:/Users/cball/OneDrive/Documentos/Pessoal/ITA/SAT/Competições/SATRace2019/Benchmark/ASG_72_keystream76_2.cnf	3426	15230	6311280	6311117	6322538	2169280637	198559	194985	3574	       18.69	       -0.00	5690	3061574	SAT	      941.72
33	cadical_v21	5	1280	C:/Users/cball/OneDrive/Documentos/Pessoal/ITA/SAT/Competições/SATRace2019/Benchmark/ASG_96_len112_known_last12_2.cnf	6658	31911	1356829	1356387	1367151	1159050986	58291	57316	975	       20.08	       -0.00	1505	519985	SAT	      414.05
34	cadical_v21	5	1280	C:/Users/cball/OneDrive/Documentos/Pessoal/ITA/SAT/Competições/SATRace2019/Benchmark/ASG_96_len112_known_last12_2_u.cnf	6658	31911	1356829	1356387	1367151	1159050986	58291	57316	975	       20.08	       -0.00	1505	519985	SAT	      411.95
35	cadical_v21	5	1280	C:/Users/cball/OneDrive/Documentos/Pessoal/ITA/SAT/Competições/SATRace2019/Benchmark/ASG_96_len112_known_last13_2.cnf	6658	31909	410072	409742	420768	501245705	26334	26068	266	       22.13	       -0.00	399	165170	SAT	      131.84
36	cadical_v21	5	1280	C:/Users/cball/OneDrive/Documentos/Pessoal/ITA/SAT/Competições/SATRace2019/Benchmark/ASG_96_len112_known_last13_2_u.cnf	6658	31909	1910223	1909539	1922321	1689288772	70605	69751	854	       17.54	       -0.00	1385	1033960	UNSAT	      628.92
37	cadical_v21	5	1280	C:/Users/cball/OneDrive/Documentos/Pessoal/ITA/SAT/Competições/SATRace2019/Benchmark/Bibd-sc-10-03-08_c18.cnf	32852	170331	12592	12077	71808	4839378	776	769	7	       18.10	       -0.20	14	20364	SAT	        2.80
38	cadical_v21	5	1280	C:/Users/cball/OneDrive/Documentos/Pessoal/ITA/SAT/Competições/SATRace2019/Benchmark/CarSequencing-90-01_c18.cnf	66201	915628	151881	147146	2084606	54550629	6928	6856	72	       15.49	       -0.22	126	671941	SAT	       49.73
39	cadical_v21	5	1280	C:/Users/cball/OneDrive/Documentos/Pessoal/ITA/SAT/Competições/SATRace2019/Benchmark/CarSequencing-90-02_c18.cnf	48941	552747	130244	125392	3407000	92201941	10752	10713	39	       13.67	       -0.30	76	584671	SAT	       34.81
40	cadical_v21	5	1280	C:/Users/cball/OneDrive/Documentos/Pessoal/ITA/SAT/Competições/SATRace2019/Benchmark/EDP3-70000-sc2014.cnf	708290	5425469	5051676	4830761	66070218	7360808907	154752	151567	3185	      244.15	       -0.18	5299	10949146	IND	     4999.45
41	cadical_v21	5	1280	C:/Users/cball/OneDrive/Documentos/Pessoal/ITA/SAT/Competições/SATRace2019/Benchmark/Eternity-10-05_c18.cnf	3298	142629	260072	251862	659016	33348524	9697	9496	201	       67.94	       -0.09	334	105348	SAT	       30.22
42	cadical_v21	5	1280	C:/Users/cball/OneDrive/Documentos/Pessoal/ITA/SAT/Competições/SATRace2019/Benchmark/Eternity-10-06_c18.cnf	4660	243504	8552032	8333379	18119092	1744962910	281778	277919	3859	      148.04	       -0.06	6250	5531649	SAT	     4846.78
43	cadical_v21	5	1280	C:/Users/cball/OneDrive/Documentos/Pessoal/ITA/SAT/Competições/SATRace2019/Benchmark/GracefulGraph-K04-P04_c18.cnf	2692	79064	2027016	1981359	5735775	250612997	87522	86700	822	       61.63	       -0.11	1351	1631271	SAT	      340.03
44	cadical_v21	5	1280	C:/Users/cball/OneDrive/Documentos/Pessoal/ITA/SAT/Competições/SATRace2019/Benchmark/GracefulGraph-K05-P02_c18.cnf	1385	27650	530156	519397	1219508	65903762	25520	25290	230	       41.17	       -0.10	378	344824	SAT	       64.23
45	cadical_v21	5	1280	C:/Users/cball/OneDrive/Documentos/Pessoal/ITA/SAT/Competições/SATRace2019/Benchmark/Grain_no_init_ver1_out200_known_last104_0.cnf	2425	23118	11051886	11033150	12690547	1009590141	420025	412536	7489	       20.88	       -0.02	11816	4378998	SAT	     1427.94
46	cadical_v21	5	1280	C:/Users/cball/OneDrive/Documentos/Pessoal/ITA/SAT/Competições/SATRace2019/Benchmark/Grain_no_init_ver1_out200_known_last104_0_u.cnf	2425	23064	15612740	15597454	16434503	1610604981	386160	372637	13523	       18.77	       -0.01	21380	4473694	UNSAT	     2360.42
47	cadical_v21	5	1280	C:/Users/cball/OneDrive/Documentos/Pessoal/ITA/SAT/Competições/SATRace2019/Benchmark/Grain_no_init_ver1_out200_known_last105_0.cnf	2425	23032	4366461	4359717	4792706	410448755	96597	92922	3675	       20.14	       -0.01	5789	1397081	SAT	      458.78
48	cadical_v21	5	1280	C:/Users/cball/OneDrive/Documentos/Pessoal/ITA/SAT/Competições/SATRace2019/Benchmark/Grain_no_init_ver1_out200_known_last105_0_u.cnf	2425	23034	5208654	5199113	5712302	482132597	172120	168466	3654	       18.18	       -0.01	5767	2037155	UNSAT	      576.61
49	cadical_v21	5	1280	C:/Users/cball/OneDrive/Documentos/Pessoal/ITA/SAT/Competições/SATRace2019/Benchmark/Haystacks-ext-12_c18.cnf	1728	19526	4704967	4684115	5183843	54902572	131115	126764	4351	       43.41	       -0.02	6459	1663028	UNSAT	      329.00
50	cadical_v21	5	1280	C:/Users/cball/OneDrive/Documentos/Pessoal/ITA/SAT/Competições/SATRace2019/Benchmark/Haystacks-ext-13_c18.cnf	2197	26977	40882326	40662880	44394471	481971745	1370252	1340501	29751	       50.20	       -0.02	44443	18497915	IND	     4999.70
51	cadical_v21	5	1280	C:/Users/cball/OneDrive/Documentos/Pessoal/ITA/SAT/Competições/SATRace2019/Benchmark/IBM_FV_20002_31_1_rule_1_SAT_dat.k95-sc2007.cnf	141985	634173	12886444	12624560	50513328	7409966195	482786	473607	9179	       67.40	       -0.10	14923	7148088	IND	     4999.74
52	cadical_v21	5	1280	C:/Users/cball/OneDrive/Documentos/Pessoal/ITA/SAT/Competições/SATRace2019/Benchmark/IBM_FV_2004_rule_batch_2_31_2_SAT_dat.k45.debugged-sc2012.cnf	59794	243931	11742048	11551282	33421072	3356059918	492301	484487	7814	       58.44	       -0.09	12674	4885170	IND	     4999.28
53	cadical_v21	5	1280	C:/Users/cball/OneDrive/Documentos/Pessoal/ITA/SAT/Competições/SATRace2019/Benchmark/LABS_n066_goal005-sc2013.cnf	152376	308482	4704186	4649238	14663868	15615166629	172653	169118	3535	       47.03	       -0.06	5649	1765604	IND	     4999.47
54	cadical_v21	5	1280	C:/Users/cball/OneDrive/Documentos/Pessoal/ITA/SAT/Competições/SATRace2019/Benchmark/LABS_n071_goal001-sc2013.cnf	189982	384580	2001791	1961977	4153290	7523334826	89092	88259	833	       30.41	       -0.08	1363	1319268	UNSAT	     2434.92
55	cadical_v21	5	1280	C:/Users/cball/OneDrive/Documentos/Pessoal/ITA/SAT/Competições/SATRace2019/Benchmark/LABS_n087_goal008-sc2013.cnf	335424	950345	51402	50630	217554	537495485	1810	1775	35	       58.64	       -0.07	60	24056	SAT	      156.05
56	cadical_v21	5	1280	C:/Users/cball/OneDrive/Documentos/Pessoal/ITA/SAT/Competições/SATRace2019/Benchmark/LABS_n089_goal008-sc2013.cnf	351053	1039313	44349	43678	274189	553853518	2600	2567	33	       56.91	       -0.11	53	21628	SAT	      159.50
57	cadical_v21	5	1280	C:/Users/cball/OneDrive/Documentos/Pessoal/ITA/SAT/Competições/SATRace2019/Benchmark/MASG0_72_keystream76_0.cnf	3426	20454	17754383	17754370	17760276	11759333606	345394	331609	13785	       14.41	       -0.00	22244	5869025	SAT	     3084.94
58	cadical_v21	5	1280	C:/Users/cball/OneDrive/Documentos/Pessoal/ITA/SAT/Competições/SATRace2019/Benchmark/MASG_72_keystream76_0.cnf	3426	20302	19954016	19953395	19971750	16480481715	431149	416903	14246	       16.95	       -0.00	22703	7830644	IND	     4999.58
59	cadical_v21	5	1280	C:/Users/cball/OneDrive/Documentos/Pessoal/ITA/SAT/Competições/SATRace2019/Benchmark/MD5-29-4-sc2014.cnf	8590	65144	16520447	16105083	170968313	2947648726	394141	380700	13441	      137.13	       -0.14	21891	23082461	IND	     4999.73
60	cadical_v21	5	1280	C:/Users/cball/OneDrive/Documentos/Pessoal/ITA/SAT/Competições/SATRace2019/Benchmark/MD5-29-5-sc2014.cnf	8591	65154	16630802	16209413	174452900	2961624559	402616	389196	13420	      135.02	       -0.14	21870	23400508	IND	     4999.66
61	cadical_v21	5	1280	C:/Users/cball/OneDrive/Documentos/Pessoal/ITA/SAT/Competições/SATRace2019/Benchmark/MM-22.cnf	24975	111780	27583689	26958314	358182772	6953638166	1635013	1622530	12483	       70.94	       -0.15	20941	26593777	IND	     4999.72
62	cadical_v21	5	1280	C:/Users/cball/OneDrive/Documentos/Pessoal/ITA/SAT/Competições/SATRace2019/Benchmark/MM-23-2-2-2-2-3.cnf	26541	117126	25142354	24715968	229378855	4867695763	1116954	1103144	13810	       67.71	       -0.13	22262	24072424	IND	     4999.55
63	cadical_v21	5	1280	C:/Users/cball/OneDrive/Documentos/Pessoal/ITA/SAT/Competições/SATRace2019/Benchmark/MM-23-2-2-2-2-A.cnf	26541	117126	26788798	26309046	260900791	5409246791	1256143	1242567	13576	       66.35	       -0.13	22029	28250272	IND	     4999.11
64	cadical_v21	5	1280	C:/Users/cball/OneDrive/Documentos/Pessoal/ITA/SAT/Competições/SATRace2019/Benchmark/MM-23-2-2-2-2-B.cnf	26541	117126	24309454	23893740	222288109	4773205483	1066246	1052451	13795	       69.87	       -0.13	22246	23413106	IND	     4997.75
65	cadical_v21	5	1280	C:/Users/cball/OneDrive/Documentos/Pessoal/ITA/SAT/Competições/SATRace2019/Benchmark/MM-23-2-2-2-2-C.cnf	26541	117126	24447558	24027404	214359864	4781682313	1004060	990346	13714	       70.80	       -0.12	22165	23873824	IND	     4997.64
66	cadical_v21	5	1280	C:/Users/cball/OneDrive/Documentos/Pessoal/ITA/SAT/Competições/SATRace2019/Benchmark/MM-23-2-2-2-2-D.cnf	26541	117126	24910677	24482105	219569203	4858181309	1028849	1015358	13491	       69.81	       -0.12	21944	24827326	IND	     4994.55
67	cadical_v21	5	1280	C:/Users/cball/OneDrive/Documentos/Pessoal/ITA/SAT/Competições/SATRace2019/Benchmark/MM-23-2-2-2-2-M.cnf	26541	117126	24320076	23900163	218937829	4790443629	1034561	1020969	13592	       70.33	       -0.13	22046	23179236	IND	     4998.92
68	cadical_v21	5	1280	C:/Users/cball/OneDrive/Documentos/Pessoal/ITA/SAT/Competições/SATRace2019/Benchmark/MM-23-2-2-2-3-4.cnf	26541	117126	22623614	22258047	190912057	4338678139	940954	927182	13772	       72.57	       -0.12	22224	18990292	IND	     4996.69
69	cadical_v21	5	1280	C:/Users/cball/OneDrive/Documentos/Pessoal/ITA/SAT/Competições/SATRace2019/Benchmark/MM-23-2-2-2-4-A.cnf	26541	117126	22571763	22207164	187334622	4193374846	894920	881267	13653	       70.76	       -0.12	22106	19566427	IND	     4994.36
70	cadical_v21	5	1280	C:/Users/cball/OneDrive/Documentos/Pessoal/ITA/SAT/Competições/SATRace2019/Benchmark/MM-23-2-2-2-4-B.cnf	26541	117126	22918841	22541020	195188534	4374799278	936485	922974	13511	       71.60	       -0.12	21964	20178764	IND	     4997.36
71	cadical_v21	5	1280	C:/Users/cball/OneDrive/Documentos/Pessoal/ITA/SAT/Competições/SATRace2019/Benchmark/MM-23-2-2-3-A.cnf	26541	117126	23410448	23009727	197060776	4504674255	914935	901350	13585	       72.19	       -0.12	22037	21781853	IND	     4998.80
72	cadical_v21	5	1280	C:/Users/cball/OneDrive/Documentos/Pessoal/ITA/SAT/Competições/SATRace2019/Benchmark/MM-23-2-2-3-B.cnf	26541	117126	21440771	21083092	175935075	3989362139	834209	820416	13793	       75.75	       -0.11	22245	17663993	IND	     4999.78
73	cadical_v21	5	1280	C:/Users/cball/OneDrive/Documentos/Pessoal/ITA/SAT/Competições/SATRace2019/Benchmark/MM-23-2-4-A.cnf	26541	117126	23509794	23105604	211705042	4611545728	1017734	1004043	13691	       72.19	       -0.12	22142	21418950	IND	     4999.39
74	cadical_v21	5	1280	C:/Users/cball/OneDrive/Documentos/Pessoal/ITA/SAT/Competições/SATRace2019/Benchmark/MM-23-2-4-B.cnf	26541	117126	24883620	24444715	236548224	5024259559	1137769	1124169	13600	       70.03	       -0.13	22052	23788308	IND	     4999.72
75	cadical_v21	5	1280	C:/Users/cball/OneDrive/Documentos/Pessoal/ITA/SAT/Competições/SATRace2019/Benchmark/MM-23-3-3-A.cnf	26541	117126	25519458	25069527	245280126	5130890690	1185717	1172301	13416	       68.46	       -0.13	21870	25184566	IND	     4999.56
76	cadical_v21	5	1280	C:/Users/cball/OneDrive/Documentos/Pessoal/ITA/SAT/Competições/SATRace2019/Benchmark/MM-23-3-3-B.cnf	26541	117126	25990194	25527691	235580382	5096871330	1105648	1092072	13576	       68.68	       -0.13	22029	26927303	IND	     4999.81
77	cadical_v21	5	1280	C:/Users/cball/OneDrive/Documentos/Pessoal/ITA/SAT/Competições/SATRace2019/Benchmark/MM-23-3-3-M.cnf	26541	117126	23831683	23424456	208330660	4577120525	978049	964393	13656	       71.61	       -0.12	22108	22494682	IND	     4999.91
78	cadical_v21	5	1280	C:/Users/cball/OneDrive/Documentos/Pessoal/ITA/SAT/Competições/SATRace2019/Benchmark/MM-23-3-3-N.cnf	26541	117126	25767513	25309573	245654701	5184794084	1176976	1163392	13584	       68.66	       -0.13	22037	25851313	IND	     4999.84
79	cadical_v21	5	1280	C:/Users/cball/OneDrive/Documentos/Pessoal/ITA/SAT/Competições/SATRace2019/Benchmark/MM-23-4-4-4-4-1.cnf	26541	117126	21355331	21027160	160300612	3819217184	788801	774936	13865	       74.26	       -0.11	22317	16347571	IND	     4999.83
80	cadical_v21	5	1280	C:/Users/cball/OneDrive/Documentos/Pessoal/ITA/SAT/Competições/SATRace2019/Benchmark/MM-23-5-A.cnf	26541	117126	21794757	21428076	187353813	4213961233	894434	880870	13564	       75.96	       -0.12	22017	17725793	IND	     4999.38
81	cadical_v21	5	1280	C:/Users/cball/OneDrive/Documentos/Pessoal/ITA/SAT/Competições/SATRace2019/Benchmark/MM-23-5-B.cnf	26541	117126	22406154	22019351	196408132	4477609525	936821	923058	13763	       77.16	       -0.12	22215	18995859	IND	     4997.70
82	cadical_v21	5	1280	C:/Users/cball/OneDrive/Documentos/Pessoal/ITA/SAT/Competições/SATRace2019/Benchmark/MM-23-no-type3.cnf	26541	117153	25820293	25235560	365203245	7376003267	1600379	1587791	12588	       74.24	       -0.15	21045	22405171	IND	     4997.80
83	cadical_v21	5	1280	C:/Users/cball/OneDrive/Documentos/Pessoal/ITA/SAT/Competições/SATRace2019/Benchmark/MUS-v310-4-sc2013.cnf	310	1081	9322131	9157338	14845971	329824609	405125	400524	4601	       18.06	       -0.06	7593	4427647	UNSAT	     2492.98
84	cadical_v21	5	1280	C:/Users/cball/OneDrive/Documentos/Pessoal/ITA/SAT/Competições/SATRace2019/Benchmark/Mario-t-hard-2_c18.cnf	35945	1218255	1042	1019	17325	175580	36	36	0	       14.02	       -0.17	1	6689	SAT	        2.81
85	cadical_v21	5	1280	C:/Users/cball/OneDrive/Documentos/Pessoal/ITA/SAT/Competições/SATRace2019/Benchmark/Mario-t-hard-5_c18.cnf	35320	1182493	1082	1069	23463	226033	47	47	0	       19.18	       -0.15	1	10249	SAT	        2.77
86	cadical_v21	5	1280	C:/Users/cball/OneDrive/Documentos/Pessoal/ITA/SAT/Competições/SATRace2019/Benchmark/Mickey_out250_known_last146_0.cnf	72078	517702	140919	138114	908199	56102484	7523	7452	71	       39.45	       -0.16	116	203020	SAT	       34.75
87	cadical_v21	5	1280	C:/Users/cball/OneDrive/Documentos/Pessoal/ITA/SAT/Competições/SATRace2019/Benchmark/Mickey_out250_known_last146_0_u.cnf	72078	517705	2391761	2351875	14480764	878296776	119198	117817	1381	       29.64	       -0.13	2179	2485781	UNSAT	      655.00
88	cadical_v21	5	1280	C:/Users/cball/OneDrive/Documentos/Pessoal/ITA/SAT/Competições/SATRace2019/Benchmark/Mickey_out250_known_last147_0.cnf	72078	517728	2164648	2126316	14566422	820467238	121918	120817	1101	       29.23	       -0.15	1722	2572103	SAT	      572.62
89	cadical_v21	5	1280	C:/Users/cball/OneDrive/Documentos/Pessoal/ITA/SAT/Competições/SATRace2019/Benchmark/Mickey_out250_known_last147_0_u.cnf	72078	517728	2700644	2659811	15034483	1080323321	122343	120502	1841	       27.44	       -0.12	2876	2536515	UNSAT	      735.64
90	cadical_v21	5	1280	C:/Users/cball/OneDrive/Documentos/Pessoal/ITA/SAT/Competições/SATRace2019/Benchmark/Nb51T6-sc2018.cnf	2365527	10508040	965506	954402	1604856	3684798637	26183	25391	792	       15.93	       -0.06	1277	304569	UNSAT	     3091.56
91	cadical_v21	5	1280	C:/Users/cball/OneDrive/Documentos/Pessoal/ITA/SAT/Competições/SATRace2019/Benchmark/Nb7T44-sc2017.cnf	55333	219128	174984	172133	2625967	69747920	6096	5967	129	       98.43	       -0.11	201	250572	SAT	       33.45
92	cadical_v21	5	1280	C:/Users/cball/OneDrive/Documentos/Pessoal/ITA/SAT/Competições/SATRace2019/Benchmark/Pb-chnl15-16_c18.cnf	480	3632	31915089	31701966	36556370	528506386	1240808	1223875	16933	       68.37	       -0.03	25357	17636237	IND	     4996.70
93	cadical_v21	5	1280	C:/Users/cball/OneDrive/Documentos/Pessoal/ITA/SAT/Competições/SATRace2019/Benchmark/Pb-chnl20-21_c18.cnf	840	8442	28429935	28222015	31855843	656390625	806560	789305	17255	      120.47	       -0.02	25678	15676606	IND	     4998.39
94	cadical_v21	5	1280	C:/Users/cball/OneDrive/Documentos/Pessoal/ITA/SAT/Competições/SATRace2019/Benchmark/QG7a-gensys-icl001.sat05-3822.reshuffled-07-sc2007.cnf	2441	15733	787112	773889	1234908	54676861	24226	23645	581	       26.22	       -0.06	929	318232	UNSAT	       90.14
95	cadical_v21	5	1280	C:/Users/cball/OneDrive/Documentos/Pessoal/ITA/SAT/Competições/SATRace2019/Benchmark/QG7a-gensys-ukn002.sat05-3842.reshuffled-07-sc2007.cnf	2935	18371	2214193	2195282	3252864	151829589	84297	83239	1058	       36.60	       -0.05	1717	1182844	UNSAT	      687.12
96	cadical_v21	5	1280	C:/Users/cball/OneDrive/Documentos/Pessoal/ITA/SAT/Competições/SATRace2019/Benchmark/QuasiGroup-4-10_c18.cnf	3220	59525	9040545	8914011	16141795	2369868891	310041	305391	4650	       56.46	       -0.05	7421	4765544	IND	     4997.89
97	cadical_v21	5	1280	C:/Users/cball/OneDrive/Documentos/Pessoal/ITA/SAT/Competições/SATRace2019/Benchmark/QuasiGroup-4-12_c18.cnf	5244	118126	1263107	1233395	5881628	525183286	77560	76736	824	       81.33	       -0.13	1355	562680	SAT	      450.25
98	cadical_v21	5	1280	C:/Users/cball/OneDrive/Documentos/Pessoal/ITA/SAT/Competições/SATRace2019/Benchmark/SAT_dat.k100-sc2012.cnf	349350	1419267	1202274	1172100	3760816	737634392	58167	57366	801	       33.07	       -0.14	1331	703213	UNSAT	      374.09
99	cadical_v21	5	1280	C:/Users/cball/OneDrive/Documentos/Pessoal/ITA/SAT/Competições/SATRace2019/Benchmark/SAT_dat.k85-sc2013.cnf	1376707	5351985	1471690	1430483	6020194	4945708301	92892	92079	813	       44.67	       -0.15	1343	1133912	UNSAT	     1687.52
100	cadical_v21	5	1280	C:/Users/cball/OneDrive/Documentos/Pessoal/ITA/SAT/Competições/SATRace2019/Benchmark/SGI_30_60_24_40_2-dir.shuffled-as.sat03-118-sc2002.cnf	720	58758	4698423	4615158	6150087	251752859	139701	135800	3901	      110.62	       -0.03	6009	1828199	UNSAT	     1883.37
101	cadical_v21	5	1280	C:/Users/cball/OneDrive/Documentos/Pessoal/ITA/SAT/Competições/SATRace2019/Benchmark/SGI_30_60_28_40_2-dir.shuffled-as.sat03-124-sc2002.cnf	840	71206	10605196	10398113	13813107	643580717	340008	332742	7266	      127.05	       -0.03	11239	5267151	IND	     4997.20
102	cadical_v21	5	1280	C:/Users/cball/OneDrive/Documentos/Pessoal/ITA/SAT/Competições/SATRace2019/Benchmark/Schur_160_5_d38-sc2016.cnf	752	27325	19239251	18749572	33566820	982491287	547384	533446	13938	       44.10	       -0.07	22383	7624261	SAT	     3115.97
103	cadical_v21	5	1280	C:/Users/cball/OneDrive/Documentos/Pessoal/ITA/SAT/Competições/SATRace2019/Benchmark/Schur_161_5_d22-sc2016.cnf	773	29353	25968693	25383011	49856451	1374361238	945867	932238	13629	       41.84	       -0.07	22077	13114952	IND	     4999.53
104	cadical_v21	5	1280	C:/Users/cball/OneDrive/Documentos/Pessoal/ITA/SAT/Competições/SATRace2019/Benchmark/SocialGolfers-6-6-6-cp_c18.cnf	9188	81017	10478965	10341121	24868994	1899170096	389758	383659	6099	       31.23	       -0.07	9985	5087951	IND	     4999.72
105	cadical_v21	5	1280	C:/Users/cball/OneDrive/Documentos/Pessoal/ITA/SAT/Competições/SATRace2019/Benchmark/SocialGolfers-6-6-7-cp_c18.cnf	11244	99730	17859871	17677023	30696287	837895862	540776	527337	13439	       28.85	       -0.06	21888	6345671	IND	     4999.91
106	cadical_v21	5	1280	C:/Users/cball/OneDrive/Documentos/Pessoal/ITA/SAT/Competições/SATRace2019/Benchmark/Subisomorphism-g10-g23_c18.cnf	2309	88734	13537362	13293080	18291737	1067457217	332351	320536	11815	      135.84	       -0.03	18042	5459769	UNSAT	     3841.88
107	cadical_v21	5	1280	C:/Users/cball/OneDrive/Documentos/Pessoal/ITA/SAT/Competições/SATRace2019/Benchmark/Subisomorphism-g10-g27_c18.cnf	3191	73950	516269	496558	1063411	79204752	16412	16150	262	      119.61	       -0.06	400	446281	SAT	       71.58
108	cadical_v21	5	1280	C:/Users/cball/OneDrive/Documentos/Pessoal/ITA/SAT/Competições/SATRace2019/Benchmark/T103.2.1-sc2017.cnf	2943830	10335595	621814	594754	7358629	3796460343	27036	26758	278	       32.36	       -0.16	498	1242577	UNSAT	     1732.59
109	cadical_v21	5	1280	C:/Users/cball/OneDrive/Documentos/Pessoal/ITA/SAT/Competições/SATRace2019/Benchmark/T169.1.0-sc2017.cnf	1579557	5889425	155887	151990	40349283	464737389	7812	7754	58	       13.61	       -0.19	115	16599608	SAT	      397.76
110	cadical_v21	5	1280	C:/Users/cball/OneDrive/Documentos/Pessoal/ITA/SAT/Competições/SATRace2019/Benchmark/Tal-07_c18.cnf	76668	639201	55204	21401	427212	93013536	405	372	33	     1402.69	       -0.08	53	69100	SAT	       29.56
111	cadical_v21	5	1280	C:/Users/cball/OneDrive/Documentos/Pessoal/ITA/SAT/Competições/SATRace2019/Benchmark/Tal-08_c18.cnf	97675	809532	223154	99884	1826008	311837498	1505	1294	211	     1359.54	       -0.06	306	227103	SAT	      126.23
112	cadical_v21	5	1280	C:/Users/cball/OneDrive/Documentos/Pessoal/ITA/SAT/Competições/SATRace2019/Benchmark/TimetableCNFEncoding_5_UNKNOWN-sc2018.cnf	302576	1702428	19110494	18612556	1007638255	11787143319	358355	344626	13729	      117.81	       -0.08	22167	131936761	IND	     4999.91
113	cadical_v21	5	1280	C:/Users/cball/OneDrive/Documentos/Pessoal/ITA/SAT/Competições/SATRace2019/Benchmark/Trivium_no_init_out350_known_last142_1.cnf	2187	21358	14535400	14493143	17563107	903446998	454014	441862	12152	       23.05	       -0.02	19172	4294299	SAT	     3183.65
114	cadical_v21	5	1280	C:/Users/cball/OneDrive/Documentos/Pessoal/ITA/SAT/Competições/SATRace2019/Benchmark/Trivium_no_init_out350_known_last142_1_u.cnf	2187	21364	14037852	13995803	16774757	896818052	450482	439125	11357	       23.05	       -0.02	17993	4300757	UNSAT	     2945.97
115	cadical_v21	5	1280	C:/Users/cball/OneDrive/Documentos/Pessoal/ITA/SAT/Competições/SATRace2019/Benchmark/Trivium_no_init_out350_known_last143_1.cnf	2187	21286	6776438	6753046	8900367	425581518	336015	332271	3744	       23.05	       -0.03	5857	3170614	SAT	     1240.97
116	cadical_v21	5	1280	C:/Users/cball/OneDrive/Documentos/Pessoal/ITA/SAT/Competições/SATRace2019/Benchmark/Trivium_no_init_out350_known_last143_1_u.cnf	2187	21286	8750690	8723116	11067515	557126544	448734	444345	4389	       22.32	       -0.03	6935	4285342	UNSAT	     1679.84
117	cadical_v21	5	1280	C:/Users/cball/OneDrive/Documentos/Pessoal/ITA/SAT/Competições/SATRace2019/Benchmark/UCG-20-10p1-sc2009.cnf	259258	1374203	659477	537307	5276166	2631172540	19625	19179	446	      269.35	       -0.09	693	608341	SAT	      738.03
118	cadical_v21	5	1280	C:/Users/cball/OneDrive/Documentos/Pessoal/ITA/SAT/Competições/SATRace2019/Benchmark/UR-20-5p1-sc2009.cnf	224962	1192377	643151	546446	5385061	1636516775	26443	26049	394	      213.38	       -0.13	629	549573	SAT	      527.23
119	cadical_v21	5	1280	C:/Users/cball/OneDrive/Documentos/Pessoal/ITA/SAT/Competições/SATRace2019/Benchmark/UTI-20-10p0-sc2009.cnf	259616	1360766	1461432	1324694	8609736	2192318747	46861	45928	933	      216.59	       -0.09	1461	1197641	UNSAT	      833.75
120	cadical_v21	5	1280	C:/Users/cball/OneDrive/Documentos/Pessoal/ITA/SAT/Competições/SATRace2019/Benchmark/UTI-20-10p1-sc2009.cnf	260342	1377484	1944675	1751494	12152855	3236126595	71489	70574	915	      217.34	       -0.10	1443	1867749	SAT	     1236.76
121	cadical_v21	5	1280	C:/Users/cball/OneDrive/Documentos/Pessoal/ITA/SAT/Competições/SATRace2019/Benchmark/UTI-20-5p0-sc2009.cnf	225296	1180795	1479078	1364777	7676690	1580199019	50027	49151	876	      149.85	       -0.09	1404	1063467	UNSAT	      607.66
122	cadical_v21	5	1280	C:/Users/cball/OneDrive/Documentos/Pessoal/ITA/SAT/Competições/SATRace2019/Benchmark/aaai10-planning-ipc5-TPP-21-step11-sc2011.cnf	99736	783852	539297	511847	1595033	1888673895	18141	17911	230	       98.43	       -0.08	385	400599	UNSAT	      346.05
123	cadical_v21	5	1280	C:/Users/cball/OneDrive/Documentos/Pessoal/ITA/SAT/Competições/SATRace2019/Benchmark/aaai10-planning-ipc5-pathways-17-step21-sc2011.cnf	53919	307816	244611	236141	1081643	289501241	7097	6909	188	      175.27	       -0.07	313	88358	SAT	       76.25
124	cadical_v21	5	1280	C:/Users/cball/OneDrive/Documentos/Pessoal/ITA/SAT/Competições/SATRace2019/Benchmark/ablmulub16x4o-sc2016.cnf	2958	8708	1048646	1046009	1111093	209607768	22992	22006	986	       46.23	       -0.01	1515	307085	UNSAT	      133.58
125	cadical_v21	5	1280	C:/Users/cball/OneDrive/Documentos/Pessoal/ITA/SAT/Competições/SATRace2019/Benchmark/ablmulub2x32o-sc2016.cnf	5241	15431	3702521	3626145	7324183	268462342	104052	101202	2850	       23.90	       -0.06	4662	1399599	UNSAT	      278.64
126	cadical_v21	5	1280	C:/Users/cball/OneDrive/Documentos/Pessoal/ITA/SAT/Competições/SATRace2019/Benchmark/ae_rphp095_04-sc2018.cnf	14665	34976	58667147	51692827	405344534	3252620833	513949	441962	71987	       40.04	       -0.04	100124	41884480	IND	     4997.67
127	cadical_v21	5	1280	C:/Users/cball/OneDrive/Documentos/Pessoal/ITA/SAT/Competições/SATRace2019/Benchmark/aes_24_4_keyfind_2-sc2013.cnf	520	5763	3575216	3563851	4682295	135249919	133384	130528	2856	       25.37	       -0.03	4569	1016355	SAT	      861.75
128	cadical_v21	5	1280	C:/Users/cball/OneDrive/Documentos/Pessoal/ITA/SAT/Competições/SATRace2019/Benchmark/aes_24_4_keyfind_5-sc2014.cnf	520	5761	13887758	13862773	16515682	479235233	483091	472095	10996	       25.58	       -0.02	17518	4197733	IND	     4997.08
129	cadical_v21	5	1280	C:/Users/cball/OneDrive/Documentos/Pessoal/ITA/SAT/Competições/SATRace2019/Benchmark/aes_32_3_keyfind_1-sc2011.cnf	708	2539	18140263	18079747	22728346	896489799	607014	593284	13730	       21.00	       -0.03	22183	5675394	SAT	     4021.83
130	cadical_v21	5	1280	C:/Users/cball/OneDrive/Documentos/Pessoal/ITA/SAT/Competições/SATRace2019/Benchmark/aes_equiv_encry_3_rounds.debugged-sc2012.cnf	501284	2745938	1908999	1900467	13853915	133281060	95203	94033	1170	       16.40	       -0.07	1699	1978935	UNSAT	      315.67
131	cadical_v21	5	1280	C:/Users/cball/OneDrive/Documentos/Pessoal/ITA/SAT/Competições/SATRace2019/Benchmark/ak128astepbg2msaig-sc2016.cnf	422649	1265651	3510147	3393236	17297100	12995225875	106056	103052	3004	      116.59	       -0.12	4662	3925007	IND	     4995.94
132	cadical_v21	5	1280	C:/Users/cball/OneDrive/Documentos/Pessoal/ITA/SAT/Competições/SATRace2019/Benchmark/ak128modasbg2asisc-sc2016.cnf	293123	943087	7552387	7337509	46722154	12570537729	324687	320914	3773	       68.36	       -0.17	5883	12515226	SAT	     4934.78
133	cadical_v21	5	1280	C:/Users/cball/OneDrive/Documentos/Pessoal/ITA/SAT/Competições/SATRace2019/Benchmark/apn-sbox6-cut4-helpbox31-sc2018.cnf	137472	810768	7006220	6959409	10678157	334174118	189320	186257	3063	       22.11	       -0.06	5180	4254710	SAT	     1128.61
134	cadical_v21	5	1280	C:/Users/cball/OneDrive/Documentos/Pessoal/ITA/SAT/Competições/SATRace2019/Benchmark/atco_enc1_opt1_04_32-sc2014.cnf	57220	568572	164598	159539	1375481	179439155	16194	16110	84	       25.11	       -0.22	148	116366	SAT	       78.08
135	cadical_v21	5	1280	C:/Users/cball/OneDrive/Documentos/Pessoal/ITA/SAT/Competições/SATRace2019/Benchmark/atco_enc1_opt2_10_16-sc2014.cnf	9643	145203	2405796	2367363	4648226	419816111	121053	119810	1243	       23.44	       -0.08	2052	1115352	SAT	      328.67
136	cadical_v21	5	1280	C:/Users/cball/OneDrive/Documentos/Pessoal/ITA/SAT/Competições/SATRace2019/Benchmark/atco_enc1_opt2_20_12-sc2014.cnf	171148	6591010	2982726	2951961	4964279	1735322722	111144	109121	2023	       26.34	       -0.06	3276	1101039	UNSAT	     1792.75
137	cadical_v21	5	1280	C:/Users/cball/OneDrive/Documentos/Pessoal/ITA/SAT/Competições/SATRace2019/Benchmark/atco_enc2_opt2_05_9-sc2014.cnf	14912	381544	716351	697683	2730915	265985671	38058	37588	470	       42.89	       -0.13	762	389919	SAT	      180.92
138	cadical_v21	5	1280	C:/Users/cball/OneDrive/Documentos/Pessoal/ITA/SAT/Competições/SATRace2019/Benchmark/atco_enc2_opt2_10_21-sc2014.cnf	9824	153979	732700	719989	1484331	138708837	30373	29911	462	       26.60	       -0.08	768	293657	SAT	       82.50
139	cadical_v21	5	1280	C:/Users/cball/OneDrive/Documentos/Pessoal/ITA/SAT/Competições/SATRace2019/Benchmark/atco_enc3_opt2_10_12-sc2014.cnf	1236271	4906536	237363	231993	457343	3574259918	5062	4884	178	       23.97	       -0.06	298	112024	UNSAT	     1203.20
140	cadical_v21	5	1280	C:/Users/cball/OneDrive/Documentos/Pessoal/ITA/SAT/Competições/SATRace2019/Benchmark/b04_s_2_unknown_pre-sc2013.cnf	123133	796517	960508	926329	2988059	1996279593	25593	24861	732	      100.16	       -0.11	1214	506122	SAT	      776.62
141	cadical_v21	5	1280	C:/Users/cball/OneDrive/Documentos/Pessoal/ITA/SAT/Competições/SATRace2019/Benchmark/b04_s_unknown-sc2013.cnf	290693	1262210	200685	191943	1444077	464725994	8949	8837	112	       45.82	       -0.19	204	236282	SAT	      203.15
142	cadical_v21	5	1280	C:/Users/cball/OneDrive/Documentos/Pessoal/ITA/SAT/Competições/SATRace2019/Benchmark/b1904P1-8x8c6h5SAT.cnf	63268	396114	12443155	12176145	45924114	3426963128	539805	530812	8993	       66.87	       -0.11	14392	6328794	SAT	     3734.12
143	cadical_v21	5	1280	C:/Users/cball/OneDrive/Documentos/Pessoal/ITA/SAT/Competições/SATRace2019/Benchmark/b1904P1-8x8c6h7SAT.cnf	63268	374457	4024325	3932604	11869653	1601754628	142480	138988	3492	       72.16	       -0.09	5550	1492371	SAT	     1051.34
144	cadical_v21	5	1280	C:/Users/cball/OneDrive/Documentos/Pessoal/ITA/SAT/Competições/SATRace2019/Benchmark/b1904P2-8x8c9h5SAT.cnf	68940	327952	14035647	13744397	32679324	4649893814	434738	423402	11336	       70.57	       -0.08	17963	6047590	IND	     4996.83
145	cadical_v21	5	1280	C:/Users/cball/OneDrive/Documentos/Pessoal/ITA/SAT/Competições/SATRace2019/Benchmark/b1904P2-8x8c9h7UNSAT.cnf	68940	310541	8985703	8783655	20691615	5115075946	393358	389002	4356	       56.77	       -0.09	7083	5103190	UNSAT	     4817.53
146	cadical_v21	5	1280	C:/Users/cball/OneDrive/Documentos/Pessoal/ITA/SAT/Competições/SATRace2019/Benchmark/b1904P3-8x8c11h0SAT.cnf	69644	368587	13981121	13677571	32229387	4144824456	400844	389266	11578	       90.77	       -0.08	18161	6359634	IND	     4996.23
147	cadical_v21	5	1280	C:/Users/cball/OneDrive/Documentos/Pessoal/ITA/SAT/Competições/SATRace2019/Benchmark/b1904P3-8x8c11h7SAT.cnf	69644	305432	3675114	3592536	8180718	1667658374	108366	105455	2911	       63.23	       -0.08	4699	1435835	SAT	     1137.36
148	cadical_v21	5	1280	C:/Users/cball/OneDrive/Documentos/Pessoal/ITA/SAT/Competições/SATRace2019/Benchmark/b1904P3-8x8c11h7UNSAT.cnf	69644	306029	2499851	2439197	5949672	1237701631	104192	102793	1399	       59.28	       -0.09	2278	1337130	UNSAT	      780.53
149	cadical_v21	5	1280	C:/Users/cball/OneDrive/Documentos/Pessoal/ITA/SAT/Competições/SATRace2019/Benchmark/b_unsat-sc2013.cnf	113407	1010625	1321883	1303828	2116566	2434682552	50440	49581	859	       57.76	       -0.07	1388	526861	UNSAT	     1166.39
150	cadical_v21	5	1280	C:/Users/cball/OneDrive/Documentos/Pessoal/ITA/SAT/Competições/SATRace2019/Benchmark/blockpuzzle_5x10_s3_free4-sc2017.cnf	2750	286160	8242539	8036114	17926164	359547078	374431	370422	4009	      104.02	       -0.05	6156	6942278	UNSAT	     1388.28
151	cadical_v21	5	1280	C:/Users/cball/OneDrive/Documentos/Pessoal/ITA/SAT/Competições/SATRace2019/Benchmark/blocks-blocks-36-0.120-NOTKNOWN-sc2011.cnf	489685	8702447	1910852	1484780	18559954	11424787914	35780	34895	885	     1200.96	       -0.07	1406	3589658	IND	     4998.97
152	cadical_v21	5	1280	C:/Users/cball/OneDrive/Documentos/Pessoal/ITA/SAT/Competições/SATRace2019/Benchmark/blocks-blocks-37-1.130-NOTKNOWN-sc2011.cnf	559571	10144966	1553104	1164731	15184047	10856307904	20054	19089	965	     1507.82	       -0.06	1480	3231434	UNSAT	     4901.87
153	cadical_v21	5	1280	C:/Users/cball/OneDrive/Documentos/Pessoal/ITA/SAT/Competições/SATRace2019/Benchmark/bob12s06-sc2013.cnf	482548	1368963	4755447	4708302	177750660	3277024157	207887	204272	3615	       27.16	       -0.08	5729	55527509	UNSAT	     1338.27
154	cadical_v21	5	1280	C:/Users/cball/OneDrive/Documentos/Pessoal/ITA/SAT/Competições/SATRace2019/Benchmark/c6288mul.miter.shuffled-as.sat03-346-sc2002.cnf	9540	61421	4924238	4843368	16056765	1045056866	205206	201679	3527	       41.06	       -0.10	5640	2230385	UNSAT	     1042.81
155	cadical_v21	5	1280	C:/Users/cball/OneDrive/Documentos/Pessoal/ITA/SAT/Competições/SATRace2019/Benchmark/cms-scheel-md5-families-r24-c8-p0-3-5-6-14-16-18-19-sc2018.cnf	39547	130954	11600934	11385109	160263406	1411705658	425196	418058	7138	       32.29	       -0.16	11894	25704735	SAT	     1998.59
156	cadical_v21	5	1280	C:/Users/cball/OneDrive/Documentos/Pessoal/ITA/SAT/Competições/SATRace2019/Benchmark/connm-ue-csp-sat-n800-d0.02-s111845174.used-as.sat04-958-sc2011.cnf	772	9601	13632323	13599627	15541998	1490480024	345719	334751	10968	       25.72	       -0.02	17288	4568216	UNSAT	     4769.81
157	cadical_v21	5	1280	C:/Users/cball/OneDrive/Documentos/Pessoal/ITA/SAT/Competições/SATRace2019/Benchmark/countbitsrotate032-sc2009.cnf	8527	25482	13041315	13041282	13048110	12001546374	135946	125517	10429	       22.34	       -0.00	16297	5098630	IND	     4999.59
158	cadical_v21	5	1280	C:/Users/cball/OneDrive/Documentos/Pessoal/ITA/SAT/Competições/SATRace2019/Benchmark/countbitssrl032-sc2009.cnf	18607	55720	373204	366736	848839	161704113	18884	18654	230	       33.44	       -0.09	363	170593	UNSAT	       75.08
159	cadical_v21	5	1280	C:/Users/cball/OneDrive/Documentos/Pessoal/ITA/SAT/Competições/SATRace2019/Benchmark/countbitswegner128-sc2011.cnf	98048	293756	5687833	5578605	15429042	2099817506	239777	236478	3299	       77.61	       -0.10	5415	2987710	UNSAT	     1197.47
160	cadical_v21	5	1280	C:/Users/cball/OneDrive/Documentos/Pessoal/ITA/SAT/Competições/SATRace2019/Benchmark/course0.2_2018_3-sc2018.cnf	1314940	2548425	798000	771538	6433840	2443234442	33393	32904	489	       36.89	       -0.16	846	678421	SAT	      855.86
161	cadical_v21	5	1280	C:/Users/cball/OneDrive/Documentos/Pessoal/ITA/SAT/Competições/SATRace2019/Benchmark/crafted_n11_d6_c3_num24-sc2013.cnf	36208	7010872	252502	244601	574161	195879213	1374	1102	272	      337.83	       -0.04	402	162784	UNSAT	      252.80
162	cadical_v21	5	1280	C:/Users/cball/OneDrive/Documentos/Pessoal/ITA/SAT/Competições/SATRace2019/Benchmark/cruxmiter28seed8.cnf	506	1406	3925975	3906575	5161202	96057444	110244	107099	3145	       19.42	       -0.04	5129	1126555	UNSAT	      331.91
163	cadical_v21	5	1280	C:/Users/cball/OneDrive/Documentos/Pessoal/ITA/SAT/Competições/SATRace2019/Benchmark/cruxmiter29seed4.cnf	511	1418	14169709	14100857	18032129	322280961	432176	421343	10833	       20.50	       -0.03	17574	4562064	UNSAT	     1597.42
164	cadical_v21	5	1280	C:/Users/cball/OneDrive/Documentos/Pessoal/ITA/SAT/Competições/SATRace2019/Benchmark/cruxmiter29seed9.cnf	513	1424	33772945	33594091	38765627	850414266	1505944	1491000	14944	       21.02	       -0.03	24177	18325977	IND	     4998.41
165	cadical_v21	5	1280	C:/Users/cball/OneDrive/Documentos/Pessoal/ITA/SAT/Competições/SATRace2019/Benchmark/cruxmiter32seed4.cnf	621	1733	28850324	28702175	38889779	705206623	1296900	1283414	13486	       24.28	       -0.04	21941	14882910	IND	     4997.55
166	cadical_v21	5	1280	C:/Users/cball/OneDrive/Documentos/Pessoal/ITA/SAT/Competições/SATRace2019/Benchmark/ctl_4291_567_2_unsat-sc2013.cnf	17850	149132	7654469	7548835	10792721	3654696073	341397	337986	3411	       17.49	       -0.07	5524	4133130	UNSAT	     1968.33
167	cadical_v21	5	1280	C:/Users/cball/OneDrive/Documentos/Pessoal/ITA/SAT/Competições/SATRace2019/Benchmark/ctl_4291_567_2_unsat_pre-sc2013.cnf	15232	147245	7833472	7724387	11046613	3652209765	348379	344814	3565	       17.28	       -0.07	5678	4300500	UNSAT	     1962.84
168	cadical_v21	5	1280	C:/Users/cball/OneDrive/Documentos/Pessoal/ITA/SAT/Competições/SATRace2019/Benchmark/ctl_4291_567_5_unsat_pre-sc2014.cnf	15232	134756	16352259	16179681	20565661	8548467385	421409	406741	14668	       17.56	       -0.04	23090	4441957	IND	     4990.41
169	cadical_v21	5	1280	C:/Users/cball/OneDrive/Documentos/Pessoal/ITA/SAT/Competições/SATRace2019/Benchmark/custmulsb2x32o-sc2016.cnf	4660	13676	18239308	18238369	18269576	3780290459	219708	203545	16163	       68.03	       -0.00	24611	6730411	IND	     4977.47
170	cadical_v21	5	1280	C:/Users/cball/OneDrive/Documentos/Pessoal/ITA/SAT/Competições/SATRace2019/Benchmark/custmulun16x16o-sc2016.cnf	3633	10625	14742516	14541190	20189474	3134608285	507838	495501	12337	       44.51	       -0.02	19517	4203328	IND	     4969.73
171	cadical_v21	5	1280	C:/Users/cball/OneDrive/Documentos/Pessoal/ITA/SAT/Competições/SATRace2019/Benchmark/dist6.c-sc2018.cnf	15254	68087	831154	823726	1159867	136379200	30516	29848	668	       25.46	       -0.04	1049	265254	UNSAT	       94.20
172	cadical_v21	5	1280	C:/Users/cball/OneDrive/Documentos/Pessoal/ITA/SAT/Competições/SATRace2019/Benchmark/dp12u11.used-as.sat04-358-sc2004.cnf	11137	29956	1756504	1730602	2758384	188350660	71095	70258	837	       19.40	       -0.06	1367	929665	UNSAT	      177.80
173	cadical_v21	5	1280	C:/Users/cball/OneDrive/Documentos/Pessoal/ITA/SAT/Competições/SATRace2019/Benchmark/e_rphp035_05-sc2018.cnf	2960	5555	21590083	17139995	84945233	630552441	339985	323071	16914	       24.81	       -0.06	25335	29916338	UNSAT	     1022.72
174	cadical_v21	5	1280	C:/Users/cball/OneDrive/Documentos/Pessoal/ITA/SAT/Competições/SATRace2019/Benchmark/ecarev-110-1031-23-40-8-sc2018.cnf	42271	247381	8009198	7848571	19970804	1062635447	443878	440196	3682	       27.51	       -0.13	5794	6240479	SAT	     2461.31
175	cadical_v21	5	1280	C:/Users/cball/OneDrive/Documentos/Pessoal/ITA/SAT/Competições/SATRace2019/Benchmark/edges-024-4-5613555-1-00-sc2014.cnf	97	204	31969239	31740644	37876433	451766613	1789179	1775471	13708	       18.44	       -0.03	22161	16347477	IND	     4990.72
176	cadical_v21	5	1280	C:/Users/cball/OneDrive/Documentos/Pessoal/ITA/SAT/Competições/SATRace2019/Benchmark/eq2csparrc162cbpwtcl16.cnf	6154	18364	12939372	12822610	16302115	2722684053	521909	512011	9898	       54.23	       -0.02	15683	4062265	IND	     4981.72
177	cadical_v21	5	1280	C:/Users/cball/OneDrive/Documentos/Pessoal/ITA/SAT/Competições/SATRace2019/Benchmark/eqbparrc12spctbk12.cnf	3018	8982	15040466	14907794	18838218	1683981635	491780	479327	12453	       33.31	       -0.03	19864	4166357	IND	     4997.05
178	cadical_v21	5	1280	C:/Users/cball/OneDrive/Documentos/Pessoal/ITA/SAT/Competições/SATRace2019/Benchmark/eqbparrc14spwtcl14.cnf	4838	14428	14674607	14553395	18986125	2148337335	510824	498394	12430	       48.94	       -0.03	19556	4099021	IND	     4997.84
179	cadical_v21	5	1280	C:/Users/cball/OneDrive/Documentos/Pessoal/ITA/SAT/Competições/SATRace2019/Benchmark/eqbparrc18spwtrc18.cnf	7193	21469	14401218	14255236	18980334	2544406633	509756	497694	12062	       71.35	       -0.03	18975	4092290	IND	     4999.75
180	cadical_v21	5	1280	C:/Users/cball/OneDrive/Documentos/Pessoal/ITA/SAT/Competições/SATRace2019/Benchmark/eqbpdtlf12bparrc12.cnf	3105	9242	6984448	6915413	10516834	671909860	379167	375431	3736	       31.81	       -0.05	5849	3307208	UNSAT	     1823.06
181	cadical_v21	5	1280	C:/Users/cball/OneDrive/Documentos/Pessoal/ITA/SAT/Competições/SATRace2019/Benchmark/eqbpdtlf14bpwtcl14.cnf	4719	14071	7108065	7033719	11241421	853289792	376623	372939	3684	       40.34	       -0.05	5797	3433988	UNSAT	     1997.05
182	cadical_v21	5	1280	C:/Users/cball/OneDrive/Documentos/Pessoal/ITA/SAT/Competições/SATRace2019/Benchmark/eqbpdtlf14spctbk14.cnf	4000	11914	14524442	14404084	18817767	1715482819	484116	472003	12113	       43.09	       -0.03	19122	4196926	IND	     4999.67
183	cadical_v21	5	1280	C:/Users/cball/OneDrive/Documentos/Pessoal/ITA/SAT/Competições/SATRace2019/Benchmark/eqbpdtlf14spdtlf14.cnf	4249	12662	14805986	14686923	18761462	1738882640	514177	501572	12605	       48.96	       -0.03	19831	4084545	IND	     4999.75
184	cadical_v21	5	1280	C:/Users/cball/OneDrive/Documentos/Pessoal/ITA/SAT/Competições/SATRace2019/Benchmark/eqbpdtlf16spdtlf16.cnf	5550	16552	14742547	14595456	20025623	2071731644	493929	481604	12325	       56.14	       -0.03	19502	4158586	IND	     4999.72
185	cadical_v21	5	1280	C:/Users/cball/OneDrive/Documentos/Pessoal/ITA/SAT/Competições/SATRace2019/Benchmark/eqbpdtlf18sparcl18.cnf	7282	21738	15708167	15578020	19800373	3313696024	508335	494475	13860	       58.26	       -0.02	21784	4128132	IND	     4999.47
186	cadical_v21	5	1280	C:/Users/cball/OneDrive/Documentos/Pessoal/ITA/SAT/Competições/SATRace2019/Benchmark/eqbpwtcl10spwtcl10.cnf	2616	7788	2637982	2618044	3385743	294815346	120672	118944	1728	       28.31	       -0.03	2714	1070088	UNSAT	      451.39
187	cadical_v21	5	1280	C:/Users/cball/OneDrive/Documentos/Pessoal/ITA/SAT/Competições/SATRace2019/Benchmark/eqbpwtrc10bpdtlf10.cnf	2205	6555	2545210	2524025	3373210	217791500	115699	114090	1609	       27.56	       -0.04	2524	1082029	UNSAT	      396.66
188	cadical_v21	5	1280	C:/Users/cball/OneDrive/Documentos/Pessoal/ITA/SAT/Competições/SATRace2019/Benchmark/eqbpwtrc10spctbk10.cnf	2089	6206	2308102	2289876	2830365	249802757	106014	104759	1255	       27.75	       -0.03	1987	1100606	UNSAT	      363.22
189	cadical_v21	5	1280	C:/Users/cball/OneDrive/Documentos/Pessoal/ITA/SAT/Competições/SATRace2019/Benchmark/eqsparcl10bpwtrc10.cnf	2275	6764	2134661	2111692	2936960	224781699	110288	109261	1027	       25.68	       -0.04	1625	1106336	UNSAT	      298.48
190	cadical_v21	5	1280	C:/Users/cball/OneDrive/Documentos/Pessoal/ITA/SAT/Competições/SATRace2019/Benchmark/eqsparcl12bpwtrc12.cnf	3278	9760	16710892	16580796	20891228	2108497276	568628	553991	14637	       30.38	       -0.03	23084	4300196	IND	     4999.78
191	cadical_v21	5	1280	C:/Users/cball/OneDrive/Documentos/Pessoal/ITA/SAT/Competições/SATRace2019/Benchmark/eqsparrc12bpdtlf12.cnf	3096	9215	15759708	15627877	19512839	1847602839	537761	524319	13442	       33.35	       -0.03	21409	4013447	IND	     4996.89
192	cadical_v21	5	1280	C:/Users/cball/OneDrive/Documentos/Pessoal/ITA/SAT/Competições/SATRace2019/Benchmark/eqsparrc14spctbk14.cnf	4136	12323	16073101	15935927	21053118	1973096490	502604	488939	13665	       36.13	       -0.03	21874	4145641	IND	     4996.45
193	cadical_v21	5	1280	C:/Users/cball/OneDrive/Documentos/Pessoal/ITA/SAT/Competições/SATRace2019/Benchmark/eqsparrc16spwtcl16.cnf	6576	19630	14730379	14579954	19908942	2782951714	513488	501624	11864	       46.91	       -0.03	19034	4118666	IND	     4997.11
194	cadical_v21	5	1280	C:/Users/cball/OneDrive/Documentos/Pessoal/ITA/SAT/Competições/SATRace2019/Benchmark/eqspctbk12bpwtrc12.cnf	3001	8931	14836740	14729990	18144091	1711409029	487287	474641	12646	       34.82	       -0.03	19898	4189036	IND	     4997.94
195	cadical_v21	5	1280	C:/Users/cball/OneDrive/Documentos/Pessoal/ITA/SAT/Competições/SATRace2019/Benchmark/eqspctbk14sparcl14.cnf	4344	12948	15426743	15295884	19554373	2146276718	511525	498564	12961	       37.01	       -0.02	20670	4117784	IND	     4997.70
196	cadical_v21	5	1280	C:/Users/cball/OneDrive/Documentos/Pessoal/ITA/SAT/Competições/SATRace2019/Benchmark/eqspctbk14spwtcl14.cnf	4699	14013	13567597	13446163	19667565	1703396874	476521	465790	10731	       44.09	       -0.04	17000	4213547	IND	     4996.20
197	cadical_v21	5	1280	C:/Users/cball/OneDrive/Documentos/Pessoal/ITA/SAT/Competições/SATRace2019/Benchmark/eqspdtlf14bpwtrc14.cnf	4292	12790	14682243	14567114	18924299	1756924356	523480	510815	12665	       45.92	       -0.03	19795	4071088	IND	     4996.94
198	cadical_v21	5	1280	C:/Users/cball/OneDrive/Documentos/Pessoal/ITA/SAT/Competições/SATRace2019/Benchmark/eqspwtcl14bpwtcl14.cnf	5418	16168	12758439	12658758	16819275	2092090757	508425	498509	9916	       48.21	       -0.03	15561	4106396	IND	     4997.77
199	cadical_v21	5	1280	C:/Users/cball/OneDrive/Documentos/Pessoal/ITA/SAT/Competições/SATRace2019/Benchmark/eqspwtrc16bparrc16.cnf	5702	17010	14330346	14206258	17985310	2332097051	501059	488957	12102	       63.10	       -0.02	18959	4095621	IND	     4998.27
200	cadical_v21	5	1280	C:/Users/cball/OneDrive/Documentos/Pessoal/ITA/SAT/Competições/SATRace2019/Benchmark/ex051_9-sc2018.cnf	51315	485537	7700486	7473115	19374365	1767353611	359924	356546	3378	       25.86	       -0.11	5491	5820796	UNSAT	     2316.78
201	cadical_v21	5	1280	C:/Users/cball/OneDrive/Documentos/Pessoal/ITA/SAT/Competições/SATRace2019/Benchmark/ex145_11-sc2018.cnf	39544	294276	19131542	18667143	50886563	3723238825	656980	642975	14005	       26.23	       -0.09	22453	10520717	IND	     4999.59
202	cadical_v21	5	1280	C:/Users/cball/OneDrive/Documentos/Pessoal/ITA/SAT/Competições/SATRace2019/Benchmark/ex175_17-sc2018.cnf	895721	17688050	5842712	5681097	16049836	7525294549	227332	223896	3436	       26.64	       -0.10	5550	3999703	IND	     4999.62
203	cadical_v21	5	1280	C:/Users/cball/OneDrive/Documentos/Pessoal/ITA/SAT/Competições/SATRace2019/Benchmark/ex175_18-sc2018.cnf	895721	17648874	3541765	3448793	9873181	5737049625	105065	102363	2702	       28.08	       -0.09	4388	1952676	SAT	     3241.62
204	cadical_v21	5	1280	C:/Users/cball/OneDrive/Documentos/Pessoal/ITA/SAT/Competições/SATRace2019/Benchmark/ezfact64_6.shuffled-as.sat03-1522-sc2002.cnf	3073	19610	242814	240545	347892	79748008	4886	4664	222	       32.11	       -0.04	346	80933	SAT	       34.45
205	cadical_v21	5	1280	C:/Users/cball/OneDrive/Documentos/Pessoal/ITA/SAT/Competições/SATRace2019/Benchmark/ezfact64_8.shuffled-as.sat03-1524-sc2002.cnf	3073	19636	842496	835466	1219681	233480318	26562	25891	671	       26.09	       -0.05	1061	291105	SAT	      146.12
206	cadical_v21	5	1280	C:/Users/cball/OneDrive/Documentos/Pessoal/ITA/SAT/Competições/SATRace2019/Benchmark/f10nidw-sc2012.cnf	824210	2459565	1215769	1181700	11105586	713799373	49280	48500	780	       36.84	       -0.14	1310	2389187	UNSAT	      383.12
207	cadical_v21	5	1280	C:/Users/cball/OneDrive/Documentos/Pessoal/ITA/SAT/Competições/SATRace2019/Benchmark/f6nidw-sc2012.cnf	190399	564772	53268	51946	334250	14788073	2652	2611	41	       16.31	       -0.11	68	61589	UNSAT	       12.67
208	cadical_v21	5	1280	C:/Users/cball/OneDrive/Documentos/Pessoal/ITA/SAT/Competições/SATRace2019/Benchmark/frb-40-19-1-mgd_c18.cnf	760	37548	59383	57859	90621	5466878	1227	1174	53	       47.50	       -0.05	84	22511	SAT	        4.76
209	cadical_v21	5	1280	C:/Users/cball/OneDrive/Documentos/Pessoal/ITA/SAT/Competições/SATRace2019/Benchmark/frb59-26-1.used-as.sat04-891-sc2011.cnf	1534	132295	18607745	18182131	28458067	2205304039	394072	380355	13717	       77.97	       -0.05	22160	7771948	IND	     4999.70
210	cadical_v21	5	1280	C:/Users/cball/OneDrive/Documentos/Pessoal/ITA/SAT/Competições/SATRace2019/Benchmark/gensys-icl005.shuffled-as.sat05-3826-sc2011.cnf	2703	17985	1713950	1689789	2522201	120460303	61374	60529	845	       28.12	       -0.05	1374	925605	UNSAT	      365.97
211	cadical_v21	5	1280	C:/Users/cball/OneDrive/Documentos/Pessoal/ITA/SAT/Competições/SATRace2019/Benchmark/gss-20-s100-sc2009.cnf	31503	94548	494164	494015	501195	2027610070	15083	14833	250	       31.08	       -0.00	383	283348	SAT	      545.52
212	cadical_v21	5	1280	C:/Users/cball/OneDrive/Documentos/Pessoal/ITA/SAT/Competições/SATRace2019/Benchmark/gss-33-s100-sc2009.cnf	32402	97364	5486103	5469479	6114207	9387070948	174259	170341	3918	       54.17	       -0.01	6032	2304677	IND	     4999.41
213	cadical_v21	5	1280	C:/Users/cball/OneDrive/Documentos/Pessoal/ITA/SAT/Competições/SATRace2019/Benchmark/gto_p60c238-sc2018.cnf	1043	2829	5127796	5074251	5877168	79192454	149322	145814	3508	       23.13	       -0.03	5621	2029771	UNSAT	      333.50
214	cadical_v21	5	1280	C:/Users/cball/OneDrive/Documentos/Pessoal/ITA/SAT/Competições/SATRace2019/Benchmark/gus-md5-14-sc2009.cnf	69641	226367	2401887	2377880	5636302	9831021143	90184	88558	1626	      114.17	       -0.05	2429	1299760	IND	     4999.62
215	cadical_v21	5	1280	C:/Users/cball/OneDrive/Documentos/Pessoal/ITA/SAT/Competições/SATRace2019/Benchmark/hcp_CP14_14.cnf	47040	178880	9760794	9542709	91577716	21556814565	321984	316473	5511	      102.30	       -0.09	8838	8954141	IND	     4999.59
216	cadical_v21	5	1280	C:/Users/cball/OneDrive/Documentos/Pessoal/ITA/SAT/Competições/SATRace2019/Benchmark/hcp_CP16_16.cnf	77824	282013	2331533	2272912	32587162	7120680502	93987	92880	1107	       72.98	       -0.10	1859	2836732	SAT	     1032.52
217	cadical_v21	5	1280	C:/Users/cball/OneDrive/Documentos/Pessoal/ITA/SAT/Competições/SATRace2019/Benchmark/hcp_CP18_18.cnf	122472	440385	3578204	3499498	44964450	12991049204	103179	100546	2633	       90.29	       -0.08	4346	3326277	SAT	     1796.06
218	cadical_v21	5	1280	C:/Users/cball/OneDrive/Documentos/Pessoal/ITA/SAT/Competições/SATRace2019/Benchmark/hcp_CP20_20.cnf	183200	637206	2353873	2293082	52283229	13055055411	104530	103398	1132	       70.11	       -0.11	1900	3876820	SAT	     1720.44
219	cadical_v21	5	1280	C:/Users/cball/OneDrive/Documentos/Pessoal/ITA/SAT/Competições/SATRace2019/Benchmark/hcp_CP22_22.cnf	264264	895141	5596805	5463090	126204994	36748123272	212192	209117	3075	       76.92	       -0.10	5190	8754876	IND	     4999.55
220	cadical_v21	5	1280	C:/Users/cball/OneDrive/Documentos/Pessoal/ITA/SAT/Competições/SATRace2019/Benchmark/hcp_CP24_24.cnf	370944	1254550	4667845	4559816	108240889	36271674647	151347	148359	2988	       79.44	       -0.09	5104	7116070	IND	     4998.69
221	cadical_v21	5	1280	C:/Users/cball/OneDrive/Documentos/Pessoal/ITA/SAT/Competições/SATRace2019/Benchmark/hcp_CP26_26.cnf	505648	1677281	3900030	3812459	95268136	35717234425	110625	107776	2849	       84.08	       -0.08	4814	5865639	IND	     5000.11
222	cadical_v21	5	1280	C:/Users/cball/OneDrive/Documentos/Pessoal/ITA/SAT/Competições/SATRace2019/Benchmark/hcp_bij16_16.cnf	81920	16496017	7353168	6660125	272186718	4198613205	235775	230672	5103	      360.48	       -0.07	7164	59529332	IND	     4999.36
223	cadical_v21	5	1280	C:/Users/cball/OneDrive/Documentos/Pessoal/ITA/SAT/Competições/SATRace2019/Benchmark/hcp_d12_12.cnf	23345	49263	38674	37412	508102	10608666	3808	3792	16	       54.42	       -0.23	31	30298	SAT	        4.84
224	cadical_v21	5	1280	C:/Users/cball/OneDrive/Documentos/Pessoal/ITA/SAT/Competições/SATRace2019/Benchmark/hcp_d14_14.cnf	41961	70118	2272626	2213597	20521676	449389848	104593	103471	1122	       76.07	       -0.13	1827	2457994	SAT	      432.73
225	cadical_v21	5	1280	C:/Users/cball/OneDrive/Documentos/Pessoal/ITA/SAT/Competições/SATRace2019/Benchmark/hcp_d16_16.cnf	70675	106388	17882251	17494581	128029445	2843257290	479960	466704	13256	       85.08	       -0.09	21706	15639616	IND	     4998.52
226	cadical_v21	5	1280	C:/Users/cball/OneDrive/Documentos/Pessoal/ITA/SAT/Competições/SATRace2019/Benchmark/hcp_d18_18.cnf	111475	138053	18511688	18089265	167750054	3280902066	534805	521984	12821	       80.51	       -0.10	21274	22134844	IND	     4999.11
227	cadical_v21	5	1280	C:/Users/cball/OneDrive/Documentos/Pessoal/ITA/SAT/Competições/SATRace2019/Benchmark/hcp_d20_20.cnf	168019	173814	18834982	18388931	210217317	3766122076	583884	571518	12366	       79.53	       -0.11	20823	29126897	IND	     4999.67
228	cadical_v21	5	1280	C:/Users/cball/OneDrive/Documentos/Pessoal/ITA/SAT/Competições/SATRace2019/Benchmark/hcp_d22_22.cnf	243955	213707	19283315	18809574	262985745	4288886105	640626	628672	11954	       78.45	       -0.12	20413	38092102	IND	     4999.72
229	cadical_v21	5	1280	C:/Users/cball/OneDrive/Documentos/Pessoal/ITA/SAT/Competições/SATRace2019/Benchmark/hcp_d24_24.cnf	