ID	version	restart base fast	restart base slow	file	vars	clauses	conflicts	learned	decisions	propagations	restarts	restarts unstable	restarts stable	learned avg. size	learnt stack avg	learnt stack stable counter	learnt stack unstable counter	answer	cpu time
1	cadical_v21	15	320	C:/Users/cball/OneDrive/Documentos/Pessoal/ITA/SAT/Competições/SATRace2015-Sample/Benchmark/002-80-4.cnf	13408	308391	947123	924405	18516509	95351997	39228	37839	1389	       24.53	       -0.21	3204	2634585	SAT	       82.48
2	cadical_v21	15	320	C:/Users/cball/OneDrive/Documentos/Pessoal/ITA/SAT/Competições/SATRace2015-Sample/Benchmark/004-80-8.cnf	13408	308391	2294285	2246740	44817547	251206054	123125	120516	2609	       33.87	       -0.21	5363	7447184	SAT	      219.22
3	cadical_v21	15	320	C:/Users/cball/OneDrive/Documentos/Pessoal/ITA/SAT/Competições/SATRace2015-Sample/Benchmark/007-80-8.cnf	13408	308391	2917515	2839487	57016719	453599019	131392	126061	5331	       53.01	       -0.22	9878	9818829	SAT	      402.17
4	cadical_v21	15	320	C:/Users/cball/OneDrive/Documentos/Pessoal/ITA/SAT/Competições/SATRace2015-Sample/Benchmark/010-80-12.cnf	13408	308391	3930365	3838492	66879624	614521250	139717	131045	8672	       55.99	       -0.18	16191	10476609	SAT	      574.30
5	cadical_v21	15	320	C:/Users/cball/OneDrive/Documentos/Pessoal/ITA/SAT/Competições/SATRace2015-Sample/Benchmark/11pipe_k.cnf	89315	5584002	1342269	1288498	11013068	1887024209	35040	30566	4474	      167.36	       -0.09	6355	3611233	UNSAT	     1031.33
6	cadical_v21	15	320	C:/Users/cball/OneDrive/Documentos/Pessoal/ITA/SAT/Competições/SATRace2015-Sample/Benchmark/38bits_10.dimacs.cnf	448	12700	82695	82025	128382	4733267	4839	4328	511	       17.78	       -0.07	616	30783	SAT	        7.27
7	cadical_v21	15	320	C:/Users/cball/OneDrive/Documentos/Pessoal/ITA/SAT/Competições/SATRace2015-Sample/Benchmark/46bits_11.dimacs.cnf	689	16922	1076108	1069867	1555988	114963535	49724	41540	8184	       23.33	       -0.05	9881	294866	SAT	      277.95
8	cadical_v21	15	320	C:/Users/cball/OneDrive/Documentos/Pessoal/ITA/SAT/Competições/SATRace2015-Sample/Benchmark/50bits_10.dimacs.cnf	842	19430	3690712	3668609	5667446	453055235	172422	144953	27469	       25.22	       -0.05	33274	1001771	SAT	     1565.16
9	cadical_v21	15	320	C:/Users/cball/OneDrive/Documentos/Pessoal/ITA/SAT/Competições/SATRace2015-Sample/Benchmark/62bits_14.dimacs.cnf	1164	28980	10211722	10120700	20781165	1160853634	531232	476045	55187	       33.57	       -0.07	67094	4407420	IND	     4998.30
10	cadical_v21	15	320	C:/Users/cball/OneDrive/Documentos/Pessoal/ITA/SAT/Competições/SATRace2015-Sample/Benchmark/6s13-opt.cnf	52436	151783	2130546	2101515	8326537	407122775	143235	137772	5463	       25.34	       -0.11	7559	1527367	UNSAT	      290.62
11	cadical_v21	15	320	C:/Users/cball/OneDrive/Documentos/Pessoal/ITA/SAT/Competições/SATRace2015-Sample/Benchmark/6s130-opt.cnf	49370	144360	2061490	2028723	13054231	421033161	147737	143203	4534	       21.43	       -0.13	6462	2085008	UNSAT	      264.11
12	cadical_v21	15	320	C:/Users/cball/OneDrive/Documentos/Pessoal/ITA/SAT/Competições/SATRace2015-Sample/Benchmark/6s165-nonopt.cnf	3295	9585	200959	198336	483459	13427920	9800	8650	1150	       25.90	       -0.08	1452	70665	UNSAT	       10.47
13	cadical_v21	15	320	C:/Users/cball/OneDrive/Documentos/Pessoal/ITA/SAT/Competições/SATRace2015-Sample/Benchmark/ACG-15-10p0.cnf	262253	1120813	419970	334069	2566741	2709337940	11199	9955	1244	      208.77	       -0.08	1687	467239	UNSAT	      539.97
14	cadical_v21	15	320	C:/Users/cball/OneDrive/Documentos/Pessoal/ITA/SAT/Competições/SATRace2015-Sample/Benchmark/ACG-20-10p1.cnf	381708	1618887	518871	412051	4507023	4354949977	18072	16948	1124	      226.42	       -0.12	1598	681811	SAT	      912.02
15	cadical_v21	15	320	C:/Users/cball/OneDrive/Documentos/Pessoal/ITA/SAT/Competições/SATRace2015-Sample/Benchmark/AProVE07-03.cnf	3114	10580	1637672	1613006	3095814	184943218	64843	59071	5772	       45.34	       -0.06	7585	870187	UNSAT	      213.11
16	cadical_v21	15	320	C:/Users/cball/OneDrive/Documentos/Pessoal/ITA/SAT/Competições/SATRace2015-Sample/Benchmark/AProVE09-06.cnf	77262	262886	237561	229361	549950	492948417	10881	9711	1170	       68.04	       -0.10	1582	68960	SAT	      120.52
17	cadical_v21	15	320	C:/Users/cball/OneDrive/Documentos/Pessoal/ITA/SAT/Competições/SATRace2015-Sample/Benchmark/E02F22.cnf	13574	1300429	895060	855158	3036863	352362490	29466	26476	2990	       84.77	       -0.10	4552	384604	SAT	      332.16
18	cadical_v21	15	320	C:/Users/cball/OneDrive/Documentos/Pessoal/ITA/SAT/Competições/SATRace2015-Sample/Benchmark/MD5-29-2.cnf	8590	65066	16361374	15932687	188354271	2637882692	417813	372264	45549	       91.93	       -0.15	77029	22120664	IND	     4997.70
19	cadical_v21	15	320	C:/Users/cball/OneDrive/Documentos/Pessoal/ITA/SAT/Competições/SATRace2015-Sample/Benchmark/MD5-30-5.cnf	8905	67838	15705950	15292523	183817953	2728931097	416825	371834	44991	      105.78	       -0.15	74460	24368064	IND	     4997.66
20	cadical_v21	15	320	C:/Users/cball/OneDrive/Documentos/Pessoal/ITA/SAT/Competições/SATRace2015-Sample/Benchmark/SAT_dat.k80-24_1_rule_1.cnf	1295022	5034037	1368020	1328775	6079869	4571472757	82743	79547	3196	       56.09	       -0.15	5146	975178	UNSAT	     1344.92
21	cadical_v21	15	320	C:/Users/cball/OneDrive/Documentos/Pessoal/ITA/SAT/Competições/SATRace2015-Sample/Benchmark/SAT_dat.k90.debugged.cnf	1458392	5670187	1616874	1568282	7803504	6012696172	109348	106319	3029	       43.19	       -0.16	4987	1300116	UNSAT	     1719.09
22	cadical_v21	15	320	C:/Users/cball/OneDrive/Documentos/Pessoal/ITA/SAT/Competições/SATRace2015-Sample/Benchmark/SAT_dat.k95-24_1_rule_3.cnf	1540071	5988250	1725216	1677726	7825845	6031521070	109739	106713	3026	       28.21	       -0.17	4987	1685272	UNSAT	     1740.20
23	cadical_v21	15	320	C:/Users/cball/OneDrive/Documentos/Pessoal/ITA/SAT/Competições/SATRace2015-Sample/Benchmark/UCG-15-10p1.cnf	200003	1008302	431806	361467	2182458	1157402829	8230	7056	1174	      173.09	       -0.07	1625	499175	SAT	      296.86
24	cadical_v21	15	320	C:/Users/cball/OneDrive/Documentos/Pessoal/ITA/SAT/Competições/SATRace2015-Sample/Benchmark/UCG-20-10p1.cnf	259258	1373987	642449	510021	4506606	2601869522	15356	13280	2076	      234.23	       -0.09	2872	704010	SAT	      659.78
25	cadical_v21	15	320	C:/Users/cball/OneDrive/Documentos/Pessoal/ITA/SAT/Competições/SATRace2015-Sample/Benchmark/UR-15-10p1.cnf	199996	1008281	514563	413423	4926957	1378913260	23880	22863	1017	      244.40	       -0.12	1487	598158	SAT	      393.80
26	cadical_v21	15	320	C:/Users/cball/OneDrive/Documentos/Pessoal/ITA/SAT/Competições/SATRace2015-Sample/Benchmark/UR-20-10p0.cnf	258781	1358076	1899528	1568206	16443797	6470529726	64842	60642	4200	      303.02	       -0.10	6041	2280168	UNSAT	     2199.58
27	cadical_v21	15	320	C:/Users/cball/OneDrive/Documentos/Pessoal/ITA/SAT/Competições/SATRace2015-Sample/Benchmark/UTI-20-10p1.cnf	260342	1377238	1999453	1798497	13907738	3188161908	78933	74951	3982	      218.79	       -0.11	5861	2009776	SAT	     1254.88
28	cadical_v21	15	320	C:/Users/cball/OneDrive/Documentos/Pessoal/ITA/SAT/Competições/SATRace2015-Sample/Benchmark/UTI-20-5p1.cnf	225926	1195096	1257431	1155378	7140257	1442816207	41807	38111	3696	      132.75	       -0.10	5597	855381	SAT	      528.25
29	cadical_v21	15	320	C:/Users/cball/OneDrive/Documentos/Pessoal/ITA/SAT/Competições/SATRace2015-Sample/Benchmark/aaai10-planning-ipc5-TPP-21-step11.cnf	99736	783852	469642	446516	1284035	1680791563	13684	12554	1130	       82.51	       -0.07	1597	362972	UNSAT	      292.97
30	cadical_v21	15	320	C:/Users/cball/OneDrive/Documentos/Pessoal/ITA/SAT/Competições/SATRace2015-Sample/Benchmark/aaai10-planning-ipc5-pathways-13-step17.cnf	25631	141997	809614	790340	2038684	396332018	27311	23330	3981	       72.54	       -0.07	5219	341761	UNSAT	      155.30
31	cadical_v21	15	320	C:/Users/cball/OneDrive/Documentos/Pessoal/ITA/SAT/Competições/SATRace2015-Sample/Benchmark/aes_24_4_keyfind_5.cnf	520	5760	7372995	7358087	9904539	337688999	451111	413530	37581	       26.11	       -0.03	44134	3539433	SAT	     3384.16
32	cadical_v21	15	320	C:/Users/cball/OneDrive/Documentos/Pessoal/ITA/SAT/Competições/SATRace2015-Sample/Benchmark/aes_32_3_keyfind_1.cnf	708	2540	5659335	5654570	6057303	519766169	234326	196613	37713	       31.62	       -0.01	44260	2381097	SAT	      862.14
33	cadical_v21	15	320	C:/Users/cball/OneDrive/Documentos/Pessoal/ITA/SAT/Competições/SATRace2015-Sample/Benchmark/aes_id.cnf	325041	1161166	811453	804441	3277580	9193925993	20814	17684	3130	       91.81	       -0.05	4430	523801	IND	     4990.92
34	cadical_v21	15	320	C:/Users/cball/OneDrive/Documentos/Pessoal/ITA/SAT/Competições/SATRace2015-Sample/Benchmark/atco_enc1_opt1_04_32.cnf	57220	558589	157185	152126	1397552	170912505	16177	15748	429	       25.19	       -0.23	633	123161	SAT	       75.16
35	cadical_v21	15	320	C:/Users/cball/OneDrive/Documentos/Pessoal/ITA/SAT/Competições/SATRace2015-Sample/Benchmark/atco_enc2_opt2_20_11.cnf	167075	6549347	1089862	1078232	1730808	668635404	35997	30558	5439	       24.50	       -0.05	7275	337693	UNSAT	      763.19
36	cadical_v21	15	320	C:/Users/cball/OneDrive/Documentos/Pessoal/ITA/SAT/Competições/SATRace2015-Sample/Benchmark/atco_enc3_opt2_18_44.cnf	1322728	5284254	54160	52252	688417	2130713250	3726	3617	109	       22.68	       -0.19	207	29629	SAT	      416.50
37	cadical_v21	15	320	C:/Users/cball/OneDrive/Documentos/Pessoal/ITA/SAT/Competições/SATRace2015-Sample/Benchmark/beempgsol5b1.cnf	26455	76533	2368920	2334992	5818835	825731267	104333	93793	10540	       63.51	       -0.08	13116	1239556	UNSAT	      677.50
38	cadical_v21	15	320	C:/Users/cball/OneDrive/Documentos/Pessoal/ITA/SAT/Competições/SATRace2015-Sample/Benchmark/bjrb07amba10andenv.cnf	196289	588609	803099	791755	2245600	1063250565	41560	37829	3731	       14.62	       -0.11	4974	344647	UNSAT	      404.00
39	cadical_v21	15	320	C:/Users/cball/OneDrive/Documentos/Pessoal/ITA/SAT/Competições/SATRace2015-Sample/Benchmark/bob12m09-opt.cnf	51144	152445	508271	499369	1562841	242756324	35277	33841	1436	       24.05	       -0.11	1890	364162	UNSAT	      108.75
40	cadical_v21	15	320	C:/Users/cball/OneDrive/Documentos/Pessoal/ITA/SAT/Competições/SATRace2015-Sample/Benchmark/complete-400-0.1-3-9876543214003.cnf	800	47369	0	0	0	0	0	0	0	        0.00	        0.00	0	0	SAT	        0.25
41	cadical_v21	15	320	C:/Users/cball/OneDrive/Documentos/Pessoal/ITA/SAT/Competições/SATRace2015-Sample/Benchmark/complete-500-0.1-15-98765432150015.cnf	1000	74037	0	0	0	0	0	0	0	        0.00	        0.00	0	0	SAT	        0.44
42	cadical_v21	15	320	C:/Users/cball/OneDrive/Documentos/Pessoal/ITA/SAT/Competições/SATRace2015-Sample/Benchmark/countbitssrl032.cnf	18607	55722	323159	317886	622325	165706104	13581	11775	1806	       34.71	       -0.07	2242	137198	UNSAT	       73.11
43	cadical_v21	15	320	C:/Users/cball/OneDrive/Documentos/Pessoal/ITA/SAT/Competições/SATRace2015-Sample/Benchmark/dated-10-17-u.cnf	229544	1051601	6184419	6062390	10148688	976408724	250935	226137	24798	       27.56	       -0.06	31954	3013524	UNSAT	      850.00
44	cadical_v21	15	320	C:/Users/cball/OneDrive/Documentos/Pessoal/ITA/SAT/Competições/SATRace2015-Sample/Benchmark/dated-5-13-u.cnf	138808	614789	7841386	7706737	11845803	788445870	368028	343223	24805	       25.65	       -0.06	31964	4293141	UNSAT	     1140.19
45	cadical_v21	15	320	C:/Users/cball/OneDrive/Documentos/Pessoal/ITA/SAT/Competições/SATRace2015-Sample/Benchmark/dimacs.cnf	2835	9746	3208240	3150592	6730735	478919758	171218	149360	21858	       28.55	       -0.07	26443	965591	UNSAT	     2499.91
46	cadical_v21	15	320	C:/Users/cball/OneDrive/Documentos/Pessoal/ITA/SAT/Competições/SATRace2015-Sample/Benchmark/grieu-vmpc-31.cnf	961	146909	10909099	10522371	23266176	1280853358	344275	291826	52449	       50.57	       -0.06	66415	8194657	IND	     4995.12
47	cadical_v21	15	320	C:/Users/cball/OneDrive/Documentos/Pessoal/ITA/SAT/Competições/SATRace2015-Sample/Benchmark/group_mulr.cnf	1052072	4612280	5008	4873	33017	6331190	41	36	5	       26.87	       -0.12	11	26300	UNSAT	       42.34
48	cadical_v21	15	320	C:/Users/cball/OneDrive/Documentos/Pessoal/ITA/SAT/Competições/SATRace2015-Sample/Benchmark/gss-19-s100.cnf	31435	94348	14717	14637	17184	91265149	298	146	152	       35.70	       -0.01	175	4848	SAT	       21.83
49	cadical_v21	15	320	C:/Users/cball/OneDrive/Documentos/Pessoal/ITA/SAT/Competições/SATRace2015-Sample/Benchmark/hitag2-10-60-0-0x8edc44db7837bbf-65.cnf	2271	30201	10204208	10144159	13661520	575559274	465552	409797	55755	       20.38	       -0.04	67597	4324136	UNSAT	     3094.47
50	cadical_v21	15	320	C:/Users/cball/OneDrive/Documentos/Pessoal/ITA/SAT/Competições/SATRace2015-Sample/Benchmark/hitag2-10-60-0-0xe14721bd199894a-99.cnf	2294	30304	15658152	15577510	18999042	803051424	523371	403555	119816	       21.49	       -0.02	145275	4346370	IND	     4995.58
51	cadical_v21	15	320	C:/Users/cball/OneDrive/Documentos/Pessoal/ITA/SAT/Competições/SATRace2015-Sample/Benchmark/hwmcc10-timeframe-expansion-k45-pdtvisns3p02-tseitin.cnf	163622	488118	4492526	4404255	13316290	1698150101	190098	171078	19020	       35.09	       -0.11	26502	1947454	UNSAT	     1441.84
52	cadical_v21	15	320	C:/Users/cball/OneDrive/Documentos/Pessoal/ITA/SAT/Competições/SATRace2015-Sample/Benchmark/hwmcc10-timeframe-expansion-k50-pdtvisns3p00-tseitin.cnf	183325	546912	4452661	4359610	14746057	1653600510	185961	168757	17204	       35.88	       -0.11	24778	2121715	UNSAT	     1291.11
53	cadical_v21	15	320	C:/Users/cball/OneDrive/Documentos/Pessoal/ITA/SAT/Competições/SATRace2015-Sample/Benchmark/itox_vc1130.cnf	152428	429691	1181	1139	36385	1380077	24	24	0	       18.78	       -0.24	1	10479	SAT	        1.34
54	cadical_v21	15	320	C:/Users/cball/OneDrive/Documentos/Pessoal/ITA/SAT/Competições/SATRace2015-Sample/Benchmark/jgiraldezlevy.2200.9086.08.40.149.cnf	2200	9086	827451	805414	2134726	154757924	44075	40079	3996	       27.04	       -0.10	5296	263887	SAT	      118.45
55	cadical_v21	15	320	C:/Users/cball/OneDrive/Documentos/Pessoal/ITA/SAT/Competições/SATRace2015-Sample/Benchmark/jgiraldezlevy.2200.9086.08.40.2.cnf	2200	9086	709883	691123	1991321	139551855	41948	38942	3006	       26.37	       -0.11	3995	263028	SAT	      102.66
56	cadical_v21	15	320	C:/Users/cball/OneDrive/Documentos/Pessoal/ITA/SAT/Competições/SATRace2015-Sample/Benchmark/jgiraldezlevy.2200.9086.08.40.28.cnf	2200	9086	160284	154929	736195	32728015	15585	15062	523	       24.94	       -0.18	731	58719	SAT	       16.00
57	cadical_v21	15	320	C:/Users/cball/OneDrive/Documentos/Pessoal/ITA/SAT/Competições/SATRace2015-Sample/Benchmark/jgiraldezlevy.2200.9086.08.40.83.cnf	2200	9086	734511	713955	2260823	149422891	45107	41989	3118	       27.85	       -0.11	4176	260375	SAT	      108.31
58	cadical_v21	15	320	C:/Users/cball/OneDrive/Documentos/Pessoal/ITA/SAT/Competições/SATRace2015-Sample/Benchmark/k2fix_gr_rcs_w9.shuffled.cnf	11313	305160	287836	284424	352204	46890203	4528	2866	1662	       32.63	       -0.04	2105	119100	UNSAT	       37.94
59	cadical_v21	15	320	C:/Users/cball/OneDrive/Documentos/Pessoal/ITA/SAT/Competições/SATRace2015-Sample/Benchmark/manol-pipe-c10nid_i.cnf	252516	750876	553441	538377	6494953	218296373	34172	33148	1024	       20.45	       -0.19	1633	1674847	UNSAT	       95.20
60	cadical_v21	15	320	C:/Users/cball/OneDrive/Documentos/Pessoal/ITA/SAT/Competições/SATRace2015-Sample/Benchmark/manthey_DimacsSorterHalf_30_0.cnf	3612	11612	543859	534262	861254	99153110	23583	21547	2036	       27.29	       -0.06	2559	295587	SAT	       57.08
61	cadical_v21	15	320	C:/Users/cball/OneDrive/Documentos/Pessoal/ITA/SAT/Competições/SATRace2015-Sample/Benchmark/manthey_DimacsSorterHalf_35_9.cnf	8300	28853	3218174	3159593	5278402	1029581911	107732	89830	17902	       43.60	       -0.06	22702	1176252	SAT	      728.19
62	cadical_v21	15	320	C:/Users/cball/OneDrive/Documentos/Pessoal/ITA/SAT/Competições/SATRace2015-Sample/Benchmark/manthey_DimacsSorterHalf_37_6.cnf	7665	26841	2107982	2061792	4873738	792597328	86227	79044	7183	       67.08	       -0.07	9104	1203821	SAT	      443.95
63	cadical_v21	15	320	C:/Users/cball/OneDrive/Documentos/Pessoal/ITA/SAT/Competições/SATRace2015-Sample/Benchmark/manthey_DimacsSorter_28_0.cnf	3986	13057	6705	6512	16254	4426839	434	417	17	       32.82	       -0.11	23	3756	SAT	        1.08
64	cadical_v21	15	320	C:/Users/cball/OneDrive/Documentos/Pessoal/ITA/SAT/Competições/SATRace2015-Sample/Benchmark/manthey_DimacsSorter_30_6.cnf	3638	11677	560607	550776	908999	113447384	25226	23048	2178	       28.33	       -0.07	2747	289215	SAT	       62.69
65	cadical_v21	15	320	C:/Users/cball/OneDrive/Documentos/Pessoal/ITA/SAT/Competições/SATRace2015-Sample/Benchmark/manthey_DimacsSorter_35_8.cnf	7351	24835	8426600	8281505	13998606	2161816190	383099	354747	28352	       38.83	       -0.07	36056	4657254	SAT	     2308.80
66	cadical_v21	15	320	C:/Users/cball/OneDrive/Documentos/Pessoal/ITA/SAT/Competições/SATRace2015-Sample/Benchmark/manthey_single-ordered-initialized-w14-b7.cnf	1225	7028	0	0	0	71	0	0	0	        0.00	        0.00	0	0	SAT	        0.01
67	cadical_v21	15	320	C:/Users/cball/OneDrive/Documentos/Pessoal/ITA/SAT/Competições/SATRace2015-Sample/Benchmark/manthey_single-ordered-initialized-w24-b7.cnf	2940	20028	8722	8530	15105	2533521	242	218	24	       18.01	       -0.06	35	5510	UNSAT	        0.77
68	cadical_v21	15	320	C:/Users/cball/OneDrive/Documentos/Pessoal/ITA/SAT/Competições/SATRace2015-Sample/Benchmark/manthey_single-ordered-initialized-w42-b8.cnf	9072	69944	892357	875116	1406123	345864627	24959	20013	4946	       28.94	       -0.04	6391	351570	UNSAT	      196.25
69	cadical_v21	15	320	C:/Users/cball/OneDrive/Documentos/Pessoal/ITA/SAT/Competições/SATRace2015-Sample/Benchmark/manthey_single-ordered-initialized-w54-b9.cnf	16281	130806	52055	50723	168084	54664814	1561	1339	222	       45.23	       -0.07	308	45173	SAT	       16.84
70	cadical_v21	15	320	C:/Users/cball/OneDrive/Documentos/Pessoal/ITA/SAT/Competições/SATRace2015-Sample/Benchmark/minandmaxor128.cnf	249327	746442	1908727	1834563	15975246	2552787496	87111	83912	3199	       73.81	       -0.13	5140	2248814	UNSAT	      849.05
71	cadical_v21	15	320	C:/Users/cball/OneDrive/Documentos/Pessoal/ITA/SAT/Competições/SATRace2015-Sample/Benchmark/minxorminand064.cnf	40042	119355	654302	630216	4149790	72944947	25515	23222	2293	       60.44	       -0.08	3140	1212902	UNSAT	       61.94
72	cadical_v21	15	320	C:/Users/cball/OneDrive/Documentos/Pessoal/ITA/SAT/Competições/SATRace2015-Sample/Benchmark/mrpp_4x4#4_4.cnf	748	3763	267	261	535	5685	0	0	0	        3.21	       -0.16	0	520	UNSAT	        0.02
73	cadical_v21	15	320	C:/Users/cball/OneDrive/Documentos/Pessoal/ITA/SAT/Competições/SATRace2015-Sample/Benchmark/mrpp_4x4#6_16.cnf	3328	17780	13352	12855	141169	1250655	693	669	24	        9.86	       -0.21	50	22380	SAT	        0.52
74	cadical_v21	15	320	C:/Users/cball/OneDrive/Documentos/Pessoal/ITA/SAT/Competições/SATRace2015-Sample/Benchmark/mrpp_6x6#12_8.cnf	3893	25257	20	19	26	614	0	0	0	        1.63	       -0.21	0	17	UNSAT	        0.05
75	cadical_v21	15	320	C:/Users/cball/OneDrive/Documentos/Pessoal/ITA/SAT/Competições/SATRace2015-Sample/Benchmark/mrpp_6x6#20_10.cnf	5291	41200	280855	274089	799873	22438256	17295	16314	981	       21.76	       -0.14	1459	98625	UNSAT	       21.09
76	cadical_v21	15	320	C:/Users/cball/OneDrive/Documentos/Pessoal/ITA/SAT/Competições/SATRace2015-Sample/Benchmark/mrpp_8x8#24_24.cnf	22022	169452	8440930	8150086	90181643	987375879	417592	408313	9279	       22.17	       -0.20	18051	21037673	SAT	     1552.45
77	cadical_v21	15	320	C:/Users/cball/OneDrive/Documentos/Pessoal/ITA/SAT/Competições/SATRace2015-Sample/Benchmark/openstacks-p30_3.085-SAT.cnf	324116	1430857	64046	61009	449677	183311521	614	400	214	     3755.15	       -0.05	331	60430	SAT	      206.39
78	cadical_v21	15	320	C:/Users/cball/OneDrive/Documentos/Pessoal/ITA/SAT/Competições/SATRace2015-Sample/Benchmark/partial-10-11-s.cnf	189456	835269	2372100	2217036	23280635	3627165386	88837	82085	6752	      347.75	       -0.10	9501	1619178	SAT	     1699.20
79	cadical_v21	15	320	C:/Users/cball/OneDrive/Documentos/Pessoal/ITA/SAT/Competições/SATRace2015-Sample/Benchmark/partial-5-17-s.cnf	252328	1169811	206253	184005	1850534	394046979	6774	6174	600	      352.34	       -0.12	943	182483	SAT	      147.17
80	cadical_v21	15	320	C:/Users/cball/OneDrive/Documentos/Pessoal/ITA/SAT/Competições/SATRace2015-Sample/Benchmark/post-c32s-ss-8.cnf	53752	135726	595929	581051	3008706	152363245	25934	24402	1532	       17.90	       -0.14	2245	826788	UNSAT	       47.06
81	cadical_v21	15	320	C:/Users/cball/OneDrive/Documentos/Pessoal/ITA/SAT/Competições/SATRace2015-Sample/Benchmark/post-cbmc-aes-d-r2-noholes.cnf	276895	1356467	1117400	1113190	4083794	58932764	44839	37085	7754	       15.22	       -0.06	9475	534782	UNSAT	      127.45
82	cadical_v21	15	320	C:/Users/cball/OneDrive/Documentos/Pessoal/ITA/SAT/Competições/SATRace2015-Sample/Benchmark/post-cbmc-aes-d-r2.cnf	279119	1356467	1079198	1074826	3948557	53672384	40924	33762	7162	       13.83	       -0.06	8914	480143	UNSAT	      119.01
83	cadical_v21	15	320	C:/Users/cball/OneDrive/Documentos/Pessoal/ITA/SAT/Competições/SATRace2015-Sample/Benchmark/q_query_3_L200_coli.sat.cnf	670867	3355019	314813	308986	3749876	441557834	15610	14626	984	       22.52	       -0.12	1462	660604	UNSAT	      168.33
84	cadical_v21	15	320	C:/Users/cball/OneDrive/Documentos/Pessoal/ITA/SAT/Competições/SATRace2015-Sample/Benchmark/q_query_3_L80_coli.sat.cnf	250567	1108439	238153	233804	1081785	140797485	10647	9811	836	       27.17	       -0.11	1269	372201	UNSAT	       51.72
85	cadical_v21	15	320	C:/Users/cball/OneDrive/Documentos/Pessoal/ITA/SAT/Competições/SATRace2015-Sample/Benchmark/transport-transport-city-sequential-25nodes-1000size-3degree-100mindistance-3trucks-10packages-2008seed.040-NOTKNOWN.cnf	482210	2306140	709077	599409	13460242	1543903646	10303	8453	1850	     1345.71	       -0.08	2843	1558054	SAT	      915.64
86	cadical_v21	15	320	C:/Users/cball/OneDrive/Documentos/Pessoal/ITA/SAT/Competições/SATRace2015-Sample/Benchmark/transport-transport-city-sequential-35nodes-1000size-4degree-100mindistance-4trucks-14packages-2008seed.040-NOTKNOWN.cnf	1260306	6039417	2262553	1775792	52034315	9164688901	23687	18959	4728	     2221.71	       -0.07	7008	7400297	IND	     4997.53
87	cadical_v21	15	320	C:/Users/cball/OneDrive/Documentos/Pessoal/ITA/SAT/Competições/SATRace2015-Sample/Benchmark/velev-vliw-uns-2.0-uq5.cnf	151669	2465730	459082	444019	11602572	693090871	22395	21546	849	       54.20	       -0.12	1334	2354464	UNSAT	      250.09
88	cadical_v21	15	320	C:/Users/cball/OneDrive/Documentos/Pessoal/ITA/SAT/Competições/SATRace2015-Sample/Benchmark/velev-vliw-uns-4.0-9-i1.cnf	154309	3230737	1175369	1140312	15870086	1413096637	38515	34294	4221	       66.88	       -0.11	6116	3562087	UNSAT	      494.77
89	cadical_v21	15	320	C:/Users/cball/OneDrive/Documentos/Pessoal/ITA/SAT/Competições/SATRace2015-Sample/Benchmark/vmpc_29.cnf	841	120147	3427579	3316748	6936474	380887668	97330	77246	20084	       45.13	       -0.06	25369	2010602	SAT	      795.41
90	cadical_v21	15	320	C:/Users/cball/OneDrive/Documentos/Pessoal/ITA/SAT/Competições/SATRace2015-Sample/Benchmark/vmpc_33.cnf	1089	177375	9058555	8719001	21167241	1162961858	324887	290978	33909	       52.67	       -0.07	43182	8610747	SAT	     3506.58
