ID	version	restart base fast	restart base slow	file	vars	clauses	conflicts	learned	decisions	propagations	restarts	restarts unstable	restarts stable	learned avg. size	learnt stack avg	learnt stack stable counter	learnt stack unstable counter	answer	cpu time
1	cadical_v21	15	1280	C:/Users/cball/OneDrive/Documentos/Pessoal/ITA/SAT/Competições/SATRace2019/Benchmark/001-80-12-sc2014.cnf	13408	309430	2972787	2893856	55544464	771797681	129055	127068	1987	       84.06	       -0.20	3217	9852747	SAT	      701.37
2	cadical_v21	15	1280	C:/Users/cball/OneDrive/Documentos/Pessoal/ITA/SAT/Competições/SATRace2019/Benchmark/002-80-8-sc2014.cnf	13408	309437	3385210	3314923	50162863	716483583	133345	130874	2471	       84.55	       -0.15	4017	7535007	SAT	      683.42
3	cadical_v21	15	1280	C:/Users/cball/OneDrive/Documentos/Pessoal/ITA/SAT/Competições/SATRace2019/Benchmark/002-sc2013.cnf	4128	72562	12401606	12078904	135009154	1609328749	428280	418103	10177	       91.63	       -0.15	15462	18254499	SAT	     2924.97
4	cadical_v21	15	1280	C:/Users/cball/OneDrive/Documentos/Pessoal/ITA/SAT/Competições/SATRace2019/Benchmark/003-sc2013.cnf	4288	76700	18856318	18370910	222003674	2543020121	598900	583030	15870	      100.52	       -0.15	24186	32017325	IND	     4999.47
5	cadical_v21	15	1280	C:/Users/cball/OneDrive/Documentos/Pessoal/ITA/SAT/Competições/SATRace2019/Benchmark/004-22-160-sc2014.cnf	4128	72564	18691373	18220373	188848571	2401675510	585190	569289	15901	       95.33	       -0.14	24217	25825147	IND	     4999.16
6	cadical_v21	15	1280	C:/Users/cball/OneDrive/Documentos/Pessoal/ITA/SAT/Competições/SATRace2019/Benchmark/004-80-8-sc2014.cnf	13408	309439	3224938	3145316	62525472	644661269	136826	134791	2035	       68.69	       -0.20	3462	10109902	SAT	      566.53
7	cadical_v21	15	1280	C:/Users/cball/OneDrive/Documentos/Pessoal/ITA/SAT/Competições/SATRace2019/Benchmark/004-sc2013.cnf	4128	72571	18563670	18093389	204693871	2482733906	585538	569453	16085	      100.14	       -0.15	24398	28218206	IND	     4998.30
8	cadical_v21	15	1280	C:/Users/cball/OneDrive/Documentos/Pessoal/ITA/SAT/Competições/SATRace2019/Benchmark/006-23-96-sc2014.cnf	4288	76698	19110334	18611365	225007703	2560750788	612460	597736	14724	       96.14	       -0.16	23055	33138383	IND	     4999.34
9	cadical_v21	15	1280	C:/Users/cball/OneDrive/Documentos/Pessoal/ITA/SAT/Competições/SATRace2019/Benchmark/007-sc2013.cnf	4128	72567	18583594	18114779	196417137	2446892124	585272	569285	15987	       98.46	       -0.15	24303	26857343	IND	     4999.36
10	cadical_v21	15	1280	C:/Users/cball/OneDrive/Documentos/Pessoal/ITA/SAT/Competições/SATRace2019/Benchmark/008-80-8-sc2014.cnf	13408	309438	3077800	2998445	56188148	746120719	130866	128655	2211	       94.66	       -0.19	3521	9705126	SAT	      672.92
11	cadical_v21	15	1280	C:/Users/cball/OneDrive/Documentos/Pessoal/ITA/SAT/Competições/SATRace2019/Benchmark/11pipe_11_ooo-sc2011.cnf	88289	4187682	4535170	4359839	37926140	7176915032	118339	113337	5002	      180.05	       -0.09	7067	10321373	UNSAT	     1986.33
12	cadical_v21	15	1280	C:/Users/cball/OneDrive/Documentos/Pessoal/ITA/SAT/Competições/SATRace2019/Benchmark/20180322_164224543_p_cnf_320_1120-sc2018.cnf	320	1120	1275095	1244703	2343913	56653670	33833	32010	1823	       24.69	       -0.06	2333	522398	SAT	      136.09
13	cadical_v21	15	1280	C:/Users/cball/OneDrive/Documentos/Pessoal/ITA/SAT/Competições/SATRace2019/Benchmark/20180326_095804936_p_cnf_320_1120-sc2018.cnf	320	1120	4186161	4095148	7021818	175746724	92444	85304	7140	       25.10	       -0.05	9178	1257549	SAT	      724.00
14	cadical_v21	15	1280	C:/Users/cball/OneDrive/Documentos/Pessoal/ITA/SAT/Competições/SATRace2019/Benchmark/24.4-sc2017.cnf	4448	80690	19165469	18676815	191777283	2414266024	602459	587910	14549	       90.69	       -0.15	22883	27421608	IND	     4999.42
15	cadical_v21	15	1280	C:/Users/cball/OneDrive/Documentos/Pessoal/ITA/SAT/Competições/SATRace2019/Benchmark/26_stack_cas_longest_true-unreach-call.i-cbmc-u2-sc2016.cnf	7807714	35974300	1322	1222	2744543	33737143	70	70	0	       15.74	       -0.27	1	13679	SAT	      136.81
16	cadical_v21	15	1280	C:/Users/cball/OneDrive/Documentos/Pessoal/ITA/SAT/Competições/SATRace2019/Benchmark/289-unsat-21x14-sc2011.cnf	1176	78498	47249504	46044493	200796327	1349644683	947327	913319	34008	       67.45	       -0.08	53383	24915335	IND	     4999.28
17	cadical_v21	15	1280	C:/Users/cball/OneDrive/Documentos/Pessoal/ITA/SAT/Competições/SATRace2019/Benchmark/58bits_13.dimacs-sr2015.cnf	1097	23771	8927229	8858822	17854496	1269501437	490978	477708	13270	       34.21	       -0.07	15805	4342402	IND	     4999.63
18	cadical_v21	15	1280	C:/Users/cball/OneDrive/Documentos/Pessoal/ITA/SAT/Competições/SATRace2019/Benchmark/6-4-6-sc2018.cnf	15320	245163	9663476	9497587	33120114	3408781072	481393	472164	9229	       57.14	       -0.10	12387	5210689	IND	     4999.30
19	cadical_v21	15	1280	C:/Users/cball/OneDrive/Documentos/Pessoal/ITA/SAT/Competições/SATRace2019/Benchmark/62bits_14.dimacs-sr2015.cnf	1164	28980	10023504	9946047	17691466	1278121903	513050	497345	15705	       34.20	       -0.06	19064	4306518	IND	     4999.30
20	cadical_v21	15	1280	C:/Users/cball/OneDrive/Documentos/Pessoal/ITA/SAT/Competições/SATRace2019/Benchmark/6s126-opt-sc2014.cnf	578891	1735495	4105424	3997467	28741803	2322036353	136739	121568	15171	       90.44	       -0.11	17111	5519081	UNSAT	     1046.39
21	cadical_v21	15	1280	C:/Users/cball/OneDrive/Documentos/Pessoal/ITA/SAT/Competições/SATRace2019/Benchmark/6s133-sc2014.cnf	48258	140967	2002713	1973919	10108833	361928981	135613	134441	1172	       22.57	       -0.12	1692	1875618	UNSAT	      238.72
22	cadical_v21	15	1280	C:/Users/cball/OneDrive/Documentos/Pessoal/ITA/SAT/Competições/SATRace2019/Benchmark/6s139-sc2013.cnf	508510	1464738	1645843	1624222	422410354	4047640591	69408	68862	546	       25.90	       -0.16	1073	235434060	UNSAT	     1214.80
23	cadical_v21	15	1280	C:/Users/cball/OneDrive/Documentos/Pessoal/ITA/SAT/Competições/SATRace2019/Benchmark/6s166-sc2013.cnf	5448	15992	506340	498914	1172771	52053752	21715	21268	447	       24.93	       -0.08	576	310437	UNSAT	       36.77
24	cadical_v21	15	1280	C:/Users/cball/OneDrive/Documentos/Pessoal/ITA/SAT/Competições/SATRace2019/Benchmark/6s169-opt-sc2014.cnf	6061	17574	342994	338717	813751	33542633	13303	12836	467	       21.53	       -0.08	596	170695	UNSAT	       18.81
25	cadical_v21	15	1280	C:/Users/cball/OneDrive/Documentos/Pessoal/ITA/SAT/Competições/SATRace2019/Benchmark/6s20-sc2013.cnf	58614	175092	3056659	2991372	8059865	1708393213	120861	117398	3463	       33.45	       -0.09	4740	1522678	UNSAT	      688.73
26	cadical_v21	15	1280	C:/Users/cball/OneDrive/Documentos/Pessoal/ITA/SAT/Competições/SATRace2019/Benchmark/9_50-sc2017.cnf	1458	30499	2717978	2670159	5961539	150106749	111423	108673	2750	       41.48	       -0.08	3773	1175491	SAT	      367.47
27	cadical_v21	15	1280	C:/Users/cball/OneDrive/Documentos/Pessoal/ITA/SAT/Competições/SATRace2019/Benchmark/9dlx_vliw_at_b_iq8-sc2007.cnf	371419	7170905	1105163	1075960	26036650	2429515484	36664	35552	1112	       83.28	       -0.09	1632	3925263	UNSAT	     1251.19
28	cadical_v21	15	1280	C:/Users/cball/OneDrive/Documentos/Pessoal/ITA/SAT/Competições/SATRace2019/Benchmark/9pipe_k-sc2012.cnf	49112	2317836	304796	297292	2185045	347950267	6530	6186	344	      339.69	       -0.08	475	650011	UNSAT	      182.08
29	cadical_v21	15	1280	C:/Users/cball/OneDrive/Documentos/Pessoal/ITA/SAT/Competições/SATRace2019/Benchmark/ACG-20-10p1-sc2009.cnf	381708	1619095	190547	151587	1818446	1337013443	6523	6338	185	      269.27	       -0.14	266	181143	SAT	      337.58
30	cadical_v21	15	1280	C:/Users/cball/OneDrive/Documentos/Pessoal/ITA/SAT/Competições/SATRace2019/Benchmark/AProVE07-26-sc2007.cnf	21734	78990	20203467	19917969	72751784	3647537146	779524	760013	19511	       57.19	       -0.09	27778	10381291	IND	     4999.39
31	cadical_v21	15	1280	C:/Users/cball/OneDrive/Documentos/Pessoal/ITA/SAT/Competições/SATRace2019/Benchmark/ASG_72_keystream76_1.cnf	3426	15230	7926687	7926426	7950770	2436211171	306963	286617	20346	       18.24	       -0.00	22218	4436927	SAT	     1063.22
32	cadical_v21	15	1280	C:/Users/cball/OneDrive/Documentos/Pessoal/ITA/SAT/Competições/SATRace2019/Benchmark/ASG_72_keystream76_2.cnf	3426	15230	5646624	5646473	5655808	2127632046	178654	160151	18503	       18.73	       -0.00	20399	2489020	SAT	      866.67
33	cadical_v21	15	1280	C:/Users/cball/OneDrive/Documentos/Pessoal/ITA/SAT/Competições/SATRace2019/Benchmark/ASG_96_len112_known_last12_2.cnf	6658	31911	60323	60253	63202	80972811	1320	900	420	       20.77	       -0.01	447	18767	SAT	       15.95
34	cadical_v21	15	1280	C:/Users/cball/OneDrive/Documentos/Pessoal/ITA/SAT/Competições/SATRace2019/Benchmark/ASG_96_len112_known_last12_2_u.cnf	6658	31911	60323	60253	63202	80972811	1320	900	420	       20.77	       -0.01	447	18767	SAT	       15.97
35	cadical_v21	15	1280	C:/Users/cball/OneDrive/Documentos/Pessoal/ITA/SAT/Competições/SATRace2019/Benchmark/ASG_96_len112_known_last13_2.cnf	6658	31909	954343	953856	962408	844778847	27399	23990	3409	       19.85	       -0.00	3847	272361	SAT	      292.09
36	cadical_v21	15	1280	C:/Users/cball/OneDrive/Documentos/Pessoal/ITA/SAT/Competições/SATRace2019/Benchmark/ASG_96_len112_known_last13_2_u.cnf	6658	31909	1752034	1751368	1766727	1606318656	70426	66623	3803	       17.64	       -0.00	4290	884751	UNSAT	      554.80
37	cadical_v21	15	1280	C:/Users/cball/OneDrive/Documentos/Pessoal/ITA/SAT/Competições/SATRace2019/Benchmark/Bibd-sc-10-03-08_c18.cnf	32852	170331	35602	34237	180767	14245280	3169	3156	13	       20.29	       -0.22	26	39049	SAT	        6.55
38	cadical_v21	15	1280	C:/Users/cball/OneDrive/Documentos/Pessoal/ITA/SAT/Competições/SATRace2019/Benchmark/CarSequencing-90-01_c18.cnf	66201	915628	129284	124701	2538522	65487952	7799	7762	37	       11.89	       -0.26	73	761987	SAT	       49.66
39	cadical_v21	15	1280	C:/Users/cball/OneDrive/Documentos/Pessoal/ITA/SAT/Competições/SATRace2019/Benchmark/CarSequencing-90-02_c18.cnf	48941	552747	50681	49374	608158	12384625	1371	1343	28	       12.18	       -0.17	53	225109	SAT	       14.70
40	cadical_v21	15	1280	C:/Users/cball/OneDrive/Documentos/Pessoal/ITA/SAT/Competições/SATRace2019/Benchmark/EDP3-70000-sc2014.cnf	708290	5425469	3577975	3430773	41623838	6669056279	96677	93749	2928	      396.58	       -0.16	4618	6532756	IND	     4998.92
41	cadical_v21	15	1280	C:/Users/cball/OneDrive/Documentos/Pessoal/ITA/SAT/Competições/SATRace2019/Benchmark/Eternity-10-05_c18.cnf	3298	142629	278886	269593	691476	36171407	10298	9998	300	       68.75	       -0.09	431	129195	SAT	       32.31
42	cadical_v21	15	1280	C:/Users/cball/OneDrive/Documentos/Pessoal/ITA/SAT/Competições/SATRace2019/Benchmark/Eternity-10-06_c18.cnf	4660	243504	7504161	7308222	16008924	1514828198	249047	243616	5431	      143.67	       -0.07	7490	4880036	SAT	     4526.73
43	cadical_v21	15	1280	C:/Users/cball/OneDrive/Documentos/Pessoal/ITA/SAT/Competições/SATRace2019/Benchmark/GracefulGraph-K04-P04_c18.cnf	2692	79064	554151	540647	1878977	73081603	32227	31864	363	       53.78	       -0.14	527	411860	SAT	       73.44
44	cadical_v21	15	1280	C:/Users/cball/OneDrive/Documentos/Pessoal/ITA/SAT/Competições/SATRace2019/Benchmark/GracefulGraph-K05-P02_c18.cnf	1385	27650	213710	209698	358794	23517813	4211	3780	431	       40.91	       -0.06	528	107500	SAT	       20.67
45	cadical_v21	15	1280	C:/Users/cball/OneDrive/Documentos/Pessoal/ITA/SAT/Competições/SATRace2019/Benchmark/Grain_no_init_ver1_out200_known_last104_0.cnf	2425	23118	12104161	12082363	13551699	1137617806	436399	403462	32937	       20.45	       -0.02	37697	4404805	SAT	     1950.81
46	cadical_v21	15	1280	C:/Users/cball/OneDrive/Documentos/Pessoal/ITA/SAT/Competições/SATRace2019/Benchmark/Grain_no_init_ver1_out200_known_last104_0_u.cnf	2425	23064	23154095	23123837	24037137	1325865590	861171	808277	52894	       19.71	       -0.01	60734	10146535	UNSAT	     2935.83
47	cadical_v21	15	1280	C:/Users/cball/OneDrive/Documentos/Pessoal/ITA/SAT/Competições/SATRace2019/Benchmark/Grain_no_init_ver1_out200_known_last105_0.cnf	2425	23032	7096526	7084444	7851614	702630030	318542	304817	13725	       19.08	       -0.02	15680	3568744	SAT	      881.39
48	cadical_v21	15	1280	C:/Users/cball/OneDrive/Documentos/Pessoal/ITA/SAT/Competições/SATRace2019/Benchmark/Grain_no_init_ver1_out200_known_last105_0_u.cnf	2425	23034	4832659	4824034	5294859	445362462	152531	138628	13903	       18.37	       -0.01	15857	1740647	UNSAT	      523.66
49	cadical_v21	15	1280	C:/Users/cball/OneDrive/Documentos/Pessoal/ITA/SAT/Competições/SATRace2019/Benchmark/Haystacks-ext-12_c18.cnf	1728	19526	4633477	4612634	5195711	55349599	138596	126499	12097	       44.10	       -0.02	14068	1588724	UNSAT	      345.33
50	cadical_v21	15	1280	C:/Users/cball/OneDrive/Documentos/Pessoal/ITA/SAT/Competições/SATRace2019/Benchmark/Haystacks-ext-13_c18.cnf	2197	26977	37054321	36854835	40287919	415342110	1415401	1343291	72110	       49.36	       -0.02	83020	18504863	IND	     4998.72
51	cadical_v21	15	1280	C:/Users/cball/OneDrive/Documentos/Pessoal/ITA/SAT/Competições/SATRace2019/Benchmark/IBM_FV_20002_31_1_rule_1_SAT_dat.k95-sc2007.cnf	141985	634173	12971025	12711293	50801734	7483948003	483184	472856	10328	       61.23	       -0.10	16051	7192295	IND	     4997.28
52	cadical_v21	15	1280	C:/Users/cball/OneDrive/Documentos/Pessoal/ITA/SAT/Competições/SATRace2019/Benchmark/IBM_FV_2004_rule_batch_2_31_2_SAT_dat.k45.debugged-sc2012.cnf	59794	243931	11494904	11306475	32774890	2996044736	492354	480923	11431	       55.70	       -0.09	15989	4892575	IND	     4998.88
53	cadical_v21	15	1280	C:/Users/cball/OneDrive/Documentos/Pessoal/ITA/SAT/Competições/SATRace2019/Benchmark/LABS_n066_goal005-sc2013.cnf	152376	308482	2839245	2802413	9677714	9112863301	122066	116802	5264	       44.64	       -0.07	6347	1217042	SAT	     3125.27
54	cadical_v21	15	1280	C:/Users/cball/OneDrive/Documentos/Pessoal/ITA/SAT/Competições/SATRace2019/Benchmark/LABS_n071_goal001-sc2013.cnf	189982	384580	2025764	1985397	4264663	8663126664	92372	90608	1764	       30.69	       -0.08	2276	1337067	UNSAT	     2584.84
55	cadical_v21	15	1280	C:/Users/cball/OneDrive/Documentos/Pessoal/ITA/SAT/Competições/SATRace2019/Benchmark/LABS_n087_goal008-sc2013.cnf	335424	950345	36286	35628	246387	454884386	2542	2490	52	       62.66	       -0.12	64	19898	SAT	      131.62
56	cadical_v21	15	1280	C:/Users/cball/OneDrive/Documentos/Pessoal/ITA/SAT/Competições/SATRace2019/Benchmark/LABS_n089_goal008-sc2013.cnf	351053	1039313	722098	711008	3703958	7450296567	34546	33152	1394	       57.52	       -0.09	1676	369381	SAT	     2004.67
57	cadical_v21	15	1280	C:/Users/cball/OneDrive/Documentos/Pessoal/ITA/SAT/Competições/SATRace2019/Benchmark/MASG0_72_keystream76_0.cnf	3426	20454	20427919	20427840	20435170	13431097888	817056	498868	318188	       14.38	       -0.00	322737	8056518	SAT	     3550.38
58	cadical_v21	15	1280	C:/Users/cball/OneDrive/Documentos/Pessoal/ITA/SAT/Competições/SATRace2019/Benchmark/MASG_72_keystream76_0.cnf	3426	20302	8889853	8889657	8899168	7141073461	325589	226204	99385	       17.16	       -0.00	100820	4808422	SAT	     2172.20
59	cadical_v21	15	1280	C:/Users/cball/OneDrive/Documentos/Pessoal/ITA/SAT/Competições/SATRace2019/Benchmark/MD5-29-4-sc2014.cnf	8590	65144	16771822	16347069	177601656	2921334876	408233	394705	13528	      124.61	       -0.14	21872	24074331	IND	     4999.09
60	cadical_v21	15	1280	C:/Users/cball/OneDrive/Documentos/Pessoal/ITA/SAT/Competições/SATRace2019/Benchmark/MD5-29-5-sc2014.cnf	8591	65154	16760747	16335163	177894879	2917603934	408837	395297	13540	      123.93	       -0.14	21884	23881844	IND	     4999.12
61	cadical_v21	15	1280	C:/Users/cball/OneDrive/Documentos/Pessoal/ITA/SAT/Competições/SATRace2019/Benchmark/MM-22.cnf	24975	111780	27707939	27085026	359846425	6804920164	1634453	1621409	13044	       68.53	       -0.15	21397	27139274	IND	     4999.33
62	cadical_v21	15	1280	C:/Users/cball/OneDrive/Documentos/Pessoal/ITA/SAT/Competições/SATRace2019/Benchmark/MM-23-2-2-2-2-3.cnf	26541	117126	25551291	25117645	242237446	4969890107	1192522	1178052	14470	       66.39	       -0.13	22806	24689795	IND	     4999.27
63	cadical_v21	15	1280	C:/Users/cball/OneDrive/Documentos/Pessoal/ITA/SAT/Competições/SATRace2019/Benchmark/MM-23-2-2-2-2-A.cnf	26541	117126	26370933	25904048	259804812	5304392932	1256191	1242278	13913	       66.60	       -0.13	22256	27140480	IND	     4999.34
64	cadical_v21	15	1280	C:/Users/cball/OneDrive/Documentos/Pessoal/ITA/SAT/Competições/SATRace2019/Benchmark/MM-23-2-2-2-2-B.cnf	26541	117126	25106697	24672901	234571326	4951181018	1126484	1112288	14196	       68.00	       -0.13	22536	24652692	IND	     4999.67
65	cadical_v21	15	1280	C:/Users/cball/OneDrive/Documentos/Pessoal/ITA/SAT/Competições/SATRace2019/Benchmark/MM-23-2-2-2-2-C.cnf	26541	117126	25300154	24862346	228389942	4890671050	1076214	1061915	14299	       68.43	       -0.13	22637	25241867	IND	     4999.38
66	cadical_v21	15	1280	C:/Users/cball/OneDrive/Documentos/Pessoal/ITA/SAT/Competições/SATRace2019/Benchmark/MM-23-2-2-2-2-D.cnf	26541	117126	24998649	24567050	218314049	4857979911	1015592	1001963	13629	       70.59	       -0.12	21976	24941725	IND	     4999.31
67	cadical_v21	15	1280	C:/Users/cball/OneDrive/Documentos/Pessoal/ITA/SAT/Competições/SATRace2019/Benchmark/MM-23-2-2-2-2-M.cnf	26541	117126	24661132	24236477	224826566	4811258313	1064204	1050260	13944	       68.56	       -0.13	22287	23935585	IND	     4999.42
68	cadical_v21	15	1280	C:/Users/cball/OneDrive/Documentos/Pessoal/ITA/SAT/Competições/SATRace2019/Benchmark/MM-23-2-2-2-3-4.cnf	26541	117126	23948111	23560357	212718120	4542020461	1055800	1041604	14196	       67.80	       -0.12	22536	21297654	IND	     4998.16
69	cadical_v21	15	1280	C:/Users/cball/OneDrive/Documentos/Pessoal/ITA/SAT/Competições/SATRace2019/Benchmark/MM-23-2-2-2-4-A.cnf	26541	117126	24199641	23791042	211535507	4673356575	1016419	1002458	13961	       69.56	       -0.12	22303	22647495	IND	     4994.55
70	cadical_v21	15	1280	C:/Users/cball/OneDrive/Documentos/Pessoal/ITA/SAT/Competições/SATRace2019/Benchmark/MM-23-2-2-2-4-B.cnf	26541	117126	24371189	23962210	215547629	4725648151	1035147	1021072	14075	       69.65	       -0.12	22416	22731392	IND	     4997.83
71	cadical_v21	15	1280	C:/Users/cball/OneDrive/Documentos/Pessoal/ITA/SAT/Competições/SATRace2019/Benchmark/MM-23-2-2-3-A.cnf	26541	117126	24027446	23613227	201523594	4571005505	929540	915353	14187	       72.02	       -0.12	22527	22722502	IND	     4997.35
72	cadical_v21	15	1280	C:/Users/cball/OneDrive/Documentos/Pessoal/ITA/SAT/Competições/SATRace2019/Benchmark/MM-23-2-2-3-B.cnf	26541	117126	21714357	21345331	175672283	4148805118	816045	801729	14316	       75.82	       -0.12	22655	19023284	IND	     4988.02
73	cadical_v21	15	1280	C:/Users/cball/OneDrive/Documentos/Pessoal/ITA/SAT/Competições/SATRace2019/Benchmark/MM-23-2-4-A.cnf	26541	117126	22105148	21733414	190012378	4296938843	907049	892815	14234	       75.04	       -0.12	22573	18801280	IND	     4997.23
74	cadical_v21	15	1280	C:/Users/cball/OneDrive/Documentos/Pessoal/ITA/SAT/Competições/SATRace2019/Benchmark/MM-23-2-4-B.cnf	26541	117126	23533601	23133090	215590197	4575632232	1035289	1020666	14623	       69.13	       -0.12	22957	21338146	IND	     4997.27
75	cadical_v21	15	1280	C:/Users/cball/OneDrive/Documentos/Pessoal/ITA/SAT/Competições/SATRace2019/Benchmark/MM-23-3-3-A.cnf	