ID	version	restart base fast	restart base slow	file	vars	clauses	conflicts	learned	decisions	propagations	restarts	restarts unstable	restarts stable	learned avg. size	learnt stack avg	learnt stack stable counter	learnt stack unstable counter	answer	cpu time
1	cadical_v21	3	320	C:/Users/cball/OneDrive/Documentos/Pessoal/ITA/SAT/Competições/SATRace2019-2/Benchmark/sha2.shuffled-as.sat03-442-sc2002.cnf	61377	235249	2462460	2431112	9947223	6602662290	88866	81101	7765	      502.27	       -0.04	11051	1560772	IND	     4991.76
2	cadical_v21	3	320	C:/Users/cball/OneDrive/Documentos/Pessoal/ITA/SAT/Competições/SATRace2019-2/Benchmark/sin.c.75.smt2-cvc4-sc2016.cnf	7916927	32591905	2325028	2247754	14029684	2697797944	131197	127358	3839	       22.26	       -0.18	6767	2429337	IND	     5000.94
3	cadical_v21	3	320	C:/Users/cball/OneDrive/Documentos/Pessoal/ITA/SAT/Competições/SATRace2019-2/Benchmark/size_4_4_4_i0418_r8.cnf	1140	4253	2832723	2799368	4425624	119947654	112681	105502	7179	       19.14	       -0.06	11638	1131227	UNSAT	      269.26
4	cadical_v21	3	320	C:/Users/cball/OneDrive/Documentos/Pessoal/ITA/SAT/Competições/SATRace2019-2/Benchmark/size_4_4_4_i0566_r8.cnf	1140	4253	4277556	4232828	6185096	186112012	132193	118475	13718	       20.51	       -0.05	22003	1274450	UNSAT	      504.69
5	cadical_v21	3	320	C:/Users/cball/OneDrive/Documentos/Pessoal/ITA/SAT/Competições/SATRace2019-2/Benchmark/size_4_4_4_i2704_r8.cnf	1140	4253	3533031	3494096	5261698	158109020	120934	110267	10667	       20.23	       -0.05	17249	1106747	UNSAT	      410.47
6	cadical_v21	3	320	C:/Users/cball/OneDrive/Documentos/Pessoal/ITA/SAT/Competições/SATRace2019-2/Benchmark/size_4_4_4_i3499_r8.cnf	1140	4253	4013603	3970109	5864447	165671881	124163	111079	13084	       19.72	       -0.05	21124	1113052	UNSAT	      445.72
7	cadical_v21	3	320	C:/Users/cball/OneDrive/Documentos/Pessoal/ITA/SAT/Competições/SATRace2019-2/Benchmark/size_4_4_4_i4096_r8.cnf	1140	4253	2902687	2868678	4602121	128310096	117371	109738	7633	       19.99	       -0.06	12302	1110888	UNSAT	      319.52
8	cadical_v21	3	320	C:/Users/cball/OneDrive/Documentos/Pessoal/ITA/SAT/Competições/SATRace2019-2/Benchmark/size_4_4_4_i4295_r8.cnf	1140	4253	2039948	2014392	3533393	91176085	108389	104957	3432	       19.31	       -0.08	5503	1115172	UNSAT	      192.14
9	cadical_v21	3	320	C:/Users/cball/OneDrive/Documentos/Pessoal/ITA/SAT/Competições/SATRace2019-2/Benchmark/size_4_4_4_i4473_r8.cnf	1140	4253	2628056	2596130	4290923	110877521	113963	107678	6285	       19.30	       -0.07	10120	1115579	UNSAT	      255.17
10	cadical_v21	3	320	C:/Users/cball/OneDrive/Documentos/Pessoal/ITA/SAT/Competições/SATRace2019-2/Benchmark/size_4_4_4_i4828_r8.cnf	1140	4253	3690860	3649492	5524926	152103113	121928	110254	11674	       19.39	       -0.05	18734	1110841	UNSAT	      381.11
11	cadical_v21	3	320	C:/Users/cball/OneDrive/Documentos/Pessoal/ITA/SAT/Competições/SATRace2019-2/Benchmark/size_5_5_5_i003_r12.cnf	3220	12314	3415480	3363801	9066773	240064524	136239	125542	10697	       35.90	       -0.09	16912	1224882	SAT	      340.95
12	cadical_v21	3	320	C:/Users/cball/OneDrive/Documentos/Pessoal/ITA/SAT/Competições/SATRace2019-2/Benchmark/size_5_5_5_i044_r12.cnf	3220	12314	12145104	11972775	29498018	797183644	494464	460039	34425	       34.68	       -0.08	54693	4859816	SAT	     1989.81
13	cadical_v21	3	320	C:/Users/cball/OneDrive/Documentos/Pessoal/ITA/SAT/Competições/SATRace2019-2/Benchmark/size_5_5_5_i063_r12.cnf	3220	12314	595760	585156	2371527	46558647	39836	38470	1366	       30.44	       -0.13	2141	291596	SAT	       44.05
14	cadical_v21	3	320	C:/Users/cball/OneDrive/Documentos/Pessoal/ITA/SAT/Competições/SATRace2019-2/Benchmark/size_5_5_5_i116_r12.cnf	3220	12314	2482026	2442400	7974767	175847321	136369	130407	5962	       33.05	       -0.11	9346	1178632	SAT	      260.97
15	cadical_v21	3	320	C:/Users/cball/OneDrive/Documentos/Pessoal/ITA/SAT/Competições/SATRace2019-2/Benchmark/size_5_5_5_i171_r12.cnf	3220	12314	2534223	2495282	7151528	180137266	120661	114450	6211	       32.86	       -0.09	9756	1201363	SAT	      250.33
16	cadical_v21	3	320	C:/Users/cball/OneDrive/Documentos/Pessoal/ITA/SAT/Competições/SATRace2019-2/Benchmark/size_5_5_5_i198_r12.cnf	3220	12314	579029	569405	2034496	43479618	34111	32812	1299	       29.35	       -0.12	2021	298835	SAT	       37.61
17	cadical_v21	3	320	C:/Users/cball/OneDrive/Documentos/Pessoal/ITA/SAT/Competições/SATRace2019-2/Benchmark/size_5_5_5_i218_r12.cnf	3220	12314	152362	149437	592805	15546323	8925	8559	366	       29.63	       -0.13	572	83371	SAT	        8.36
18	cadical_v21	3	320	C:/Users/cball/OneDrive/Documentos/Pessoal/ITA/SAT/Competições/SATRace2019-2/Benchmark/size_5_5_5_i223_r12.cnf	3220	12314	2323175	2284055	8577082	167871343	145080	140048	5032	       31.11	       -0.12	7938	1157630	SAT	      232.78
19	cadical_v21	3	320	C:/Users/cball/OneDrive/Documentos/Pessoal/ITA/SAT/Competições/SATRace2019-2/Benchmark/size_5_5_5_i235_r12.cnf	3220	12314	3749563	3695608	9131830	268258971	134722	122358	12364	       37.01	       -0.08	19594	1236859	SAT	      398.86
20	cadical_v21	3	320	C:/Users/cball/OneDrive/Documentos/Pessoal/ITA/SAT/Competições/SATRace2019-2/Benchmark/size_5_5_5_i251_r12.cnf	3220	12314	13314108	13129298	32751915	938955369	511489	470700	40789	       34.31	       -0.08	64593	4789935	SAT	     2163.42
21	cadical_v21	3	320	C:/Users/cball/OneDrive/Documentos/Pessoal/ITA/SAT/Competições/SATRace2019-2/Benchmark/size_5_5_5_i260_r12.cnf	3220	12314	13115890	12930588	33898418	934750580	537875	498181	39694	       35.11	       -0.08	62899	4670291	SAT	     2337.22
22	cadical_v21	3	320	C:/Users/cball/OneDrive/Documentos/Pessoal/ITA/SAT/Competições/SATRace2019-2/Benchmark/size_5_5_5_i272_r12.cnf	3220	12314	13071707	12885802	32768819	969584790	524132	484914	39218	       38.17	       -0.08	62289	4793391	SAT	     2400.12
23	cadical_v21	3	320	C:/Users/cball/OneDrive/Documentos/Pessoal/ITA/SAT/Competições/SATRace2019-2/Benchmark/slp-synthesis-aes-bottom13-sc2011.cnf	19995	62866	370024	361466	820068	82281171	17401	16464	937	       32.11	       -0.08	1452	166947	UNSAT	       42.08
24	cadical_v21	3	320	C:/Users/cball/OneDrive/Documentos/Pessoal/ITA/SAT/Competições/SATRace2019-2/Benchmark/slp-synthesis-aes-bottom18-sc2011.cnf	36410	115054	16116928	15819517	35728963	4283048284	487697	429816	57881	       65.31	       -0.06	90035	4667722	IND	     4999.47
25	cadical_v21	3	320	C:/Users/cball/OneDrive/Documentos/Pessoal/ITA/SAT/Competições/SATRace2019-2/Benchmark/slp-synthesis-aes-bottom22-sc2011.cnf	53118	168346	15062973	14754202	47315455	5699333898	522555	468854	53701	       70.19	       -0.08	82674	4888275	IND	     4998.28
26	cadical_v21	3	320	C:/Users/cball/OneDrive/Documentos/Pessoal/ITA/SAT/Competições/SATRace2019-2/Benchmark/slp-synthesis-aes-bottom26-sc2011.cnf	73074	231921	14623066	14313041	53129998	6487858937	509268	458400	50868	       76.47	       -0.09	78529	5060232	IND	     4999.33
27	cadical_v21	3	320	C:/Users/cball/OneDrive/Documentos/Pessoal/ITA/SAT/Competições/SATRace2019-2/Benchmark/slp-synthesis-aes-top21-sc2011.cnf	51138	153348	19324631	19031078	31482762	2173713364	673031	619199	53832	       25.91	       -0.06	86926	7277258	UNSAT	     4291.41
28	cadical_v21	3	320	C:/Users/cball/OneDrive/Documentos/Pessoal/ITA/SAT/Competições/SATRace2019-2/Benchmark/slp-synthesis-aes-top26-sc2011.cnf	76943	231299	193528	188987	757613	108274246	10866	10268	598	       43.15	       -0.15	929	107504	SAT	       35.28
29	cadical_v21	3	320	C:/Users/cball/OneDrive/Documentos/Pessoal/ITA/SAT/Competições/SATRace2019-2/Benchmark/smtlib-qfbv-aigs-countbits128-tseitin-sc2011.cnf	95810	287043	5622952	5512412	15833721	2304242969	252032	237610	14422	       77.28	       -0.10	22686	2884788	UNSAT	     1246.95
30	cadical_v21	3	320	C:/Users/cball/OneDrive/Documentos/Pessoal/ITA/SAT/Competições/SATRace2019-2/Benchmark/smulo032-sc2012.cnf	11785	35160	1262119	1236882	2923379	223453169	60914	57193	3721	       25.81	       -0.10	5787	515602	UNSAT	      151.33
31	cadical_v21	3	320	C:/Users/cball/OneDrive/Documentos/Pessoal/ITA/SAT/Competições/SATRace2019-2/Benchmark/snw_13_8_pre-sc2016.cnf	20446	689272	1992057	1944431	3487372	3946617308	89285	85863	3422	       25.48	       -0.08	5488	1249722	UNSAT	     1785.70
32	cadical_v21	3	320	C:/Users/cball/OneDrive/Documentos/Pessoal/ITA/SAT/Competições/SATRace2019-2/Benchmark/snw_16_8_nopre-sc2016.cnf	103136	4673415	1255292	1219134	2262726	6293117442	39678	36306	3372	       26.65	       -0.08	5439	657932	UNSAT	     3283.17
33	cadical_v21	3	320	C:/Users/cball/OneDrive/Documentos/Pessoal/ITA/SAT/Competições/SATRace2019-2/Benchmark/snw_16_8_pre-sc2016.cnf	76006	3192315	1131394	1101610	1940818	5694606770	32951	29518	3433	       25.68	       -0.07	5500	499665	UNSAT	     3040.92
34	cadical_v21	3	320	C:/Users/cball/OneDrive/Documentos/Pessoal/ITA/SAT/Competições/SATRace2019-2/Benchmark/sokoban-p16.sas.ex.15-sc2016.cnf	2343808	5010575	1137923	1026866	9504333	1286105683	22687	18025	4662	      352.63	       -0.07	6674	1291504	UNSAT	     1279.59
35	cadical_v21	3	320	C:/Users/cball/OneDrive/Documentos/Pessoal/ITA/SAT/Competições/SATRace2019-2/Benchmark/sokoban-p16.sas.ex.19-sc2016.cnf	2929760	6277585	3464629	3124727	37520963	4306462731	67981	53168	14813	      564.09	       -0.07	20975	4007069	IND	     4999.58
36	cadical_v21	3	320	C:/Users/cball/OneDrive/Documentos/Pessoal/ITA/SAT/Competições/SATRace2019-2/Benchmark/sokoban-p16.sas.ex.21-sc2016.cnf	3222736	6910393	3368927	3008822	42236050	4515235681	67532	53614	13918	      584.86	       -0.08	19794	4456715	IND	     5000.64
37	cadical_v21	3	320	C:/Users/cball/OneDrive/Documentos/Pessoal/ITA/SAT/Competições/SATRace2019-2/Benchmark/sokoban-p16.sas.ex.23-sc2016.cnf	3515712	7543854	3408504	3021934	48169861	4600585989	66221	51750	14471	      601.73	       -0.08	20430	5014459	IND	     4999.37
38	cadical_v21	3	320	C:/Users/cball/OneDrive/Documentos/Pessoal/ITA/SAT/Competições/SATRace2019-2/Benchmark/sokoban-p20.sas.cr.35-sc2016.cnf	172512	1477968	3194904	2771220	38067336	9682920634	62239	49695	12544	      732.22	       -0.08	17891	3394415	IND	     4999.31
39	cadical_v21	3	320	C:/Users/cball/OneDrive/Documentos/Pessoal/ITA/SAT/Competições/SATRace2019-2/Benchmark/sokoban-p20.sas.ex.15-sc2016.cnf	2430976	5169846	3396872	3055227	37276152	4335980914	66266	51919	14347	      537.46	       -0.07	20299	3996765	IND	     4999.42
40	cadical_v21	3	320	C:/Users/cball/OneDrive/Documentos/Pessoal/ITA/SAT/Competições/SATRace2019-2/Benchmark/sokoban-p20.sas.ex.17-sc2016.cnf	2734848	5821656	3435652	3056766	47902012	4269747641	70356	55652	14704	      577.79	       -0.08	20754	4878079	IND	     4999.48
41	cadical_v21	3	320	C:/Users/cball/OneDrive/Documentos/Pessoal/ITA/SAT/Competições/SATRace2019-2/Benchmark/sokoban-p20.sas.ex.23-sc2016.cnf	3646464	7777501	3670931	3197149	63571821	4558157133	69935	54230	15705	      512.04	       -0.09	22382	6737029	IND	     4994.98
42	cadical_v21	3	320	C:/Users/cball/OneDrive/Documentos/Pessoal/ITA/SAT/Competições/SATRace2019-2/Benchmark/squ_ali_s10x10_c39_abix_SAT-sc2017.cnf	1672	5262	657592	644708	1741129	55691982	40598	39039	1559	       23.37	       -0.11	2522	255063	SAT	       49.53
43	cadical_v21	3	320	C:/Users/cball/OneDrive/Documentos/Pessoal/ITA/SAT/Competições/SATRace2019-2/Benchmark/squ_any_s09x07_c27_abio_UNS-sc2017.cnf	851	2702	6821436	6735139	9572092	238588916	318692	305434	13258	       17.02	       -0.05	21546	3310020	UNSAT	     1092.30
44	cadical_v21	3	320	C:/Users/cball/OneDrive/Documentos/Pessoal/ITA/SAT/Competições/SATRace2019-2/Benchmark/srhd-sgi-m62-q1504.5-n60-p30-s88600538-sc2011.cnf	3651	926696	14769474	14519379	17993930	1890475891	328615	268765	59850	      203.02	       -0.02	87700	5283809	IND	     4996.31
45	cadical_v21	3	320	C:/Users/cball/OneDrive/Documentos/Pessoal/ITA/SAT/Competições/SATRace2019-2/Benchmark/stable-400-0.1-4-9876543214004-sc2014.cnf	400	30664	17493782	17021285	22013308	467092386	364269	301317	62952	       78.81	       -0.04	95719	6514062	IND	     4998.52
46	cadical_v21	3	320	C:/Users/cball/OneDrive/Documentos/Pessoal/ITA/SAT/Competições/SATRace2019-2/Benchmark/sted1_0x0-380-sc2018.cnf	13431	335655	8072848	7819983	29398740	3167946934	410736	395482	15254	       54.37	       -0.10	23494	4762793	IND	     4994.80
47	cadical_v21	3	320	C:/Users/cball/OneDrive/Documentos/Pessoal/ITA/SAT/Competições/SATRace2019-2/Benchmark/stone-width3chain-nmarkers-20_shuffled-sc2016.cnf	3906	13611728	17507565	17246823	254513071	565782451	335056	213959	121097	       69.53	       -0.02	152325	90800713	IND	     4998.89
48	cadical_v21	3	320	C:/Users/cball/OneDrive/Documentos/Pessoal/ITA/SAT/Competições/SATRace2019-2/Benchmark/sv-comp19_prop-reachsafety.25_stack_longest_false-unreach-call.i-witness.cnf	3738383	16651874	1833	1626	2108250	23026303	71	71	0	       20.67	       -0.22	3	3992	SAT	       52.91
49	cadical_v21	3	320	C:/Users/cball/OneDrive/Documentos/Pessoal/ITA/SAT/Competições/SATRace2019-2/Benchmark/sv-comp19_prop-reachsafety.26_stack_cas_longer_false-unreach-call.i-witness.cnf	2633376	12055676	2479	2324	664187	19402149	127	126	1	      105.60	       -0.23	6	9823	SAT	       44.81
50	cadical_v21	3	320	C:/Users/cball/OneDrive/Documentos/Pessoal/ITA/SAT/Competições/SATRace2019-2/Benchmark/sv-comp19_prop-reachsafety.barrier_3t_true-unreach-call.i-witness.cnf	9582411	46593859	35380	32746	4517561	972326666	1851	1841	10	      147.69	       -0.28	53	1528751	SAT	     1574.55
51	cadical_v21	3	320	C:/Users/cball/OneDrive/Documentos/Pessoal/ITA/SAT/Competições/SATRace2019-2/Benchmark/sv-comp19_prop-reachsafety.fib_bench_longest_false-unreach-call.i-witness.cnf	33721	157681	1819983	1738598	7599055	575717837	67168	63328	3840	       72.20	       -0.11	5898	1446435	SAT	      331.49
52	cadical_v21	3	320	C:/Users/cball/OneDrive/Documentos/Pessoal/ITA/SAT/Competições/SATRace2019-2/Benchmark/sv-comp19_prop-reachsafety.newton_2_2_true-unreach-call_true-termination.i-witness.cnf	110108	506714	166579	160603	338040	675980843	5606	5132	474	      140.30	       -0.07	722	100579	UNSAT	      208.12
53	cadical_v21	3	320	C:/Users/cball/OneDrive/Documentos/Pessoal/ITA/SAT/Competições/SATRace2019-2/Benchmark/sv-comp19_prop-reachsafety.newton_2_3_true-unreach-call_true-termination.i-witness.cnf	110108	506718	171575	164896	402430	720713036	6470	6005	465	       63.28	       -0.09	730	105363	UNSAT	      212.48
54	cadical_v21	3	320	C:/Users/cball/OneDrive/Documentos/Pessoal/ITA/SAT/Competições/SATRace2019-2/Benchmark/sv-comp19_prop-reachsafety.newton_2_4_true-unreach-call_true-termination.i-witness.cnf	110108	506714	176316	169587	444964	646082285	6520	6015	505	       62.57	       -0.10	783	107092	UNSAT	      187.00
55	cadical_v21	3	320	C:/Users/cball/OneDrive/Documentos/Pessoal/ITA/SAT/Competições/SATRace2019-2/Benchmark/sv-comp19_prop-reachsafety.newton_2_6_false-unreach-call_true-termination.i-witness.cnf	110108	506718	61075	58273	173478	184552264	1120	914	206	       71.65	       -0.09	329	35836	SAT	       62.99
56	cadical_v21	3	320	C:/Users/cball/OneDrive/Documentos/Pessoal/ITA/SAT/Competições/SATRace2019-2/Benchmark/sv-comp19_prop-reachsafety.newton_2_8_false-unreach-call_true-termination.i-witness.cnf	110079	506624	95410	90596	311129	266584162	3085	2860	225	       74.26	       -0.12	353	87794	SAT	       89.62
57	cadical_v21	3	320	C:/Users/cball/OneDrive/Documentos/Pessoal/ITA/SAT/Competições/SATRace2019-2/Benchmark/sv-comp19_prop-reachsafety.newton_3_6_false-unreach-call_true-termination.i-witness.cnf	164916	759313	369309	355392	818427	1981440778	16185	15221	964	       99.49	       -0.08	1479	245703	SAT	      591.42
58	cadical_v21	3	320	C:/Users/cball/OneDrive/Documentos/Pessoal/ITA/SAT/Competições/SATRace2019-2/Benchmark/sv-comp19_prop-reachsafety.newton_3_7_false-unreach-call_true-termination.i-witness.cnf	164915	759314	138263	130870	426550	332806583	4504	4203	301	       97.35	       -0.11	462	126603	SAT	      121.61
59	cadical_v21	3	320	C:/Users/cball/OneDrive/Documentos/Pessoal/ITA/SAT/Competições/SATRace2019-2/Benchmark/sv-comp19_prop-reachsafety.newton_3_8_false-unreach-call_true-termination.i-witness.cnf	164887	759228	188449	179325	564444	638908592	5114	4472	642	      115.95	       -0.10	954	128242	SAT	      209.70
60	cadical_v21	3	320	C:/Users/cball/OneDrive/Documentos/Pessoal/ITA/SAT/Competições/SATRace2019-2/Benchmark/sv-comp19_prop-reachsafety.queue_longer_false-unreach-call.i-witness.cnf	8043699	39376148	23789	21463	1493140	559309645	1354	1310	44	       42.30	       -0.22	74	343723	SAT	     1251.12
61	cadical_v21	3	320	C:/Users/cball/OneDrive/Documentos/Pessoal/ITA/SAT/Competições/SATRace2019-2/Benchmark/sv-comp19_prop-reachsafety.race-4_2-thread_local_vars_false-unreach-call.i-witness.cnf	693001	3661576	9511	8677	1082671	24346646	529	521	8	       26.99	       -0.23	23	803298	SAT	       50.66
62	cadical_v21	3	320	C:/Users/cball/OneDrive/Documentos/Pessoal/ITA/SAT/Competições/SATRace2019-2/Benchmark/sv-comp19_prop-reachsafety.sigma_false-unreach-call.i-witness.cnf	1094922	5009021	1252666	1200258	18785580	1740008764	76271	73149	3122	       42.14	       -0.19	5188	5343535	SAT	      806.61
63	cadical_v21	3	320	C:/Users/cball/OneDrive/Documentos/Pessoal/ITA/SAT/Competições/SATRace2019-2/Benchmark/sv-comp19_prop-reachsafety.sine_8_true-unreach-call_true-termination.i-witness.cnf	26421	122125	31589	30403	65822	103747542	2108	2041	67	       47.75	       -0.07	100	20930	UNSAT	       28.36
64	cadical_v21	3	320	C:/Users/cball/OneDrive/Documentos/Pessoal/ITA/SAT/Competições/SATRace2019-2/Benchmark/sv-comp19_prop-reachsafety.square_5_true-unreach-call_true-termination.i-witness.cnf	26275	121056	400216	398936	426540	2148234868	8725	7914	811	       20.73	       -0.01	1332	212875	UNSAT	      529.06
65	cadical_v21	3	320	C:/Users/cball/OneDrive/Documentos/Pessoal/ITA/SAT/Competições/SATRace2019-2/Benchmark/sv-comp19_prop-reachsafety.triangular-longer_false-unreach-call.i-witness.cnf	20965	93387	17226173	16484394	52583398	2748742382	409336	345974	63362	       63.46	       -0.07	96285	10079063	SAT	     3369.00
66	cadical_v21	3	320	C:/Users/cball/OneDrive/Documentos/Pessoal/ITA/SAT/Competições/SATRace2019-2/Benchmark/test_v7_r12_vr10_c1_s18160.smt2-stp212-sc2016.cnf	314295	1258522	6043606	5871335	21990423	10232782547	307257	293998	13259	       54.98	       -0.15	21538	4298352	IND	     4999.41
67	cadical_v21	3	320	C:/Users/cball/OneDrive/Documentos/Pessoal/ITA/SAT/Competições/SATRace2019-2/Benchmark/total-10-15-s-sc2007.cnf	270120	1227441	382712	365954	1635237	361062385	12509	11520	989	      127.44	       -0.07	1501	206258	SAT	      131.30
68	cadical_v21	3	320	C:/Users/cball/OneDrive/Documentos/Pessoal/ITA/SAT/Competições/SATRace2019-2/Benchmark/total-10-15-u-sc2007.cnf	269416	1214079	21049754	20647510	41207146	6193466765	724725	665198	59527	       46.64	       -0.06	92475	8654267	IND	     4999.61
69	cadical_v21	3	320	C:/Users/cball/OneDrive/Documentos/Pessoal/ITA/SAT/Competições/SATRace2019-2/Benchmark/toughsat_22bits_0.cnf	600	16790	503544	499921	783403	43165955	34200	33226	974	       20.97	       -0.07	1490	253675	SAT	       86.58
70	cadical_v21	3	320	C:/Users/cball/OneDrive/Documentos/Pessoal/ITA/SAT/Competições/SATRace2019-2/Benchmark/toughsat_22bits_1.cnf	600	16668	165042	163585	275871	11833346	8707	8253	454	       20.11	       -0.07	698	67051	SAT	       15.27
71	cadical_v21	3	320	C:/Users/cball/OneDrive/Documentos/Pessoal/ITA/SAT/Competições/SATRace2019-2/Benchmark/toughsat_23bits_0.cnf	679	18374	609965	603785	1095034	54927115	34695	33211	1484	       20.49	       -0.08	2301	269819	SAT	       99.98
72	cadical_v21	3	320	C:/Users/cball/OneDrive/Documentos/Pessoal/ITA/SAT/Competições/SATRace2019-2/Benchmark/toughsat_23bits_1.cnf	679	18401	662367	656771	1106986	59838328	36635	34916	1719	       20.98	       -0.07	2696	261073	SAT	      108.88
73	cadical_v21	3	320	C:/Users/cball/OneDrive/Documentos/Pessoal/ITA/SAT/Competições/SATRace2019-2/Benchmark/toughsat_23bits_2.cnf	679	18422	586690	581975	1003972	50188692	38044	36674	1370	       21.44	       -0.07	2116	254855	SAT	       91.39
74	cadical_v21	3	320	C:/Users/cball/OneDrive/Documentos/Pessoal/ITA/SAT/Competições/SATRace2019-2/Benchmark/toughsat_23bits_3.cnf	679	18292	691174	685317	1154636	60096957	37609	35654	1955	       21.94	       -0.07	3018	261006	SAT	      108.91
75	cadical_v21	3	320	C:/Users/cball/OneDrive/Documentos/Pessoal/ITA/SAT/Competições/SATRace2019-2/Benchmark/toughsat_24bits_0.cnf	686	19093	984131	977946	1439489	102010219	37727	34223	3504	       21.20	       -0.05	5455	262888	SAT	      197.36
76	cadical_v21	3	320	C:/Users/cball/OneDrive/Documentos/Pessoal/ITA/SAT/Competições/SATRace2019-2/Benchmark/toughsat_24bits_1.cnf	687	19618	859831	853682	1357605	82371634	39614	36707	2907	       22.46	       -0.06	4480	257061	SAT	      162.88
77	cadical_v21	3	320	C:/Users/cball/OneDrive/Documentos/Pessoal/ITA/SAT/Competições/SATRace2019-2/Benchmark/toughsat_24bits_2.cnf	686	19096	595960	590962	1040648	54380724	36673	35189	1484	       21.89	       -0.07	2256	258739	SAT	       97.97
78	cadical_v21	3	320	C:/Users/cball/OneDrive/Documentos/Pessoal/ITA/SAT/Competições/SATRace2019-2/Benchmark/toughsat_24bits_3.cnf	687	19681	128629	126790	291158	5917110	9195	8951	244	       19.35	       -0.11	378	69309	SAT	        8.27
79	cadical_v21	3	320	C:/Users/cball/OneDrive/Documentos/Pessoal/ITA/SAT/Competições/SATRace2019-2/Benchmark/toughsat_25bits_0.cnf	827	20662	618358	612729	1106009	56117571	36662	35107	1555	       23.35	       -0.07	2397	261971	SAT	       90.16
80	cadical_v21	3	320	C:/Users/cball/OneDrive/Documentos/Pessoal/ITA/SAT/Competições/SATRace2019-2/Benchmark/toughsat_25bits_1.cnf	827	20629	1871575	1856741	3496722	201677528	132189	128470	3719	       24.69	       -0.08	5788	874909	SAT	      544.03
81	cadical_v21	3	320	C:/Users/cball/OneDrive/Documentos/Pessoal/ITA/SAT/Competições/SATRace2019-2/Benchmark/toughsat_25bits_2.cnf	827	20669	836576	829283	1392063	84788145	38940	36246	2694	       23.39	       -0.06	4199	262594	SAT	      139.34
82	cadical_v21	3	320	C:/Users/cball/OneDrive/Documentos/Pessoal/ITA/SAT/Competições/SATRace2019-2/Benchmark/toughsat_25bits_3.cnf	827	20730	1942775	1924643	3656678	202416930	135686	131894	3792	       23.22	       -0.08	5860	939357	SAT	      620.12
83	cadical_v21	3	320	C:/Users/cball/OneDrive/Documentos/Pessoal/ITA/SAT/Competições/SATRace2019-2/Benchmark/toughsat_26bits_0.cnf	895	20751	3857516	3834135	5486672	475545890	147530	133993	13537	       25.20	       -0.04	21089	1043919	SAT	     1499.31
84	cadical_v21	3	320	C:/Users/cball/OneDrive/Documentos/Pessoal/ITA/SAT/Competições/SATRace2019-2/Benchmark/toughsat_26bits_1.cnf	895	20847	904288	897419	1357657	94174620	36124	32936	3188	       25.63	       -0.05	4894	268467	SAT	      151.48
85	cadical_v21	3	320	C:/Users/cball/OneDrive/Documentos/Pessoal/ITA/SAT/Competições/SATRace2019-2/Benchmark/toughsat_26bits_2.cnf	895	20756	2367377	2348152	3950909	262890458	139250	133673	5577	       25.71	       -0.06	8614	1048470	SAT	      674.94
86	cadical_v21	3	320	C:/Users/cball/OneDrive/Documentos/Pessoal/ITA/SAT/Competições/SATRace2019-2/Benchmark/toughsat_26bits_3.cnf	895	20818	2364793	2344207	4173611	266893974	138769	133356	5413	       24.05	       -0.07	8445	1045141	SAT	      778.28
87	cadical_v21	3	320	C:/Users/cball/OneDrive/Documentos/Pessoal/ITA/SAT/Competições/SATRace2019-2/Benchmark/toughsat_27bits_0.cnf	984	22937	5097202	5061515	8243781	850634348	240381	225873	14508	       26.11	       -0.05	22787	1832985	SAT	     2673.08
88	cadical_v21	3	320	C:/Users/cball/OneDrive/Documentos/Pessoal/ITA/SAT/Competições/SATRace2019-2/Benchmark/toughsat_28bits_0.cnf	1046	22804	618692	611946	1292004	47219868	32700	31026	1674	       24.94	       -0.08	2516	289120	SAT	       66.92
89	cadical_v21	3	320	C:/Users/cball/OneDrive/Documentos/Pessoal/ITA/SAT/Competições/SATRace2019-2/Benchmark/toughsat_29bits_0.cnf	1085	25464	8223467	8156117	16729744	1103534345	523625	508359	15266	       30.31	       -0.08	23634	4250088	IND	     4999.52
90	cadical_v21	3	320	C:/Users/cball/OneDrive/Documentos/Pessoal/ITA/SAT/Competições/SATRace2019-2/Benchmark/toughsat_30bits_0.cnf	1110	27596	9480896	9404373	18703804	1164844841	518391	495510	22881	       32.12	       -0.07	35046	4307963	IND	     4999.56
91	cadical_v21	3	320	C:/Users/cball/OneDrive/Documentos/Pessoal/ITA/SAT/Competições/SATRace2019-2/Benchmark/tseitingrid7x160_shuffled-sc2016.cnf	2240	8960	139085566	139043039	886598699	1942923038	6791692	6453683	338009	       21.24	       -0.05	494171	193858603	IND	     4999.48
92	cadical_v21	3	320	C:/Users/cball/OneDrive/Documentos/Pessoal/ITA/SAT/Competições/SATRace2019-2/Benchmark/uniqinv47prop-sc2018.cnf	17349	51071	18723318	18571399	45691811	3179573878	668579	612542	56037	       44.57	       -0.06	89240	7565435	IND	     4999.34
93	cadical_v21	3	320	C:/Users/cball/OneDrive/Documentos/Pessoal/ITA/SAT/Competições/SATRace2019-2/Benchmark/unsat-set-a-fclqcolor-20-13-14.sat05-1278.reshuffled-07-sc2007.cnf	730	43124	90719733	70269346	278102750	2514719057	951404	708955	242449	       50.44	       -0.05	374000	151053836	IND	     4999.66
94	cadical_v21	3	320	C:/Users/cball/OneDrive/Documentos/Pessoal/ITA/SAT/Competições/SATRace2019-2/Benchmark/vmpc_30-sc2007.cnf	900	133080	11183237	10814200	22332361	1282064869	331748	294558	37190	       49.09	       -0.06	54212	7862773	IND	     4999.56
95	cadical_v21	3	320	C:/Users/cball/OneDrive/Documentos/Pessoal/ITA/SAT/Competições/SATRace2019-2/Benchmark/vmpc_31-sc2007.cnf	961	146909	8523978	8213085	18937284	995340595	311584	291557	20027	       48.01	       -0.07	29147	8167102	SAT	     3022.51
96	cadical_v21	3	320	C:/Users/cball/OneDrive/Documentos/Pessoal/ITA/SAT/Competições/SATRace2019-2/Benchmark/vmpc_34.shuffled-as.sat05-1958-sc2005.cnf	1156	194072	1221231	1182384	2704085	190561890	33305	28938	4367	       44.87	       -0.06	6404	910131	SAT	      170.42
97	cadical_v21	3	320	C:/Users/cball/OneDrive/Documentos/Pessoal/ITA/SAT/Competições/SATRace2019-2/Benchmark/vmpc_36.renamed-as.sat05-1922-sc2005.cnf	1296	230544	13417188	12931307	30465473	1948016644	336446	283338	53108	       62.63	       -0.06	76773	9306742	IND	     4997.89
98	cadical_v21	3	320	C:/Users/cball/OneDrive/Documentos/Pessoal/ITA/SAT/Competições/SATRace2019-2/Benchmark/x2_128.shuffled-as.sat03-1598-sc2002.cnf	382	1018	81511365	81494212	147799406	726683443	2372211	2124431	247780	       36.99	       -0.04	380339	43987868	IND	     4997.06
