ID	version	restart base fast	restart base slow	file	vars	clauses	conflicts	learned	decisions	propagations	restarts	restarts unstable	restarts stable	learned avg. size	learnt stack avg	learnt stack stable counter	learnt stack unstable counter	answer	cpu time
1	cadical_v21	15	1280	C:/Users/cball/OneDrive/Documentos/Pessoal/ITA/SAT/Competições/SATRace2019-2/Benchmark/MM-23-3-3-A.cnf	26541	117126	26243441	25779664	262202356	5291563661	1275202	1260938	14264	       66.76	       -0.13	22604	26377445	IND	     4999.30
2	cadical_v21	15	1280	C:/Users/cball/OneDrive/Documentos/Pessoal/ITA/SAT/Competições/SATRace2019-2/Benchmark/MM-23-3-3-B.cnf	26541	117126	24672463	24245304	220893075	4784387723	1040697	1026399	14298	       70.20	       -0.12	22637	24031153	IND	     4999.70
3	cadical_v21	15	1280	C:/Users/cball/OneDrive/Documentos/Pessoal/ITA/SAT/Competições/SATRace2019-2/Benchmark/MM-23-3-3-M.cnf	26541	117126	24608024	24184312	220131807	4810843010	1034039	1020272	13767	       70.24	       -0.12	22113	23871683	IND	     4999.64
4	cadical_v21	15	1280	C:/Users/cball/OneDrive/Documentos/Pessoal/ITA/SAT/Competições/SATRace2019-2/Benchmark/MM-23-3-3-N.cnf	26541	117126	25846597	25392612	252032741	5088149659	1217405	1203543	13862	       65.39	       -0.13	22206	25766187	IND	     4999.61
5	cadical_v21	15	1280	C:/Users/cball/OneDrive/Documentos/Pessoal/ITA/SAT/Competições/SATRace2019-2/Benchmark/MM-23-4-4-4-4-1.cnf	26541	117126	21468892	21142447	161757049	3890834471	798414	783893	14521	       75.41	       -0.11	22856	16386533	IND	     4999.50
6	cadical_v21	15	1280	C:/Users/cball/OneDrive/Documentos/Pessoal/ITA/SAT/Competições/SATRace2019-2/Benchmark/MM-23-5-A.cnf	26541	117126	22986804	22593275	206815608	4488101923	991593	977509	14084	       73.58	       -0.12	22426	20184138	IND	     4998.27
7	cadical_v21	15	1280	C:/Users/cball/OneDrive/Documentos/Pessoal/ITA/SAT/Competições/SATRace2019-2/Benchmark/MM-23-5-B.cnf	26541	117126	22324958	21951427	201091227	4296669617	970600	956408	14192	       73.22	       -0.12	22532	18543917	IND	     4998.64
8	cadical_v21	15	1280	C:/Users/cball/OneDrive/Documentos/Pessoal/ITA/SAT/Competições/SATRace2019-2/Benchmark/MM-23-no-type3.cnf	26541	117153	25966275	25379230	366829813	7402890335	1599046	1586169	12877	       73.51	       -0.15	21232	22835164	IND	     4998.58
9	cadical_v21	15	1280	C:/Users/cball/OneDrive/Documentos/Pessoal/ITA/SAT/Competições/SATRace2019-2/Benchmark/MUS-v310-4-sc2013.cnf	310	1081	8953003	8793640	14237223	318038494	405900	395879	10021	       17.75	       -0.06	12616	4444243	UNSAT	     2256.55
10	cadical_v21	15	1280	C:/Users/cball/OneDrive/Documentos/Pessoal/ITA/SAT/Competições/SATRace2019-2/Benchmark/Mario-t-hard-2_c18.cnf	35945	1218255	1042	1019	17325	175580	36	36	0	       14.02	       -0.17	1	6689	SAT	        2.73
11	cadical_v21	15	1280	C:/Users/cball/OneDrive/Documentos/Pessoal/ITA/SAT/Competições/SATRace2019-2/Benchmark/Mario-t-hard-5_c18.cnf	35320	1182493	1082	1069	23463	226033	47	47	0	       19.18	       -0.15	1	10249	SAT	        2.64
12	cadical_v21	15	1280	C:/Users/cball/OneDrive/Documentos/Pessoal/ITA/SAT/Competições/SATRace2019-2/Benchmark/Mickey_out250_known_last146_0.cnf	72078	517702	10354	10055	67184	4276977	494	487	7	       41.84	       -0.17	12	17345	SAT	        6.06
13	cadical_v21	15	1280	C:/Users/cball/OneDrive/Documentos/Pessoal/ITA/SAT/Competições/SATRace2019-2/Benchmark/Mickey_out250_known_last146_0_u.cnf	72078	517705	2398882	2358518	14742911	875336552	123437	120332	3105	       28.20	       -0.13	3873	2515009	UNSAT	      644.69
14	cadical_v21	15	1280	C:/Users/cball/OneDrive/Documentos/Pessoal/ITA/SAT/Competições/SATRace2019-2/Benchmark/Mickey_out250_known_last147_0.cnf	72078	517728	515021	504648	3871942	200765260	34815	34288	527	       31.79	       -0.18	659	699346	SAT	      115.23
15	cadical_v21	15	1280	C:/Users/cball/OneDrive/Documentos/Pessoal/ITA/SAT/Competições/SATRace2019-2/Benchmark/Mickey_out250_known_last147_0_u.cnf	72078	517728	2152698	2114132	14251733	710168367	121934	119442	2492	       27.54	       -0.15	3077	2487423	UNSAT	      539.81
16	cadical_v21	15	1280	C:/Users/cball/OneDrive/Documentos/Pessoal/ITA/SAT/Competições/SATRace2019-2/Benchmark/Nb51T6-sc2018.cnf	2365527	10508040	1085257	1072697	1741515	3934126038	29557	27725	1832	       15.98	       -0.06	2342	362971	UNSAT	     3301.40
17	cadical_v21	15	1280	C:/Users/cball/OneDrive/Documentos/Pessoal/ITA/SAT/Competições/SATRace2019-2/Benchmark/Nb7T44-sc2017.cnf	55333	219128	2080775	2034405	62672533	667364896	141791	140864	927	       88.58	       -0.17	1476	3898472	SAT	      524.09
18	cadical_v21	15	1280	C:/Users/cball/OneDrive/Documentos/Pessoal/ITA/SAT/Competições/SATRace2019-2/Benchmark/Pb-chnl15-16_c18.cnf	480	3632	30097057	29894053	34918834	506601490	1167385	1126033	41352	       67.40	       -0.03	49315	16029686	IND	     4995.33
19	cadical_v21	15	1280	C:/Users/cball/OneDrive/Documentos/Pessoal/ITA/SAT/Competições/SATRace2019-2/Benchmark/Pb-chnl20-21_c18.cnf	840	8442	29001354	28785403	32616614	671193368	862119	821884	40235	      121.20	       -0.02	48212	16169809	IND	     4997.53
20	cadical_v21	15	1280	C:/Users/cball/OneDrive/Documentos/Pessoal/ITA/SAT/Competições/SATRace2019-2/Benchmark/QG7a-gensys-icl001.sat05-3822.reshuffled-07-sc2007.cnf	2441	15733	717014	704377	1183441	49912208	24896	23845	1051	       26.03	       -0.06	1334	319164	UNSAT	       81.45
21	cadical_v21	15	1280	C:/Users/cball/OneDrive/Documentos/Pessoal/ITA/SAT/Competições/SATRace2019-2/Benchmark/QG7a-gensys-ukn002.sat05-3842.reshuffled-07-sc2007.cnf	2935	18371	2320583	2302686	3434912	171774064	88132	84964	3168	       38.33	       -0.04	3875	1169098	UNSAT	      819.81
22	cadical_v21	15	1280	C:/Users/cball/OneDrive/Documentos/Pessoal/ITA/SAT/Competições/SATRace2019-2/Benchmark/QuasiGroup-4-10_c18.cnf	3220	59525	9835137	9700845	16904367	2576987028	317044	302139	14905	       56.15	       -0.05	18126	4775280	IND	     4999.41
23	cadical_v21	15	1280	C:/Users/cball/OneDrive/Documentos/Pessoal/ITA/SAT/Competições/SATRace2019-2/Benchmark/QuasiGroup-4-12_c18.cnf	5244	118126	702242	684995	4082064	333631200	59336	58470	866	       78.12	       -0.16	1139	308976	SAT	      231.47
24	cadical_v21	15	1280	C:/Users/cball/OneDrive/Documentos/Pessoal/ITA/SAT/Competições/SATRace2019-2/Benchmark/SAT_dat.k100-sc2012.cnf	349350	1419267	1215883	1184985	3913845	754284447	60525	59604	921	       35.14	       -0.14	1443	719307	UNSAT	      368.67
25	cadical_v21	15	1280	C:/Users/cball/OneDrive/Documentos/Pessoal/ITA/SAT/Competições/SATRace2019-2/Benchmark/SAT_dat.k85-sc2013.cnf	1376707	5351985	1497271	1455422	6244480	4902522025	91881	91040	841	       41.83	       -0.15	1364	1163643	UNSAT	     1568.34
26	cadical_v21	15	1280	C:/Users/cball/OneDrive/Documentos/Pessoal/ITA/SAT/Competições/SATRace2019-2/Benchmark/SGI_30_60_24_40_2-dir.shuffled-as.sat03-118-sc2002.cnf	720	58758	4590107	4509943	6012424	248161179	134409	125367	9042	      107.75	       -0.03	11050	1748309	UNSAT	     1678.59
27	cadical_v21	15	1280	C:/Users/cball/OneDrive/Documentos/Pessoal/ITA/SAT/Competições/SATRace2019-2/Benchmark/SGI_30_60_28_40_2-dir.shuffled-as.sat03-124-sc2002.cnf	840	71206	10822408	10614440	14136024	668717720	352524	334972	17552	      124.07	       -0.03	21499	5250866	IND	     4996.77
28	cadical_v21	15	1280	C:/Users/cball/OneDrive/Documentos/Pessoal/ITA/SAT/Competições/SATRace2019-2/Benchmark/Schur_160_5_d38-sc2016.cnf	752	27325	632613	615994	1302469	33263618	26792	26125	667	       39.22	       -0.08	889	300056	SAT	       42.45
29	cadical_v21	15	1280	C:/Users/cball/OneDrive/Documentos/Pessoal/ITA/SAT/Competições/SATRace2019-2/Benchmark/Schur_161_5_d22-sc2016.cnf	773	29353	26352934	25757451	50608082	1393369744	975231	947720	27511	       41.14	       -0.07	35669	13470419	IND	     4999.52
30	cadical_v21	15	1280	C:/Users/cball/OneDrive/Documentos/Pessoal/ITA/SAT/Competições/SATRace2019-2/Benchmark/SocialGolfers-6-6-6-cp_c18.cnf	9188	81017	10832508	10690127	25000298	1843821187	393110	378135	14975	       31.43	       -0.07	18973	5062697	IND	     4999.45
31	cadical_v21	15	1280	C:/Users/cball/OneDrive/Documentos/Pessoal/ITA/SAT/Competições/SATRace2019-2/Benchmark/SocialGolfers-6-6-7-cp_c18.cnf	11244	99730	10365532	10225716	24394822	1835006561	392019	378177	13842	       32.12	       -0.08	17491	5189839	IND	     4999.56
32	cadical_v21	15	1280	C:/Users/cball/OneDrive/Documentos/Pessoal/ITA/SAT/Competições/SATRace2019-2/Benchmark/Subisomorphism-g10-g23_c18.cnf	2309	88734	14362780	14102012	19569965	1135289160	343377	309313	34064	      138.54	       -0.03	40534	5542005	UNSAT	     4370.84
33	cadical_v21	15	1280	C:/Users/cball/OneDrive/Documentos/Pessoal/ITA/SAT/Competições/SATRace2019-2/Benchmark/Subisomorphism-g10-g27_c18.cnf	3191	73950	768185	742258	1453153	110093421	18234	17170	1064	      125.77	       -0.05	1384	453313	SAT	      121.11
34	cadical_v21	15	1280	C:/Users/cball/OneDrive/Documentos/Pessoal/ITA/SAT/Competições/SATRace2019-2/Benchmark/T103.2.1-sc2017.cnf	2943830	10335595	569180	542234	8080619	2989937012	28787	28489	298	       31.98	       -0.16	475	1037386	UNSAT	     1501.84
35	cadical_v21	15	1280	C:/Users/cball/OneDrive/Documentos/Pessoal/ITA/SAT/Competições/SATRace2019-2/Benchmark/T169.1.0-sc2017.cnf	1579557	5889425	150423	146676	36864614	547445564	8764	8714	50	       12.25	       -0.21	102	12390540	SAT	      417.64
36	cadical_v21	15	1280	C:/Users/cball/OneDrive/Documentos/Pessoal/ITA/SAT/Competições/SATRace2019-2/Benchmark/Tal-07_c18.cnf	76668	639201	161768	70917	1340548	180994360	950	845	105	     1936.89	       -0.06	155	238757	SAT	      111.09
37	cadical_v21	15	1280	C:/Users/cball/OneDrive/Documentos/Pessoal/ITA/SAT/Competições/SATRace2019-2/Benchmark/Tal-08_c18.cnf	97675	809532	194474	83777	1578661	275889541	1028	831	197	     1652.67	       -0.06	268	211145	SAT	      120.12
38	cadical_v21	15	1280	C:/Users/cball/OneDrive/Documentos/Pessoal/ITA/SAT/Competições/SATRace2019-2/Benchmark/TimetableCNFEncoding_5_UNKNOWN-sc2018.cnf	302576	1702428	19053362	18533222	1103281806	12478743016	372828	355716	17112	      119.95	       -0.08	25398	143236461	IND	     4999.47
39	cadical_v21	15	1280	C:/Users/cball/OneDrive/Documentos/Pessoal/ITA/SAT/Competições/SATRace2019-2/Benchmark/Trivium_no_init_out350_known_last142_1.cnf	2187	21358	15637657	15592394	18708350	960664853	487937	439546	48391	       23.42	       -0.02	55707	4300931	SAT	     3540.86
40	cadical_v21	15	1280	C:/Users/cball/OneDrive/Documentos/Pessoal/ITA/SAT/Competições/SATRace2019-2/Benchmark/Trivium_no_init_out350_known_last142_1_u.cnf	2187	21364	13474844	13433905	16138969	874624291	467190	430893	36297	       22.75	       -0.02	42083	4324540	UNSAT	     2871.78
41	cadical_v21	15	1280	C:/Users/cball/OneDrive/Documentos/Pessoal/ITA/SAT/Competições/SATRace2019-2/Benchmark/Trivium_no_init_out350_known_last143_1.cnf	2187	21286	7180836	7156506	9456840	450962801	375477	362354	13123	       22.49	       -0.03	15086	3494498	SAT	     1321.58
42	cadical_v21	15	1280	C:/Users/cball/OneDrive/Documentos/Pessoal/ITA/SAT/Competições/SATRace2019-2/Benchmark/Trivium_no_init_out350_known_last143_1_u.cnf	2187	21286	9265887	9235030	11843259	573977994	460713	442205	18508	       22.46	       -0.03	21241	4295038	UNSAT	     1804.51
43	cadical_v21	15	1280	C:/Users/cball/OneDrive/Documentos/Pessoal/ITA/SAT/Competições/SATRace2019-2/Benchmark/UCG-20-10p1-sc2009.cnf	259258	1374203	516244	415599	3705955	1941695995	16040	15742	298	      209.15	       -0.10	432	618552	SAT	      509.89
44	cadical_v21	15	1280	C:/Users/cball/OneDrive/Documentos/Pessoal/ITA/SAT/Competições/SATRace2019-2/Benchmark/UR-20-5p1-sc2009.cnf	224962	1192377	518866	431597	5515099	1353471292	25601	25345	256	      237.53	       -0.15	392	557475	SAT	      416.56
45	cadical_v21	15	1280	C:/Users/cball/OneDrive/Documentos/Pessoal/ITA/SAT/Competições/SATRace2019-2/Benchmark/UTI-20-10p0-sc2009.cnf	259616	1360766	1453170	1307586	8641238	2397568434	45908	44803	1105	      213.44	       -0.09	1623	1215425	UNSAT	      870.33
46	cadical_v21	15	1280	C:/Users/cball/OneDrive/Documentos/Pessoal/ITA/SAT/Competições/SATRace2019-2/Benchmark/UTI-20-10p1-sc2009.cnf	260342	1377484	1023031	924743	6468649	1709022505	24387	23309	1078	      254.73	       -0.08	1596	577171	SAT	      633.16
47	cadical_v21	15	1280	C:/Users/cball/OneDrive/Documentos/Pessoal/ITA/SAT/Competições/SATRace2019-2/Benchmark/UTI-20-5p0-sc2009.cnf	225296	1180795	1307011	1205578	6424806	1479918316	41326	40258	1068	      131.38	       -0.09	1587	852850	UNSAT	      527.94
48	cadical_v21	15	1280	C:/Users/cball/OneDrive/Documentos/Pessoal/ITA/SAT/Competições/SATRace2019-2/Benchmark/aaai10-planning-ipc5-TPP-21-step11-sc2011.cnf	99736	783852	583694	552980	1784680	2117303687	18331	17837	494	      101.58	       -0.08	680	411079	UNSAT	      387.41
49	cadical_v21	15	1280	C:/Users/cball/OneDrive/Documentos/Pessoal/ITA/SAT/Competições/SATRace2019-2/Benchmark/aaai10-planning-ipc5-pathways-17-step21-sc2011.cnf	53919	307816	206995	198522	1035900	277823830	7876	7677	199	      155.25	       -0.09	294	88003	SAT	       67.61
50	cadical_v21	15	1280	C:/Users/cball/OneDrive/Documentos/Pessoal/ITA/SAT/Competições/SATRace2019-2/Benchmark/ablmulub16x4o-sc2016.cnf	2958	8708	959575	957921	998805	200661049	24530	19878	4652	       46.28	       -0.00	5079	286020	UNSAT	      122.26
51	cadical_v21	15	1280	C:/Users/cball/OneDrive/Documentos/Pessoal/ITA/SAT/Competições/SATRace2019-2/Benchmark/ablmulub2x32o-sc2016.cnf	5241	15431	3554851	3481414	6848926	252103314	106248	100773	5475	       22.38	       -0.07	7115	1390673	UNSAT	      250.72
52	cadical_v21	15	1280	C:/Users/cball/OneDrive/Documentos/Pessoal/ITA/SAT/Competições/SATRace2019-2/Benchmark/ae_rphp095_04-sc2018.cnf	14665	34976	59295892	52573584	414242042	3262465633	578716	432708	146008	       40.51	       -0.04	172920	41879707	UNSAT	     4836.98
53	cadical_v21	15	1280	C:/Users/cball/OneDrive/Documentos/Pessoal/ITA/SAT/Competições/SATRace2019-2/Benchmark/aes_24_4_keyfind_2-sc2013.cnf	520	5763	8191775	8171921	11040481	368086327	500342	488002	12340	       26.34	       -0.03	14315	4151651	SAT	     3356.00
54	cadical_v21	15	1280	C:/Users/cball/OneDrive/Documentos/Pessoal/ITA/SAT/Competições/SATRace2019-2/Benchmark/aes_24_4_keyfind_5-sc2014.cnf	520	5761	3080178	3072073	4053357	112577028	131998	125077	6921	       24.88	       -0.03	8172	1030554	SAT	      694.42
55	cadical_v21	15	1280	C:/Users/cball/OneDrive/Documentos/Pessoal/ITA/SAT/Competições/SATRace2019-2/Benchmark/aes_32_3_keyfind_1-sc2011.cnf	708	2539	11254928	11211888	15540216	549855903	486122	462637	23485	       22.12	       -0.04	27703	4260224	SAT	     2225.37
56	cadical_v21	15	1280	C:/Users/cball/OneDrive/Documentos/Pessoal/ITA/SAT/Competições/SATRace2019-2/Benchmark/aes_equiv_encry_3_rounds.debugged-sc2012.cnf	501284	2745938	2954991	2943174	16824663	169748841	98524	93877	4647	       18.52	       -0.05	5829	2185457	UNSAT	      404.19
57	cadical_v21	15	1280	C:/Users/cball/OneDrive/Documentos/Pessoal/ITA/SAT/Competições/SATRace2019-2/Benchmark/ak128astepbg2msaig-sc2016.cnf	422649	1265651	3527416	3400507	17825302	14027586068	108879	103734	5145	      110.87	       -0.12	6765	3920812	IND	     4998.44
58	cadical_v21	15	1280	C:/Users/cball/OneDrive/Documentos/Pessoal/ITA/SAT/Competições/SATRace2019-2/Benchmark/ak128modasbg2asisc-sc2016.cnf	293123	943087	8208658	7966680	53497072	12889525197	388907	382631	6276	       69.42	       -0.18	8339	14284223	IND	     4999.61
59	cadical_v21	15	1280	C:/Users/cball/OneDrive/Documentos/Pessoal/ITA/SAT/Competições/SATRace2019-2/Benchmark/apn-sbox6-cut4-helpbox31-sc2018.cnf	137472	810768	8433173	8375069	12839515	327468185	251172	244217	6955	       21.93	       -0.07	9186	5346326	SAT	     1294.41
60	cadical_v21	15	1280	C:/Users/cball/OneDrive/Documentos/Pessoal/ITA/SAT/Competições/SATRace2019-2/Benchmark/atco_enc1_opt1_04_32-sc2014.cnf	57220	568572	145639	140874	1366159	157100277	16008	15918	90	       25.16	       -0.24	139	118430	SAT	       68.11
61	cadical_v21	15	1280	C:/Users/cball/OneDrive/Documentos/Pessoal/ITA/SAT/Competições/SATRace2019-2/Benchmark/atco_enc1_opt2_10_16-sc2014.cnf	9643	145203	2149483	2115081	4306289	350987493	120255	118587	1668	       22.33	       -0.09	2261	1109798	SAT	      292.69
62	cadical_v21	15	1280	C:/Users/cball/OneDrive/Documentos/Pessoal/ITA/SAT/Competições/SATRace2019-2/Benchmark/atco_enc1_opt2_20_12-sc2014.cnf	171148	6591010	2989620	2958748	5014326	1736675564	113393	109832	3561	       26.10	       -0.06	4785	1098335	UNSAT	     1717.67
63	cadical_v21	15	1280	C:/Users/cball/OneDrive/Documentos/Pessoal/ITA/SAT/Competições/SATRace2019-2/Benchmark/atco_enc2_opt2_05_9-sc2014.cnf	14912	381544	790617	770742	2708080	275452732	35527	34830	697	       42.15	       -0.12	1041	420107	SAT	      174.23
64	cadical_v21	15	1280	C:/Users/cball/OneDrive/Documentos/Pessoal/ITA/SAT/Competições/SATRace2019-2/Benchmark/atco_enc2_opt2_10_21-sc2014.cnf	9824	153979	607562	596943	1320564	101774458	30912	30336	576	       24.77	       -0.09	780	289937	SAT	       63.31
65	cadical_v21	15	1280	C:/Users/cball/OneDrive/Documentos/Pessoal/ITA/SAT/Competições/SATRace2019-2/Benchmark/atco_enc3_opt2_10_12-sc2014.cnf	1236271	4906536	216693	211690	393679	3087221884	4743	4465	278	       24.13	       -0.06	379	87629	UNSAT	      944.64
66	cadical_v21	15	1280	C:/Users/cball/OneDrive/Documentos/Pessoal/ITA/SAT/Competições/SATRace2019-2/Benchmark/b04_s_2_unknown_pre-sc2013.cnf	123133	796517	594376	570183	2232932	1237876020	24995	24676	319	       72.61	       -0.14	515	505285	SAT	      465.49
67	cadical_v21	15	1280	C:/Users/cball/OneDrive/Documentos/Pessoal/ITA/SAT/Competições/SATRace2019-2/Benchmark/b04_s_unknown-sc2013.cnf	290693	1262210	219508	209906	1485904	515735651	8748	8636	112	       49.67	       -0.18	218	241323	SAT	      218.67
68	cadical_v21	15	1280	C:/Users/cball/OneDrive/Documentos/Pessoal/ITA/SAT/Competições/SATRace2019-2/Benchmark/b1904P1-8x8c6h5SAT.cnf	63268	396114	8967674	8758251	40979146	2611442360	537735	532346	5389	       51.93	       -0.13	8055	6254528	SAT	     2531.78
69	cadical_v21	15	1280	C:/Users/cball/OneDrive/Documentos/Pessoal/ITA/SAT/Competições/SATRace2019-2/Benchmark/b1904P1-8x8c6h7SAT.cnf	63268	374457	10271675	10040669	35774937	3046494857	510051	502014	8037	       59.97	       -0.11	11685	5988412	SAT	     3146.62
70	cadical_v21	15	1280	C:/Users/cball/OneDrive/Documentos/Pessoal/ITA/SAT/Competições/SATRace2019-2/Benchmark/b1904P2-8x8c9h5SAT.cnf	68940	327952	14081659	13787665	33566668	4546175092	444619	428718	15901	       68.31	       -0.08	22416	6076084	IND	     4992.66
71	cadical_v21	15	1280	C:/Users/cball/OneDrive/Documentos/Pessoal/ITA/SAT/Competições/SATRace2019-2/Benchmark/b1904P2-8x8c9h7UNSAT.cnf	68940	310541	11619576	11367885	26999660	4045043873	421948	409785	12163	       55.78	       -0.09	16808	5440713	IND	     4995.41
72	cadical_v21	15	1280	C:/Users/cball/OneDrive/Documentos/Pessoal/ITA/SAT/Competições/SATRace2019-2/Benchmark/b1904P3-8x8c11h0SAT.cnf	69644	368587	14486664	14169768	32853900	4633497359	406457	390975	15482	       93.31	       -0.08	22318	6251579	IND	     4999.59
73	cadical_v21	15	1280	C:/Users/cball/OneDrive/Documentos/Pessoal/ITA/SAT/Competições/SATRace2019-2/Benchmark/b1904P3-8x8c11h7SAT.cnf	69644	305432	8454343	8260862	19985295	2651401397	387067	381589	5478	       52.29	       -0.10	7743	5390645	SAT	     3324.53
74	cadical_v21	15	1280	C:/Users/cball/OneDrive/Documentos/Pessoal/ITA/SAT/Competições/SATRace2019-2/Benchmark/b1904P3-8x8c11h7UNSAT.cnf	69644	306029	2918328	2851603	6538239	1089426357	108019	105128	2891	       55.68	       -0.09	4068	1341911	UNSAT	      806.78
75	cadical_v21	15	1280	C:/Users/cball/OneDrive/Documentos/Pessoal/ITA/SAT/Competições/SATRace2019-2/Benchmark/b_unsat-sc2013.cnf	113407	1010625	1284504	1267104	2016757	2373405340	46895	45336	1559	       58.06	       -0.06	2073	499776	UNSAT	     1153.45
76	cadical_v21	15	1280	C:/Users/cball/OneDrive/Documentos/Pessoal/ITA/SAT/Competições/SATRace2019-2/Benchmark/blockpuzzle_5x10_s3_free4-sc2017.cnf	2750	286160	8128641	7928214	17828687	354954158	374848	367300	7548	      104.01	       -0.05	9575	6839537	UNSAT	     1347.16
77	cadical_v21	15	1280	C:/Users/cball/OneDrive/Documentos/Pessoal/ITA/SAT/Competições/SATRace2019-2/Benchmark/blocks-blocks-36-0.120-NOTKNOWN-sc2011.cnf	489685	8702447	1820579	1425831	18837699	10665127444	34896	33828	1068	     1261.29	       -0.07	1578	3499956	IND	     4999.62
78	cadical_v21	15	1280	C:/Users/cball/OneDrive/Documentos/Pessoal/ITA/SAT/Competições/SATRace2019-2/Benchmark/blocks-blocks-37-1.130-NOTKNOWN-sc2011.cnf	559571	10144966	1350787	1015995	11727097	9547921172	15234	14027	1207	     1479.77	       -0.06	1711	2375176	UNSAT	     4005.89
79	cadical_v21	15	1280	C:/Users/cball/OneDrive/Documentos/Pessoal/ITA/SAT/Competições/SATRace2019-2/Benchmark/bob12s06-sc2013.cnf	482548	1368963	5126683	5076405	250958173	4475687469	242216	233981	8235	       25.86	       -0.08	10260	110489596	UNSAT	     1706.44
80	cadical_v21	15	1280	C:/Users/cball/OneDrive/Documentos/Pessoal/ITA/SAT/Competições/SATRace2019-2/Benchmark/c6288mul.miter.shuffled-as.sat03-346-sc2002.cnf	9540	61421	4909819	4829043	16372828	1052777732	216849	209724	7125	       41.85	       -0.10	9165	2188441	UNSAT	     1034.94
81	cadical_v21	15	1280	C:/Users/cball/OneDrive/Documentos/Pessoal/ITA/SAT/Competições/SATRace2019-2/Benchmark/cms-scheel-md5-families-r24-c8-p0-3-5-6-14-16-18-19-sc2018.cnf	39547	130954	12898678	12669627	158473144	1431446441	418104	409432	8672	       32.61	       -0.15	14365	25284144	SAT	     2118.51
82	cadical_v21	15	1280	C:/Users/cball/OneDrive/Documentos/Pessoal/ITA/SAT/Competições/SATRace2019-2/Benchmark/connm-ue-csp-sat-n800-d0.02-s111845174.used-as.sat04-958-sc2011.cnf	772	9601	11393020	11365247	13092307	1238520365	367448	341269	26179	       24.40	       -0.02	30468	4551859	UNSAT	     3618.27
83	cadical_v21	15	1280	C:/Users/cball/OneDrive/Documentos/Pessoal/ITA/SAT/Competições/SATRace2019-2/Benchmark/countbitsrotate032-sc2009.cnf	8527	25482	12777624	12777497	12786755	11446469504	572939	138560	434379	       28.93	       -0.00	434665	5064042	IND	     4999.58
84	cadical_v21	15	1280	C:/Users/cball/OneDrive/Documentos/Pessoal/ITA/SAT/Competições/SATRace2019-2/Benchmark/countbitssrl032-sc2009.cnf	18607	55720	292008	287451	646408	131055166	13229	12718	511	       32.95	       -0.09	639	102757	UNSAT	       57.12
85	cadical_v21	15	1280	C:/Users/cball/OneDrive/Documentos/Pessoal/ITA/SAT/Competições/SATRace2019-2/Benchmark/countbitswegner128-sc2011.cnf	98048	293756	5621212	5511964	15124158	1954472148	236048	232019	4029	       81.89	       -0.10	6109	2892830	UNSAT	     1173.70
86	cadical_v21	15	1280	C:/Users/cball/OneDrive/Documentos/Pessoal/ITA/SAT/Competições/SATRace2019-2/Benchmark/course0.2_2018_3-sc2018.cnf	1314940	2548425	708353	684545	6355449	2374626154	33577	33186	391	       39.32	       -0.17	675	667224	SAT	      814.20
87	cadical_v21	15	1280	C:/Users/cball/OneDrive/Documentos/Pessoal/ITA/SAT/Competições/SATRace2019-2/Benchmark/crafted_n11_d6_c3_num24-sc2013.cnf	36208	7010872	235368	229217	573239	165807162	1898	1381	517	      315.15	       -0.04	630	161110	UNSAT	      202.84
88	cadical_v21	15	1280	C:/Users/cball/OneDrive/Documentos/Pessoal/ITA/SAT/Competições/SATRace2019-2/Benchmark/cruxmiter28seed8.cnf	506	1406	4135954	4114500	5215953	100237151	108461	99269	9192	       19.11	       -0.03	11206	1196268	UNSAT	      342.56
89	cadical_v21	15	1280	C:/Users/cball/OneDrive/Documentos/Pessoal/ITA/SAT/Competições/SATRace2019-2/Benchmark/cruxmiter29seed4.cnf	511	1418	11592284	11533904	14746921	283070441	418774	398004	20770	       20.58	       -0.03	25287	4620255	UNSAT	     1144.62
90	cadical_v21	15	1280	C:/Users/cball/OneDrive/Documentos/Pessoal/ITA/SAT/Competições/SATRace2019-2/Benchmark/cruxmiter29seed9.cnf	513	1424	31122595	30925008	36547293	690966675	1480545	1442511	38034	       19.82	       -0.03	46062	16958303	UNSAT	     3796.33
91	cadical_v21	15	1280	C:/Users/cball/OneDrive/Documentos/Pessoal/ITA/SAT/Competições/SATRace2019-2/Benchmark/cruxmiter32seed4.cnf	621	1733	29035324	28884238	40257442	737479760	1356116	1320761	35355	       24.39	       -0.04	43417	14986117	IND	     4998.97
92	cadical_v21	15	1280	C:/Users/cball/OneDrive/Documentos/Pessoal/ITA/SAT/Competições/SATRace2019-2/Benchmark/ctl_4291_567_2_unsat-sc2013.cnf	17850	149132	8701407	8582924	12227023	4092000460	381913	373616	8297	       17.88	       -0.07	10718	4580105	UNSAT	     2489.48
93	cadical_v21	15	1280	C:/Users/cball/OneDrive/Documentos/Pessoal/ITA/SAT/Competições/SATRace2019-2/Benchmark/ctl_4291_567_2_unsat_pre-sc2013.cnf	15232	147245	9018841	8893682	12621070	4106237680	382883	373576	9307	       17.70	       -0.07	11962	4587099	UNSAT	     2469.59
94	cadical_v21	15	1280	C:/Users/cball/OneDrive/Documentos/Pessoal/ITA/SAT/Competições/SATRace2019-2/Benchmark/ctl_4291_567_5_unsat_pre-sc2014.cnf	15232	134756	17212663	17026422	22023805	9063239050	491978	460106	31872	       17.54	       -0.05	39978	5143534	IND	     4997.26
95	cadical_v21	15	1280	C:/Users/cball/OneDrive/Documentos/Pessoal/ITA/SAT/Competições/SATRace2019-2/Benchmark/custmulsb2x32o-sc2016.cnf	4660	13676	23573780	23572452	23627201	5638310499	740025	331973	408052	       52.55	       -0.00	411480	11692124	IND	     4998.39
96	cadical_v21	15	1280	C:/Users/cball/OneDrive/Documentos/Pessoal/ITA/SAT/Competições/SATRace2019-2/Benchmark/custmulun16x16o-sc2016.cnf	3633	10625	18129289	17892106	25196362	3631559195	713268	634118	79150	       46.10	       -0.02	86664	5600360	IND	     4998.24
97	cadical_v21	15	1280	C:/Users/cball/OneDrive/Documentos/Pessoal/ITA/SAT/Competições/SATRace2019-2/Benchmark/dist6.c-sc2018.cnf	15254	68087	811339	804391	1117229	119301146	28649	26877	1772	       25.55	       -0.04	2118	274137	UNSAT	       85.87
98	cadical_v21	15	1280	C:/Users/cball/OneDrive/Documentos/Pessoal/ITA/SAT/Competições/SATRace2019-2/Benchmark/dp12u11.used-as.sat04-358-sc2004.cnf	11137	29956	1580251	1556657	2548025	197071333	60945	59050	1895	       21.17	       -0.06	2404	776048	UNSAT	      175.66
99	cadical_v21	15	1280	C:/Users/cball/OneDrive/Documentos/Pessoal/ITA/SAT/Competições/SATRace2019-2/Benchmark/e_rphp035_05-sc2018.cnf	2960	5555	22760755	17842252	95525896	700545315	382760	352839	29921	       23.84	       -0.06	38019	35101221	UNSAT	     1038.66
100	cadical_v21	15	1280	C:/Users/cball/OneDrive/Documentos/Pessoal/ITA/SAT/Competições/SATRace2019-2/Benchmark/ecarev-110-1031-23-40-8-sc2018.cnf	42271	247381	7713091	7556834	18849947	988688516	415508	411536	3972	       26.91	       -0.13	6053	5854433	SAT	     2116.66
101	cadical_v21	15	1280	C:/Users/cball/OneDrive/Documentos/Pessoal/ITA/SAT/Competições/SATRace2019-2/Benchmark/edges-024-4-5613555-1-00-sc2014.cnf	97	204	34302262	34062249	40451770	486876314	1879186	1835501	43685	       18.52	       -0.03	52838	16974583	IND	     4997.83
102	cadical_v21	15	1280	C:/Users/cball/OneDrive/Documentos/Pessoal/ITA/SAT/Competições/SATRace2019-2/Benchmark/eq2csparrc162cbpwtcl16.cnf	6154	18364	15426865	15307761	19140986	3077539288	548368	513277	35091	       51.02	       -0.02	42411	4062984	IND	     4997.38
103	cadical_v21	15	1280	C:/Users/cball/OneDrive/Documentos/Pessoal/ITA/SAT/Competições/SATRace2019-2/Benchmark/eqbparrc12spctbk12.cnf	3018	8982	14438033	14322464	17692331	1656967962	496619	461261	35358	       36.75	       -0.03	41903	4237053	IND	     4995.69
104	cadical_v21	15	1280	C:/Users/cball/OneDrive/Documentos/Pessoal/ITA/SAT/Competições/SATRace2019-2/Benchmark/eqbparrc14spwtcl14.cnf	4838	14428	15669291	15538902	20437317	2144022670	539586	505238	34348	       47.64	       -0.03	41865	4074825	IND	     4997.95
105	cadical_v21	15	1280	C:/Users/cball/OneDrive/Documentos/Pessoal/ITA/SAT/Competições/SATRace2019-2/Benchmark/eqbparrc18spwtrc18.cnf	7193	21469	14626224	14483968	18905375	2554481762	542230	512756	29474	       68.57	       -0.03	36242	4042008	IND	     4999.61
106	cadical_v21	15	1280	C:/Users/cball/OneDrive/Documentos/Pessoal/ITA/SAT/Competições/SATRace2019-2/Benchmark/eqbpdtlf12bparrc12.cnf	3105	9242	6552262	6486442	9801215	637943272	341829	332552	9277	       31.87	       -0.05	11288	2980424	UNSAT	     1619.64
107	cadical_v21	15	1280	C:/Users/cball/OneDrive/Documentos/Pessoal/ITA/SAT/Competições/SATRace2019-2/Benchmark/eqbpdtlf14bpwtcl14.cnf	4719	14071	8183423	8098482	13022619	860006378	451426	442184	9242	       36.94	       -0.05	11254	4326513	UNSAT	     2386.36
108	cadical_v21	15	1280	C:/Users/cball/OneDrive/Documentos/Pessoal/ITA/SAT/Competições/SATRace2019-2/Benchmark/eqbpdtlf14spctbk14.cnf	4000	11914	14740430	14593980	19763299	1713227204	494924	464189	30735	       41.32	       -0.03	37573	4221954	IND	     4999.64
109	cadical_v21	15	1280	C:/Users/cball/OneDrive/Documentos/Pessoal/ITA/SAT/Competições/SATRace2019-2/Benchmark/eqbpdtlf14spdtlf14.cnf	4249	12662	15776741	15646207	20108984	1731044868	516326	481772	34554	       47.14	       -0.03	42151	4152465	IND	     4999.52
110	cadical_v21	15	1280	C:/Users/cball/OneDrive/Documentos/Pessoal/ITA/SAT/Competições/SATRace2019-2/Benchmark/eqbpdtlf16spdtlf16.cnf	5550	16552	14291950	14159595	19503427	2073315953	502120	473410	28710	       58.52	       -0.03	35228	4185665	IND	     4999.48
111	cadical_v21	15	1280	C:/Users/cball/OneDrive/Documentos/Pessoal/ITA/SAT/Competições/SATRace2019-2/Benchmark/eqbpdtlf18sparcl18.cnf	7282	21738	16404667	16266526	20704459	3342902588	504198	468591	35607	       57.47	       -0.02	43663	4203374	IND	     4999.61
112	cadical_v21	15	1280	C:/Users/cball/OneDrive/Documentos/Pessoal/ITA/SAT/Competições/SATRace2019-2/Benchmark/eqbpwtcl10spwtcl10.cnf	2616	7788	2775569	2752862	3690350	315918136	124563	118798	5765	       29.21	       -0.03	6794	1096319	UNSAT	      455.50
113	cadical_v21	15	1280	C:/Users/cball/OneDrive/Documentos/Pessoal/ITA/SAT/Competições/SATRace2019-2/Benchmark/eqbpwtrc10bpdtlf10.cnf	2205	6555	1386659	1373231	1902681	113850751	54155	51464	2691	       24.15	       -0.04	3189	583937	UNSAT	      150.69
114	cadical_v21	15	1280	C:/Users/cball/OneDrive/Documentos/Pessoal/ITA/SAT/Competições/SATRace2019-2/Benchmark/eqbpwtrc10spctbk10.cnf	2089	6206	2210317	2192040	2705242	228082543	109850	106370	3480	       28.36	       -0.03	4097	1093722	UNSAT	      346.16
115	cadical_v21	15	1280	C:/Users/cball/OneDrive/Documentos/Pessoal/ITA/SAT/Competições/SATRace2019-2/Benchmark/eqsparcl10bpwtrc10.cnf	2275	6764	2460124	2435073	3292689	251993253	116670	112437	4233	       25.66	       -0.04	5034	1099439	UNSAT	      340.30
116	cadical_v21	15	1280	C:/Users/cball/OneDrive/Documentos/Pessoal/ITA/SAT/Competições/SATRace2019-2/Benchmark/eqsparcl12bpwtrc12.cnf	3278	9760	17142411	17005393	21044437	2194694120	626064	583382	42682	       31.60	       -0.03	50647	4626365	IND	     4999.50
117	cadical_v21	15	1280	C:/Users/cball/OneDrive/Documentos/Pessoal/ITA/SAT/Competições/SATRace2019-2/Benchmark/eqsparrc12bpdtlf12.cnf	3096	9215	16510085	16375042	20026142	1921537905	559031	517874	41157	       33.74	       -0.02	49143	4174764	IND	     4999.53
118	cadical_v21	15	1280	C:/Users/cball/OneDrive/Documentos/Pessoal/ITA/SAT/Competições/SATRace2019-2/Benchmark/eqsparrc14spctbk14.cnf	4136	12323	17206587	17042360	22514316	2069955170	606133	569094	37039	       36.03	       -0.03	45075	4762875	IND	     4999.17
119	cadical_v21	15	1280	C:/Users/cball/OneDrive/Documentos/Pessoal/ITA/SAT/Competições/SATRace2019-2/Benchmark/eqsparrc16spwtcl16.cnf	6576	19630	15515829	15366125	21096914	2811256523	517127	485346	31781	       46.38	       -0.03	39210	4169664	IND	     4999.47
120	cadical_v21	15	1280	C:/Users/cball/OneDrive/Documentos/Pessoal/ITA/SAT/Competições/SATRace2019-2/Benchmark/eqspctbk12bpwtrc12.cnf	3001	8931	15937281	15813451	19535793	1697573957	533060	493342	39718	       33.25	       -0.03	47376	4124777	IND	     4999.36
121	cadical_v21	15	1280	C:/Users/cball/OneDrive/Documentos/Pessoal/ITA/SAT/Competições/SATRace2019-2/Benchmark/eqspctbk14sparcl14.cnf	4344	12948	16948486	16804528	21385481	2233994284	581442	541116	40326	       37.08	       -0.02	48324	4562917	IND	     4999.50
122	cadical_v21	15	1280	C:/Users/cball/OneDrive/Documentos/Pessoal/ITA/SAT/Competições/SATRace2019-2/Benchmark/eqspctbk14spwtcl14.cnf	4699	14013	15336452	15200083	21853355	1822134652	510266	476937	33329	       44.74	       -0.04	40597	4197783	IND	     4999.36
123	cadical_v21	15	1280	C:/Users/cball/OneDrive/Documentos/Pessoal/ITA/SAT/Competições/SATRace2019-2/Benchmark/eqspdtlf14bpwtrc14.cnf	4292	12790	15401062	15275391	20314536	1729736631	543764	509676	34088	       46.17	       -0.03	41398	4061856	IND	     4998.69
124	cadical_v21	15	1280	C:/Users/cball/OneDrive/Documentos/Pessoal/ITA/SAT/Competições/SATRace2019-2/Benchmark/eqspwtcl14bpwtcl14.cnf	5418	16168	13646456	13539719	17695591	2251824230	528194	497318	30876	       49.91	       -0.03	36862	4105925	IND	     4999.58
125	cadical_v21	15	1280	C:/Users/cball/OneDrive/Documentos/Pessoal/ITA/SAT/Competições/SATRace2019-2/Benchmark/eqspwtrc16bparrc16.cnf	5702	17010	15014673	14878080	19114728	2317347585	522769	493617	29152	       61.78	       -0.03	36226	4084928	IND	     4999.55
126	cadical_v21	15	1280	C:/Users/cball/OneDrive/Documentos/Pessoal/ITA/SAT/Competições/SATRace2019-2/Benchmark/ex051_9-sc2018.cnf	51315	485537	7632744	7407463	19266123	1731829097	356280	351773	4507	       24.98	       -0.11	6581	5741344	UNSAT	     2257.78
127	cadical_v21	15	1280	C:/Users/cball/OneDrive/Documentos/Pessoal/ITA/SAT/Competições/SATRace2019-2/Benchmark/ex145_11-sc2018.cnf	39544	294276	19262584	18799074	51452734	3683388436	677777	660742	17035	       26.30	       -0.09	25335	10615699	IND	     4999.47
128	cadical_v21	15	1280	C:/Users/cball/OneDrive/Documentos/Pessoal/ITA/SAT/Competições/SATRace2019-2/Benchmark/ex175_17-sc2018.cnf	895721	17688050	5880050	5717470	16262005	7913798313	228823	224283	4540	       26.67	       -0.10	6612	4064907	IND	     4999.47
129	cadical_v21	15	1280	C:/Users/cball/OneDrive/Documentos/Pessoal/ITA/SAT/Competições/SATRace2019-2/Benchmark/ex175_18-sc2018.cnf	895721	17648874	2407440	2337851	7722420	3940460295	103878	102339	1539	       23.20	       -0.12	2336	1944506	SAT	     2582.34
130	cadical_v21	15	1280	C:/Users/cball/OneDrive/Documentos/Pessoal/ITA/SAT/Competições/SATRace2019-2/Benchmark/ezfact64_6.shuffled-as.sat03-1522-sc2002.cnf	3073	19610	761162	753686	1264776	183955458	30300	28712	1588	       24.88	       -0.06	1898	284767	SAT	      132.95
131	cadical_v21	15	1280	C:/Users/cball/OneDrive/Documentos/Pessoal/ITA/SAT/Competições/SATRace2019-2/Benchmark/ezfact64_8.shuffled-as.sat03-1524-sc2002.cnf	3073	19636	837611	830709	1178914	244763645	28132	26278	1854	       28.34	       -0.04	2220	287106	SAT	      151.12
132	cadical_v21	15	1280	C:/Users/cball/OneDrive/Documentos/Pessoal/ITA/SAT/Competições/SATRace2019-2/Benchmark/f10nidw-sc2012.cnf	824210	2459565	1181869	1149124	10540405	696351060	47111	46171	940	       37.52	       -0.13	1461	2273740	UNSAT	      372.25
133	cadical_v21	15	1280	C:/Users/cball/OneDrive/Documentos/Pessoal/ITA/SAT/Competições/SATRace2019-2/Benchmark/f6nidw-sc2012.cnf	190399	564772	37745	36695	322962	13545894	2104	2081	23	       15.24	       -0.17	38	73270	UNSAT	       11.53
134	cadical_v21	15	1280	C:/Users/cball/OneDrive/Documentos/Pessoal/ITA/SAT/Competições/SATRace2019-2/Benchmark/frb-40-19-1-mgd_c18.cnf	760	37548	157044	153024	238950	14562512	5223	5055	168	       44.32	       -0.06	223	86387	SAT	       14.36
135	cadical_v21	15	1280	C:/Users/cball/OneDrive/Documentos/Pessoal/ITA/SAT/Competições/SATRace2019-2/Benchmark/frb59-26-1.used-as.sat04-891-sc2011.cnf	1534	132295	18793218	18362990	28916839	2226810829	416591	387429	29162	       77.87	       -0.05	37291	7951122	IND	     4999.39
136	cadical_v21	15	1280	C:/Users/cball/OneDrive/Documentos/Pessoal/ITA/SAT/Competições/SATRace2019-2/Benchmark/gensys-icl005.shuffled-as.sat05-3826-sc2011.cnf	2703	17985	1853944	1827378	2785733	131902453	71712	69908	1804	       28.39	       -0.06	2315	1043635	UNSAT	      426.56
137	cadical_v21	15	1280	C:/Users/cball/OneDrive/Documentos/Pessoal/ITA/SAT/Competições/SATRace2019-2/Benchmark/gss-20-s100-sc2009.cnf	31503	94548	924451	924068	934566	3443377579	19862	17089	2773	       35.70	       -0.00	3195	293060	SAT	      958.01
138	cadical_v21	15	1280	C:/Users/cball/OneDrive/Documentos/Pessoal/ITA/SAT/Competições/SATRace2019-2/Benchmark/gss-33-s100-sc2009.cnf	32402	97364	5344468	5331928	5727836	10229016766	166950	153542	13408	       57.64	       -0.01	15368	2199723	IND	     4999.62
139	cadical_v21	15	1280	C:/Users/cball/OneDrive/Documentos/Pessoal/ITA/SAT/Competições/SATRace2019-2/Benchmark/gto_p60c238-sc2018.cnf	1043	2829	5068952	5016107	5802671	77726095	147885	139370	8515	       23.20	       -0.03	10535	1988791	UNSAT	      327.41
140	cadical_v21	15	1280	C:/Users/cball/OneDrive/Documentos/Pessoal/ITA/SAT/Competições/SATRace2019-2/Benchmark/gus-md5-14-sc2009.cnf	69641	226367	2419911	2392930	5970512	10156526272	88528	85950	2578	      117.18	       -0.05	3371	1322549	IND	     4999.53
141	cadical_v21	15	1280	C:/Users/cball/OneDrive/Documentos/Pessoal/ITA/SAT/Competições/SATRace2019-2/Benchmark/hcp_CP14_14.cnf	47040	178880	9690831	9473248	92364618	21534783422	325505	318881	6624	      101.48	       -0.09	9839	8877097	IND	     4999.03
142	cadical_v21	15	1280	C:/Users/cball/OneDrive/Documentos/Pessoal/ITA/SAT/Competições/SATRace2019-2/Benchmark/hcp_CP16_16.cnf	77824	282013	8602473	8395956	120535092	26126418681	345025	340863	4162	       79.55	       -0.10	6560	10680219	IND	     4999.52
143	cadical_v21	15	1280	C:/Users/cball/OneDrive/Documentos/Pessoal/ITA/SAT/Competições/SATRace2019-2/Benchmark/hcp_CP18_18.cnf	122472	440385	2247222	2188943	42369534	9544903054	101218	100151	1067	       67.57	       -0.11	1744	3294236	SAT	     1277.86
144	cadical_v21	15	1280	C:/Users/cball/OneDrive/Documentos/Pessoal/ITA/SAT/Competições/SATRace2019-2/Benchmark/hcp_CP20_20.cnf	183200	637206	2130992	2073535	53373091	12656022370	106595	105690	905	       66.82	       -0.12	1493	3882318	SAT	     1645.81
145	cadical_v21	15	1280	C:/Users/cball/OneDrive/Documentos/Pessoal/ITA/SAT/Competições/SATRace2019-2/Benchmark/hcp_CP22_22.cnf	264264	895141	2678981	2612799	64356349	18246410674	107306	105791	1515	       75.79	       -0.10	2523	4484458	SAT	     2416.86
146	cadical_v21	15	1280	C:/Users/cball/OneDrive/Documentos/Pessoal/ITA/SAT/Competições/SATRace2019-2/Benchmark/hcp_CP24_24.cnf	370944	1254550	4777838	4667104	111379355	37199621982	155239	151894	3345	       82.67	       -0.09	5432	7717455	IND	     4999.47
147	cadical_v21	15	1280	C:/Users/cball/OneDrive/Documentos/Pessoal/ITA/SAT/Competições/SATRace2019-2/Benchmark/hcp_CP26_26.cnf	505648	1677281	3948806	3858266	94391770	35839922912	108524	105463	3061	       86.28	       -0.08	5039	6133515	IND	     4999.36
148	cadical_v21	15	1280	C:/Users/cball/OneDrive/Documentos/Pessoal/ITA/SAT/Competições/SATRace2019-2/Benchmark/hcp_bij16_16.cnf	81920	16496017	7485461	6753002	273780330	4235037436	241533	235092	6441	      357.55	       -0.07	8424	60135510	IND	     4999.11
149	cadical_v21	15	1280	C:/Users/cball/OneDrive/Documentos/Pessoal/ITA/SAT/Competições/SATRace2019-2/Benchmark/hcp_d12_12.cnf	23345	49263	36268	35144	482758	9426331	3643	3623	20	       49.57	       -0.24	33	29967	SAT	        4.42
150	cadical_v21	15	1280	C:/Users/cball/OneDrive/Documentos/Pessoal/ITA/SAT/Competições/SATRace2019-2/Benchmark/hcp_d14_14.cnf	41961	70118	17248011	16924008	89686656	3246866442	399620	380461	19159	      102.24	       -0.08	27430	10727694	IND	     4999.42
151	cadical_v21	15	1280	C:/Users/cball/OneDrive/Documentos/Pessoal/ITA/SAT/Competições/SATRace2019-2/Benchmark/hcp_d16_16.cnf	70675	106388	17761534	17381245	127097152	3117525574	474517	459399	15118	       93.18	       -0.09	23442	15429258	IND	     4999.53
152	cadical_v21	15	1280	C:/Users/cball/OneDrive/Documentos/Pessoal/ITA/SAT/Competições/SATRace2019-2/Benchmark/hcp_d18_18.cnf	111475  138053  18285661    17869323    167035412   3228754853  530112  516904  13208   81.16   -0.10   21556   21458132    IND 4997.84
153	cadical_v21	15	1280	C:/Users/cball/OneDrive/Documentos/Pessoal/ITA/SAT/Competições/SATRace2019-2/Benchmark/hcp_d20_20.cnf	168019	173814	18885160	18436779	213523537	3791091512	590188	577560	12628	       79.32	       -0.11	20985	29253482	IND	     4999.58
154	cadical_v21	15	1280	C:/Users/cball/OneDrive/Documentos/Pessoal/ITA/SAT/Competições/SATRace2019-2/Benchmark/hcp_d22_22.cnf	243955	213707	19277927	18803662	262295190	4289666645	635552	623355	12197	       78.60	       -0.12	20560	38266529	IND	     4999.48
155	cadical_v21	15	1280	C:/Users/cball/OneDrive/Documentos/Pessoal/ITA/SAT/Competições/SATRace2019-2/Benchmark/hcp_d24_24.cnf	344469	286016	19323139	18838274	303984424	4923837969	659866	648093	11773	       77.47	       -0.13	20142	46269229	IND	     4999.36
156	cadical_v21	15	1280	C:/Users/cball/OneDrive/Documentos/Pessoal/ITA/SAT/Competições/SATRace2019-2/Benchmark/hcp_r20_20.cnf	323138	21567424	42	42	488000	577871	0	0	0	        9.19	       -0.74	0	487781	SAT	       26.48
157	cadical_v21	15	1280	C:/Users/cball/OneDrive/Documentos/Pessoal/ITA/SAT/Competições/SATRace2019-2/Benchmark/hcp_r26_26.cnf	919562	103439854	0	0	0	230180	0	0	0	        0.00	        0.00	0	0	SAT	      144.36
158	cadical_v21	15	1280	C:/Users/cball/OneDrive/Documentos/Pessoal/ITA/SAT/Competições/SATRace2019-2/Benchmark/hitag2-8-60-0-0x880693399044612-25-SAT-sc2013.cnf	2316	30945	11177356	11119084	15160191	604461450	435755	415532	20223	       22.73	       -0.03	24422	4303034	SAT	     3152.80
159	cadical_v21	15	1280	C:/Users/cball/OneDrive/Documentos/Pessoal/ITA/SAT/Competições/SATRace2019-2/Benchmark/hwb-n26-01-S1957858365.shuffled-as.sat03-1622-sc2002.cnf	172	832	11509477	11453914	14116646	252700936	447476	424958	22518	       19.63	       -0.03	26946	4382207	UNSAT	     1421.30
160	cadical_v21	15	1280	C:/Users/cball/OneDrive/Documentos/Pessoal/ITA/SAT/Competições/SATRace2019-2/Benchmark/hwb-n26-03-S540351185.sat05-490.reshuffled-07-sc2007.cnf	172	832	15818297	15722038	19366457	378732019	473600	434881	38719	       18.85	       -0.03	46298	4345250	UNSAT	     2347.09
161	cadical_v21	15	1280	C:/Users/cball/OneDrive/Documentos/Pessoal/ITA/SAT/Competições/SATRace2019-2/Benchmark/hwmcc10-timeframe-expansion-k45-pdtpmspalu-tseitin-sc2011.cnf	89190	265715	9772005	9565436	85933425	1795581760	555672	548345	7327	       32.33	       -0.15	10597	12086278	UNSAT	     2208.34
162	cadical_v21	15	1280	C:/Users/cball/OneDrive/Documentos/Pessoal/ITA/SAT/Competições/SATRace2019-2/Benchmark/hwmcc15deep-6s516r-k18-sc2017.cnf	51996	147555	12601343	12541121	135417477	1415220406	316603	295296	21307	       50.15	       -0.03	26583	47305133	UNSAT	     1073.39
163	cadical_v21	15	1280	C:/Users/cball/OneDrive/Documentos/Pessoal/ITA/SAT/Competições/SATRace2019-2/Benchmark/hwmcc15deep-oski15a10b10s-k22-sc2017.cnf	569318	1484813	5790635	5573137	37411300	3677644846	292834	287849	4985	       37.56	       -0.13	7050	7570028	UNSAT	     2061.48
164	cadical_v21	15	1280	C:/Users/cball/OneDrive/Documentos/Pessoal/ITA/SAT/Competições/SATRace2019-2/Benchmark/jgiraldezlevy.2200.9086.08.40.149-sr2015.cnf	2200	9086	946620	922790	2267221	179399069	42239	40811	1428	       27.23	       -0.09	1883	261226	SAT	      128.72
165	cadical_v21	15	1280	C:/Users/cball/OneDrive/Documentos/Pessoal/ITA/SAT/Competições/SATRace2019-2/Benchmark/k_unsat-sc2013.cnf	7021	95854	12092622	11956953	20233035	3543095393	428532	409913	18619	       27.53	       -0.06	23551	4585320	IND	     4999.48
166	cadical_v21	15	1280	C:/Users/cball/OneDrive/Documentos/Pessoal/ITA/SAT/Competições/SATRace2019-2/Benchmark/knight_14.cnf	4680	39640	526029	507638	7021441	118193533	38748	38533	215	       52.22	       -0.20	359	668045	SAT	       63.67
167	cadical_v21	15	1280	C:/Users/cball/OneDrive/Documentos/Pessoal/ITA/SAT/Competições/SATRace2019-2/Benchmark/knight_16.cnf	81119	804926	6997211	4864814	320776457	9953377695	197272	194540	2732	      513.21	       -0.18	4800	36982364	IND	     4999.75
168	cadical_v21	15	1280	C:/Users/cball/OneDrive/Documentos/Pessoal/ITA/SAT/Competições/SATRace2019-2/Benchmark/knight_18.cnf	126152	1297025	6205112	4104817	329054317	11170296701	148499	145751	2748	      587.87	       -0.17	4801	39259181	IND	     4999.59
169	cadical_v21	15	1280	C:/Users/cball/OneDrive/Documentos/Pessoal/ITA/SAT/Competições/SATRace2019-2/Benchmark/knight_20.cnf	189446	2004246	6060834	3687980	344529540	12325369243	122110	119489	2621	      609.65	       -0.16	4651	45102705	IND	     4999.80
170	cadical_v21	15	1280	C:/Users/cball/OneDrive/Documentos/Pessoal/ITA/SAT/Competições/SATRace2019-2/Benchmark/le450_15b.col.15-sc2018.cnf	6300	114816	34396071	34114471	38830596	2345619765	1164280	1123031	41249	       53.74	       -0.03	50490	19457683	IND	     4999.56
171	cadical_v21	15	1280	C:/Users/cball/OneDrive/Documentos/Pessoal/ITA/SAT/Competições/SATRace2019-2/Benchmark/li-exam-63.shuffled-as.sat03-368-sc2002.cnf	28147	108399	8166647	7777794	118890152	6367246738	524930	521983	2947	      175.30	       -0.17	5039	6659802	IND	     4999.38
172	cadical_v21	15	1280	C:/Users/cball/OneDrive/Documentos/Pessoal/ITA/SAT/Competições/SATRace2019-2/Benchmark/li-test4-99.shuffled-as.sat03-377-sc2002.cnf	36809	142448	7643097	7202885	245543822	7646561702	443646	440943	2703	      273.96	       -0.19	4798	12700845	IND	     4999.58
173	cadical_v21	15	1280	C:/Users/cball/OneDrive/Documentos/Pessoal/ITA/SAT/Competições/SATRace2019-2/Benchmark/manthey_DimacsSorter_37_3-sr2015.cnf	6634	23392	5672709	5566449	11852897	1627686727	195987	188072	7915	       65.00	       -0.06	9941	2484413	SAT	     1308.92
174	cadical_v21	15	1280	C:/Users/cball/OneDrive/Documentos/Pessoal/ITA/SAT/Competições/SATRace2019-2/Benchmark/manthey_single-ordered-initialized-w50-b7-sr2015.cnf	10675	84849	4445646	4362780	6687541	1020048337	105666	98481	7185	       32.10	       -0.04	9219	1719075	UNSAT	     1276.61
175	cadical_v21	15	1280	C:/Users/cball/OneDrive/Documentos/Pessoal/ITA/SAT/Competições/SATRace2019-2/Benchmark/maxxor032-sc2011.cnf	13240	39135	420287	407358	1548306	67922303	26225	25947	278	       36.74	       -0.14	409	264824	UNSAT	       37.08
176	cadical_v21	15	1280	C:/Users/cball/OneDrive/Documentos/Pessoal/ITA/SAT/Competições/SATRace2019-2/Benchmark/minxorminand128-sc2009.cnf	153834	459957	5603881	5391203	46161044	820780334	167031	161062	5969	      129.84	       -0.07	8015	16502116	UNSAT	     1277.41
177	cadical_v21	15	1280	C:/Users/cball/OneDrive/Documentos/Pessoal/ITA/SAT/Competições/SATRace2019-2/Benchmark/mod2c-3cage-unsat-10-2.sat05-2567.reshuffled-07-sc2007.cnf	140	560	23480151	23472606	30893142	185808733	806593	703614	102979	       17.74	       -0.03	110207	13562432	UNSAT	     1029.72
178	cadical_v21	15	1280	C:/Users/cball/OneDrive/Documentos/Pessoal/ITA/SAT/Competições/SATRace2019-2/Benchmark/mod2c-3cage-unsat-10-3.sat05-2568.reshuffled-07-sc2007.cnf	140	560	24735958	24731962	32282873	154397730	858978	765276	93702	       17.63	       -0.03	101042	14476718	UNSAT	      782.56
179	cadical_v21	15	1280	C:/Users/cball/OneDrive/Documentos/Pessoal/ITA/SAT/Competições/SATRace2019-2/Benchmark/mod4block_2vars_10gates_u2_autoenc-sc2009.cnf	479	123439	8192254	8041952	29458817	246279057	591508	586120	5388	       25.25	       -0.12	7451	4198522	SAT	     2699.00
180	cadical_v21	15	1280	C:/Users/cball/OneDrive/Documentos/Pessoal/ITA/SAT/Competições/SATRace2019-2/Benchmark/mrpp_6x6#12_24-sc2013.cnf	12197	78363	197939	190951	2625494	18619976	10731	10639	92	       15.10	       -0.22	181	467045	SAT	       10.80
181	cadical_v21	15	1280	C:/Users/cball/OneDrive/Documentos/Pessoal/ITA/SAT/Competições/SATRace2019-2/Benchmark/mrpp_8x8#20_24-sc2014.cnf	22022	172772	2392047	2307035	28400288	277175438	137501	136569	932	       19.94	       -0.22	1724	5741234	SAT	      232.22
182	cadical_v21	15	1280	C:/Users/cball/OneDrive/Documentos/Pessoal/ITA/SAT/Competições/SATRace2019-2/Benchmark/mulhs016-sc2009.cnf	4656	13868	11115341	10962590	20115451	2335660652	466054	446502	19552	       40.31	       -0.05	23710	4365029	IND	     4999.73
183	cadical_v21	15	1280	C:/Users/cball/OneDrive/Documentos/Pessoal/ITA/SAT/Competições/SATRace2019-2/Benchmark/ndhf_xits_16_UNKNOWN-sc2009.cnf	3366	362797	31147812	30625373	41862761	2718382432	1050287	1012567	37720	       73.08	       -0.03	45733	18770901	IND	     4999.62
184	cadical_v21	15	1280	C:/Users/cball/OneDrive/Documentos/Pessoal/ITA/SAT/Competições/SATRace2019-2/Benchmark/ndhf_xits_19_UNKNOWN-sc2011.cnf	4020	466486	1796991	1771058	2347771	198683349	58711	56282	2429	       97.00	       -0.03	2930	1028474	SAT	      257.92
185	cadical_v21	15	1280	C:/Users/cball/OneDrive/Documentos/Pessoal/ITA/SAT/Competições/SATRace2019-2/Benchmark/newton.2.3.i.smt2-cvc4-sc2016.cnf	302737	1309727	1886858	1850658	2694623	18200870727	115129	113607	1522	       49.35	       -0.04	2037	1090622	IND	     4998.58
186	cadical_v21	15	1280	C:/Users/cball/OneDrive/Documentos/Pessoal/ITA/SAT/Competições/SATRace2019-2/Benchmark/par32-1-c.shuffled-as.sat03-1531-sc2002.cnf	1315	5254	23670792	23471335	35665517	1867715869	1053380	1016139	37241	       23.00	       -0.04	45278	9913070	IND	     4999.20
187	cadical_v21	15	1280	C:/Users/cball/OneDrive/Documentos/Pessoal/ITA/SAT/Competições/SATRace2019-2/Benchmark/partial-10-11-s-sc2007.cnf	189456	835275	2744178	2580917	23939854	4229769972	86599	83940	2659	      383.68	       -0.08	3701	1630374	SAT	     2062.03
188	cadical_v21	15	1280	C:/Users/cball/OneDrive/Documentos/Pessoal/ITA/SAT/Competições/SATRace2019-2/Benchmark/partial-10-11-u-sc2007.cnf	188962	825894	6939185	6573374	52461276	7947996597	253581	248320	5261	      297.48	       -0.09	7319	4689206	IND	     4999.66
189	cadical_v21	15	1280	C:/Users/cball/OneDrive/Documentos/Pessoal/ITA/SAT/Competições/SATRace2019-2/Benchmark/partial-5-11-u-sc2007.cnf	164158	717440	10776544	10339678	62614642	6728693736	361936	349922	12014	      168.21	       -0.07	15995	5109829	IND	     4998.02
190	cadical_v21	15	1280	C:/Users/cball/OneDrive/Documentos/Pessoal/ITA/SAT/Competições/SATRace2019-2/Benchmark/partial-5-17-s-sc2007.cnf	252328	1169843	7227131	6884658	72187804	10370881228	305027	299762	5265	      233.53	       -0.10	7324	5781426	IND	     4999.38
191	cadical_v21	15	1280	C:/Users/cball/OneDrive/Documentos/Pessoal/ITA/SAT/Competições/SATRace2019-2/Benchmark/partial-5-19-u-sc2007.cnf	262368	1226585	6099120	5791275	77910660	9621152500	250796	245743	5053	      330.43	       -0.10	7115	4718445	IND	     4999.67
192	cadical_v21	15	1280	C:/Users/cball/OneDrive/Documentos/Pessoal/ITA/SAT/Competições/SATRace2019-2/Benchmark/pb_300_10_lb_08-sc2014.cnf	139915	590682	462146	437744	1937663	302084508	21386	21180	206	       42.70	       -0.16	338	425435	UNSAT	      131.47
193	cadical_v21	15	1280	C:/Users/cball/OneDrive/Documentos/Pessoal/ITA/SAT/Competições/SATRace2019-2/Benchmark/ps_5000_21250_3_0_0.7_0_1.45_4-sc2017.cnf	5000	21250	19982443	19498302	47202230	3783290961	657950	628560	29390	       35.29	       -0.06	37525	7814003	IND	     4999.45
194	cadical_v21	15	1280	C:/Users/cball/OneDrive/Documentos/Pessoal/ITA/SAT/Competições/SATRace2019-2/Benchmark/ps_5000_21250_3_0_0.8_0_1.55_2-sc2017.cnf	5000	21250	10647096	10418017	18233959	1796486895	417439	402229	15210	       20.48	       -0.06	19059	4627564	UNSAT	     1753.59
195	cadical_v21	15	1280	C:/Users/cball/OneDrive/Documentos/Pessoal/ITA/SAT/Competições/SATRace2019-2/Benchmark/rbcl_xits_11_UNKNOWN-sc2009.cnf	1740	104640	19435368	19152821	40526230	1419061776	724107	695182	28925	       31.93	       -0.06	37066	7073045	IND	     4999.55
196	cadical_v21	15	1280	C:/Users/cball/OneDrive/Documentos/Pessoal/ITA/SAT/Competições/SATRace2019-2/Benchmark/rbcl_xits_13_UNKNOWN-sc2009.cnf	2058	133055	20806949	20519326	47835488	1688439907	784633	755880	28753	       38.49	       -0.07	36895	8359647	IND	     4999.55
197	cadical_v21	15	1280	C:/Users/cball/OneDrive/Documentos/Pessoal/ITA/SAT/Competições/SATRace2019-2/Benchmark/rbsat-v2100c215164g4-sc2011.cnf	2100	215164	19562789	19074875	34033867	2875224245	436105	408390	27715	       97.25	       -0.05	35866	8975559	IND	     4999.59
198	cadical_v21	15	1280	C:/Users/cball/OneDrive/Documentos/Pessoal/ITA/SAT/Competições/SATRace2019-2/Benchmark/rbsat-v2400c266431g5-sc2009.cnf	2400	266431	20930254	20388930	36988042	2866225590	412182	384929	27253	      126.29	       -0.05	35411	10721489	IND	     4999.72
199	cadical_v21	15	1280	C:/Users/cball/OneDrive/Documentos/Pessoal/ITA/SAT/Competições/SATRace2019-2/Benchmark/rbsat-v945c61409gyes9-sc2009.cnf	945	61409	228288	222717	344537	21766899	5521	5190	331	       56.46	       -0.05	440	85071	SAT	       22.08
200	cadical_v21	15	1280	C:/Users/cball/OneDrive/Documentos/Pessoal/ITA/SAT/Competições/SATRace2019-2/Benchmark/rphp5_100_shuffled-sc2016.cnf	1000	21405	81787153	58992896	855741611	10365849798	454335	271935	182400	       37.79	       -0.04	211541	210699088	IND	     4998.44
201	cadical_v21	15	1280	C:/Users/cball/OneDrive/Documentos/Pessoal/ITA/SAT/Competições/SATRace2019-2/Benchmark/rpoc_xits_11_UNKNOWN-sc2009.cnf	1740	114011	19025099	18770268	35360595	1265458733	654917	625967	28950	       29.21	       -0.06	37090	6741670	IND	     4996.73
202	cadical_v21	15	1280	C:/Users/cball/OneDrive/Documentos/Pessoal/ITA/SAT/Competições/SATRace2019-2/Benchmark/rpoc_xits_12_UNKNOWN-sc2009.cnf	1898	128735	19996758	19732588	37281265	1358173275	694884	665370	29514	       31.52	       -0.06	37648	7731136	IND	     4997.78
203	cadical_v21	15	1280	C:/Users/cball/OneDrive/Documentos/Pessoal/ITA/SAT/Competições/SATRace2019-2/Benchmark/rubikcube701-sc2017.cnf	3066	59739	6973574	6889593	11294520	1328039399	323158	314782	8376	       20.48	       -0.06	10397	3394151	UNSAT	     2713.16
204	cadical_v21	15	1280	C:/Users/cball/OneDrive/Documentos/Pessoal/ITA/SAT/Competições/SATRace2019-2/Benchmark/rubikcube912-sc2017.cnf	3090	59825	7407778	7336013	15242071	1107503273	404356	395870	8486	       25.24	       -0.08	10507	3550912	IND	     4997.39
205	cadical_v21	15	1280	C:/Users/cball/OneDrive/Documentos/Pessoal/ITA/SAT/Competições/SATRace2019-2/Benchmark/safe-30-h29-unsat-sc2007.cnf	130928	437704	24895931	24636786	108452142	3718248692	1436496	1410666	25830	       43.89	       -0.10	34012	10715870	IND	     4993.95
206	cadical_v21	15	1280	C:/Users/cball/OneDrive/Documentos/Pessoal/ITA/SAT/Competições/SATRace2019-2/Benchmark/satcoin-genesis-SAT-10-sc2018.cnf	134780	648622	1012	978	30271	1634482	45	45	0	       26.63	       -0.24	1	4694	SAT	        2.09
207	cadical_v21	15	1280	C:/Users/cball/OneDrive/Documentos/Pessoal/ITA/SAT/Competições/SATRace2019-2/Benchmark/sgen1-sat-180-100-sc2009.cnf	180	432	16442015	16191990	22543893	376553114	406156	374666	31490	       23.45	       -0.04	39599	4547050	SAT	     3436.53
208	cadical_v21	15	1280	C:/Users/cball/OneDrive/Documentos/Pessoal/ITA/SAT/Competições/SATRace2019-2/Benchmark/sgen1-unsat-109-100-sc2009.cnf	109	228	35356884	35075236	46712490	531751600	1918743	1875284	43459	       20.36	       -0.04	53435	16797904	IND	     4998.92
209	cadical_v21	15	1280	C:/Users/cball/OneDrive/Documentos/Pessoal/ITA/SAT/Competições/SATRace2019-2/Benchmark/sha1r17m145ABCD.cnf	3831	15062	2495016	2454377	5437749	300110306	131585	128830	2755	       38.09	       -0.09	3605	1090324	SAT	      579.98
210	cadical_v21	15	1280	C:/Users/cball/OneDrive/Documentos/Pessoal/ITA/SAT/Competições/SATRace2019-2/Benchmark/sha1r17m145ABCD_p.cnf	2715	11371	5861898	5779812	11381322	676186160	297511	289790	7721	       38.41	       -0.08	9753	2447303	SAT	     2400.05
211	cadical_v21	15	1280	C:/Users/cball/OneDrive/Documentos/Pessoal/ITA/SAT/Competições/SATRace2019-2/Benchmark/sha1r17m146ABCD.cnf	3835	15069	990611	973910	1976369	134963097	37627	36211	1416	       36.97	       -0.08	1908	271368	SAT	      137.09
212	cadical_v21	15	1280	C:/Users/cball/OneDrive/Documentos/Pessoal/ITA/SAT/Competições/SATRace2019-2/Benchmark/sha1r17m146ABCD_p.cnf	2719	11388	7124890	7021239	14360488	834345558	412412	404981	7431	       38.79	       -0.08	9467	3423323	SAT	     3237.26
213	cadical_v21	15	1280	C:/Users/cball/OneDrive/Documentos/Pessoal/ITA/SAT/Competições/SATRace2019-2/Benchmark/sha1r17m147ABCD.cnf	3836	15071	5841801	5758887	11470026	692682101	293789	286442	7347	       38.51	       -0.08	9383	2446952	SAT	     2249.94
214	cadical_v21	15	1280	C:/Users/cball/OneDrive/Documentos/Pessoal/ITA/SAT/Competições/SATRace2019-2/Benchmark/sha1r17m147ABCD_p.cnf	2720	11392	7966575	7849968	16056126	921644760	477957	470669	7288	       37.36	       -0.09	9326	4096790	SAT	     3919.84
215	cadical_v21	15	1280	C:/Users/cball/OneDrive/Documentos/Pessoal/ITA/SAT/Competições/SATRace2019-2/Benchmark/sha1r17m148ABCD.cnf	3837	15085	8262822	8139259	16742797	980977495	491837	484413	7424	       38.05	       -0.09	9516	4301659	SAT	     4167.20
216	cadical_v21	15	1280	C:/Users/cball/OneDrive/Documentos/Pessoal/ITA/SAT/Competições/SATRace2019-2/Benchmark/sha1r17m148ABCD_p.cnf	2721	11396	7486356	7375157	15000317	900686017	433979	426365	7614	       38.98	       -0.08	9647	3737856	SAT	     3441.67
217	cadical_v21	15	1280	C:/Users/cball/OneDrive/Documentos/Pessoal/ITA/SAT/Competições/SATRace2019-2/Benchmark/sha1r17m149ABCD.cnf	3838	15113	6847048	6747690	13651561	807293605	381255	373870	7385	       38.37	       -0.08	9422	3229738	SAT	     3049.19
218	cadical_v21	15	1280	C:/Users/cball/OneDrive/Documentos/Pessoal/ITA/SAT/Competições/SATRace2019-2/Benchmark/sha1r17m149ABCD_p.cnf	2722	11400	5015468	4945461	9393296	585660742	215540	208342	7198	       39.23	       -0.07	9237	1818991	SAT	     1772.12
219	cadical_v21	15	1280	C:/Users/cball/OneDrive/Documentos/Pessoal/ITA/SAT/Competições/SATRace2019-2/Benchmark/sha1r17m63a.cnf	3559	14096	2794122	2754122	5337895	277873599	127135	122665	4470	       34.52	       -0.07	5530	1083459	SAT	      432.42
220	cadical_v21	15	1280	C:/Users/cball/OneDrive/Documentos/Pessoal/ITA/SAT/Competições/SATRace2019-2/Benchmark/sha1r17m63a_p.cnf	2470	10585	1342141	1322422	2662614	154830805	63376	61206	2170	       33.22	       -0.08	2675	530866	SAT	      173.51
221	cadical_v21	15	1280	C:/Users/cball/OneDrive/Documentos/Pessoal/ITA/SAT/Competições/SATRace2019-2/Benchmark/sha1r17m66a.cnf	3566	14138	2617601	2584662	4806450	273240004	125342	121173	4169	       34.11	       -0.07	5095	1085892	SAT	      464.38
222	cadical_v21	15	1280	C:/Users/cball/OneDrive/Documentos/Pessoal/ITA/SAT/Competições/SATRace2019-2/Benchmark/sha1r17m66a_p.cnf	2477	10608	2371369	2339776	4582052	247400440	127438	124079	3359	       33.75	       -0.08	4103	1076427	SAT	      405.14
223	cadical_v21	15	1280	C:/Users/cball/OneDrive/Documentos/Pessoal/ITA/SAT/Competições/SATRace2019-2/Benchmark/sha1r17m67a.cnf	3573	14128	2858576	2823825	5133896	308117644	128484	123081	5403	       33.78	       -0.06	6502	1080174	SAT	      513.42
224	cadical_v21	15	1280	C:/Users/cball/OneDrive/Documentos/Pessoal/ITA/SAT/Competições/SATRace2019-2/Benchmark/sha1r17m67a_p.cnf	2484	10627	2939148	2904736	5170222	301372708	127516	122130	5386	       34.31	       -0.06	6548	1082568	SAT	      538.01
225	cadical_v21	15	1280	C:/Users/cball/OneDrive/Documentos/Pessoal/ITA/SAT/Competições/SATRace2019-2/Benchmark/sha1r17m72a.cnf	3593	14282	1899143	1868658	3911583	201872215	108529	106553	1976	       34.20	       -0.09	2485	978771	SAT	      289.80
226	cadical_v21	15	1280	C:/Users/cball/OneDrive/Documentos/Pessoal/ITA/SAT/Competições/SATRace2019-2/Benchmark/sha1r17m72a_p.cnf	2504	10705	757082	744994	1511122	96848425	31499	30264	1235	       32.60	       -0.08	1546	287464	SAT	       85.55
227	cadical_v21	15	1280	C:/Users/cball/OneDrive/Documentos/Pessoal/ITA/SAT/Competições/SATRace2019-2/Benchmark/sha1r17m75a.cnf	3603	14304	647261	635622	1447094	80821753	33081	32144	937	       31.72	       -0.09	1166	283035	SAT	       66.91
228	cadical_v21	15	1280	C:/Users/cball/OneDrive/Documentos/Pessoal/ITA/SAT/Competições/SATRace2019-2/Benchmark/sha1r17m75a_p.cnf	2514	10733	1670390	1644385	3423938	169733563	92260	90024	2236	       33.66	       -0.08	2742	790580	SAT	      238.19
229	cadical_v21	15	1280	C:/Users/cball/OneDrive/Documentos/Pessoal/ITA/SAT/Competições/SATRace2019-2/Benchmark/sha2.shuffled-as.sat03-442-sc2002.cnf	61377	235249	4477830	4409751	12904533	6120273665	80534	76653	3881	      356.32	       -0.04	5961	2603477	IND	     4999.55
230	cadical_v21	15	1280	C:/Users/cball/OneDrive/Documentos/Pessoal/ITA/SAT/Competições/SATRace2019-2/Benchmark/sin.c.75.smt2-cvc4-sc2016.cnf	7916927	32591905	2640028	2561202	12892178	2622490874	105573	104186	1387	       28.05	       -0.14	2366	2666021	IND	     4999.52
231	cadical_v21	15	1280	C:/Users/cball/OneDrive/Documentos/Pessoal/ITA/SAT/Competições/SATRace2019-2/Benchmark/size_4_4_4_i0418_r8.cnf	1140	4253	2625182	2593394	4205744	110220850	110471	106664	3807	       19.42	       -0.07	4743	1125053	UNSAT	      250.14
232	cadical_v21	15	1280	C:/Users/cball/OneDrive/Documentos/Pessoal/ITA/SAT/Competições/SATRace2019-2/Benchmark/size_4_4_4_i0566_r8.cnf	1140	4253	4905810	4852477	7282537	199210682	175220	166675	8545	       19.96	       -0.05	10565	1783606	UNSAT	      599.91
233	cadical_v21	15	1280	C:/Users/cball/OneDrive/Documentos/Pessoal/ITA/SAT/Competições/SATRace2019-2/Benchmark/size_4_4_4_i2704_r8.cnf	1140	4253	3394791	3357558	5140042	154447318	119640	113307	6333	       20.52	       -0.06	7837	1095457	UNSAT	      390.55
234	cadical_v21	15	1280	C:/Users/cball/OneDrive/Documentos/Pessoal/ITA/SAT/Competições/SATRace2019-2/Benchmark/size_4_4_4_i3499_r8.cnf	1140	4253	3211673	3174666	4925154	133404788	113179	107682	5497	       19.32	       -0.06	6869	1119269	UNSAT	      331.38
235	cadical_v21	15	1280	C:/Users/cball/OneDrive/Documentos/Pessoal/ITA/SAT/Competições/SATRace2019-2/Benchmark/size_4_4_4_i4096_r8.cnf	1140	4253	2548245	2517948	4175234	111400287	112405	108738	3667	       19.79	       -0.07	4544	1109145	UNSAT	      268.05
236	cadical_v21	15	1280	C:/Users/cball/OneDrive/Documentos/Pessoal/ITA/SAT/Competições/SATRace2019-2/Benchmark/size_4_4_4_i4295_r8.cnf	1140	4253	2128545	2102245	3689970	91848587	109770	107390	2380	       19.19	       -0.08	2946	1116644	UNSAT	      200.80
237	cadical_v21	15	1280	C:/Users/cball/OneDrive/Documentos/Pessoal/ITA/SAT/Competições/SATRace2019-2/Benchmark/size_4_4_4_i4473_r8.cnf	1140	4253	2185044	2157539	3791139	94840684	110157	107664	2493	       19.08	       -0.08	3103	1115266	UNSAT	      207.41
238	cadical_v21	15	1280	C:/Users/cball/OneDrive/Documentos/Pessoal/ITA/SAT/Competições/SATRace2019-2/Benchmark/size_4_4_4_i4828_r8.cnf	1140	4253	3310911	3274273	4983035	140583081	112522	106257	6265	       19.71	       -0.06	7704	1120921	UNSAT	      343.09
239	cadical_v21	15	1280	C:/Users/cball/OneDrive/Documentos/Pessoal/ITA/SAT/Competições/SATRace2019-2/Benchmark/size_5_5_5_i003_r12.cnf	3220	12314	13655873	13467970	31049986	915196255	465426	445119	20307	       37.07	       -0.08	26438	4965110	SAT	     2126.34
240	cadical_v21	15	1280	C:/Users/cball/OneDrive/Documentos/Pessoal/ITA/SAT/Competições/SATRace2019-2/Benchmark/size_5_5_5_i044_r12.cnf	3220	12314	14011878	13824192	30677710	960807990	483522	461078	22444	       37.24	       -0.07	28825	4820797	SAT	     2228.92
241	cadical_v21	15	1280	C:/Users/cball/OneDrive/Documentos/Pessoal/ITA/SAT/Competições/SATRace2019-2/Benchmark/size_5_5_5_i063_r12.cnf	3220	12314	9388221	9244191	28331058	632047425	488088	478681	9407	       34.01	       -0.10	12353	4774841	SAT	     1541.20
242	cadical_v21	15	1280	C:/Users/cball/OneDrive/Documentos/Pessoal/ITA/SAT/Competições/SATRace2019-2/Benchmark/size_5_5_5_i116_r12.cnf	3220	12314	600525	589981	2362217	49398596	37122	36556	566	       30.33	       -0.12	764	291492	SAT	       42.59
243	cadical_v21	15	1280	C:/Users/cball/OneDrive/Documentos/Pessoal/ITA/SAT/Competições/SATRace2019-2/Benchmark/size_5_5_5_i171_r12.cnf	3220	12314	3030367	2985913	8031861	213061973	126306	122354	3952	       34.19	       -0.09	5203	1167032	SAT	      287.41
244	cadical_v21	15	1280	C:/Users/cball/OneDrive/Documentos/Pessoal/ITA/SAT/Competições/SATRace2019-2/Benchmark/size_5_5_5_i198_r12.cnf	3220	12314	9682617	9535179	28417154	698611655	476056	465394	10662	       34.19	       -0.10	13821	4860906	SAT	     1576.95
245	cadical_v21	15	1280	C:/Users/cball/OneDrive/Documentos/Pessoal/ITA/SAT/Competições/SATRace2019-2/Benchmark/size_5_5_5_i218_r12.cnf	3220	12314	867925	854497	2471326	66376161	35937	34787	1150	       35.28	       -0.09	1549	295837	SAT	       61.06
246	cadical_v21	15	1280	C:/Users/cball/OneDrive/Documentos/Pessoal/ITA/SAT/Competições/SATRace2019-2/Benchmark/size_5_5_5_i223_r12.cnf	3220	12314	8594583	8452908	28848211	599141138	494528	487049	7479	       33.66	       -0.11	9829	4801138	SAT	     1491.34
247	cadical_v21	15	1280	C:/Users/cball/OneDrive/Documentos/Pessoal/ITA/SAT/Competições/SATRace2019-2/Benchmark/size_5_5_5_i235_r12.cnf	3220	12314	20813672	20519028	54557492	1443837132	855596	827957	27639	       36.33	       -0.08	35802	8807688	IND	     4998.33
248	cadical_v21	15	1280	C:/Users/cball/OneDrive/Documentos/Pessoal/ITA/SAT/Competições/SATRace2019-2/Benchmark/size_5_5_5_i251_r12.cnf	3220	12314	8540235	8407918	26547246	568910085	481013	473566	7447	       30.89	       -0.11	9756	4752587	SAT	     1453.67
249	cadical_v21	15	1280	C:/Users/cball/OneDrive/Documentos/Pessoal/ITA/SAT/Competições/SATRace2019-2/Benchmark/size_5_5_5_i260_r12.cnf	3220	12314	9511799	9368817	27754417	653652893	481509	471597	9912	       32.92	       -0.10	12946	4812067	SAT	     1604.61
250	cadical_v21	15	1280	C:/Users/cball/OneDrive/Documentos/Pessoal/ITA/SAT/Competições/SATRace2019-2/Benchmark/size_5_5_5_i272_r12.cnf	3220	12314	13505556	13315241	33049611	984029131	500255	480954	19301	       38.96	       -0.08	25328	4813390	SAT	     2642.61
251	cadical_v21	15	1280	C:/Users/cball/OneDrive/Documentos/Pessoal/ITA/SAT/Competições/SATRace2019-2/Benchmark/slp-synthesis-aes-bottom13-sc2011.cnf	19995	62866	365667	356871	852693	90171227	16539	16131	408	       33.37	       -0.08	537	162617	UNSAT	       42.94
252	cadical_v21	15	1280	C:/Users/cball/OneDrive/Documentos/Pessoal/ITA/SAT/Competições/SATRace2019-2/Benchmark/slp-synthesis-aes-bottom18-sc2011.cnf	36410	115054	13635876	13369048	33069603	3570051415	470621	452769	17852	       56.87	       -0.07	23994	4625014	IND	     4995.08
253	cadical_v21	15	1280	C:/Users/cball/OneDrive/Documentos/Pessoal/ITA/SAT/Competições/SATRace2019-2/Benchmark/slp-synthesis-aes-bottom22-sc2011.cnf	53118	168346	13595593	13311592	43841587	5085651906	487918	472590	15328	       69.82	       -0.08	21472	4853930	IND	     4995.23
254	cadical_v21	15	1280	C:/Users/cball/OneDrive/Documentos/Pessoal/ITA/SAT/Competições/SATRace2019-2/Benchmark/slp-synthesis-aes-bottom26-sc2011.cnf	73074	231921	12688881	12405739	49796623	6048066985	490545	479045	11500	       79.85	       -0.09	16989	5134439	IND	     4996.20
255	cadical_v21	15	1280	C:/Users/cball/OneDrive/Documentos/Pessoal/ITA/SAT/Competições/SATRace2019-2/Benchmark/slp-synthesis-aes-top21-sc2011.cnf	51138	153348	17312960	17066692	27623226	2116367706	490977	461071	29906	       26.74	       -0.05	38034	5616571	UNSAT	     4309.37
256	cadical_v21	15	1280	C:/Users/cball/OneDrive/Documentos/Pessoal/ITA/SAT/Competições/SATRace2019-2/Benchmark/slp-synthesis-aes-top26-sc2011.cnf	76943	231299	660874	645612	2994654	320110209	44982	44373	609	       43.56	       -0.16	853	373373	SAT	      131.03
257	cadical_v21	15	1280	C:/Users/cball/OneDrive/Documentos/Pessoal/ITA/SAT/Competições/SATRace2019-2/Benchmark/smtlib-qfbv-aigs-countbits128-tseitin-sc2011.cnf	95810	287043	5964073	5847502	16494001	2276450174	261869	257944	3925	       78.38	       -0.10	6006	3267094	UNSAT	     1338.56
258	cadical_v21	15	1280	C:/Users/cball/OneDrive/Documentos/Pessoal/ITA/SAT/Competições/SATRace2019-2/Benchmark/smulo032-sc2012.cnf	11785	35160	1497181	1465923	3654863	278291524	77097	75514	1583	       28.21	       -0.11	2098	729357	UNSAT	      212.14
259	cadical_v21	15	1280	C:/Users/cball/OneDrive/Documentos/Pessoal/ITA/SAT/Competições/SATRace2019-2/Benchmark/snw_13_8_pre-sc2016.cnf	20446	689272	1775943	1734302	3073793	3476783092	73526	71974	1552	       25.56	       -0.08	2067	1047125	UNSAT	     1707.86
260	cadical_v21	15	1280	C:/Users/cball/OneDrive/Documentos/Pessoal/ITA/SAT/Competições/SATRace2019-2/Benchmark/snw_16_8_nopre-sc2016.cnf	103136	4673415	1282372	1246237	2311061	6312016033	38638	37077	1561	       28.15	       -0.07	2075	689045	UNSAT	     3679.31
261	cadical_v21	15	1280	C:/Users/cball/OneDrive/Documentos/Pessoal/ITA/SAT/Competições/SATRace2019-2/Benchmark/snw_16_8_pre-sc2016.cnf	76006	3192315	1077395	1048853	1824287	5277308884	26658	25071	1587	       26.40	       -0.07	2100	448840	UNSAT	     2990.33
262	cadical_v21	15	1280	C:/Users/cball/OneDrive/Documentos/Pessoal/ITA/SAT/Competições/SATRace2019-2/Benchmark/sokoban-p16.sas.ex.15-sc2016.cnf	2343808	5010575	1232966	1109835	10191601	1364794180	22263	21018	1245	      423.77	       -0.07	1760	1539239	UNSAT	     1472.09
263	cadical_v21	15	1280	C:/Users/cball/OneDrive/Documentos/Pessoal/ITA/SAT/Competições/SATRace2019-2/Benchmark/sokoban-p16.sas.ex.19-sc2016.cnf	2929760	6277585	3344597	3031772	32545731	3943462200	56406	52840	3566	      628.16	       -0.07	5057	4011749	IND	     4999.14
264	cadical_v21	15	1280	C:/Users/cball/OneDrive/Documentos/Pessoal/ITA/SAT/Competições/SATRace2019-2/Benchmark/sokoban-p16.sas.ex.21-sc2016.cnf	3222736	6910393	3343893	3005130	37339074	4233216476	54281	50844	3437	      677.22	       -0.07	4928	4666293	IND	     4999.31
265	cadical_v21	15	1280	C:/Users/cball/OneDrive/Documentos/Pessoal/ITA/SAT/Competições/SATRace2019-2/Benchmark/sokoban-p16.sas.ex.23-sc2016.cnf	3515712	7543854	3471618	3102559	42422101	4380380295	56850	53372	3478	      696.67	       -0.07	5067	5243523	IND	     4999.55
266	cadical_v21	15	1280	C:/Users/cball/OneDrive/Documentos/Pessoal/ITA/SAT/Competições/SATRace2019-2/Benchmark/sokoban-p20.sas.cr.35-sc2016.cnf	172512	1477968	3309504	2905142	33690013	8919379118	51989	48739	3250	      744.57	       -0.07	4715	3391233	IND	     4999.45
267	cadical_v21	15	1280	C:/Users/cball/OneDrive/Documentos/Pessoal/ITA/SAT/Competições/SATRace2019-2/Benchmark/sokoban-p20.sas.ex.15-sc2016.cnf	2430976	5169846	3321450	2991784	35033997	3969039324	55609	52197	3412	      622.09	       -0.07	4886	4138852	IND	     4999.61
268	cadical_v21	15	1280	C:/Users/cball/OneDrive/Documentos/Pessoal/ITA/SAT/Competições/SATRace2019-2/Benchmark/sokoban-p20.sas.ex.17-sc2016.cnf	2734848	5821656	3518676	3162876	42496140	3929992771	59363	55671	3692	      664.66	       -0.07	5315	4945717	IND	     4999.31
269	cadical_v21	15	1280	C:/Users/cball/OneDrive/Documentos/Pessoal/ITA/SAT/Competições/SATRace2019-2/Benchmark/sokoban-p20.sas.ex.23-sc2016.cnf	3646464	7777501	3676440	3261637	51205410	4141793836	57939	54224	3715	      621.65	       -0.08	5458	6750444	IND	     4999.50
270	cadical_v21	15	1280	C:/Users/cball/OneDrive/Documentos/Pessoal/ITA/SAT/Competições/SATRace2019-2/Benchmark/squ_ali_s10x10_c39_abix_SAT-sc2017.cnf	1672	5262	625915	613435	1687336	50286680	38747	38002	745	       23.79	       -0.11	959	261086	SAT	       46.69
271	cadical_v21	15	1280	C:/Users/cball/OneDrive/Documentos/Pessoal/ITA/SAT/Competições/SATRace2019-2/Benchmark/squ_any_s09x07_c27_abio_UNS-sc2017.cnf	851	2702	7266621	7172360	10305797	253070016	346703	338250	8453	       17.34	       -0.06	10475	3669471	UNSAT	     1141.03
272	cadical_v21	15	1280	C:/Users/cball/OneDrive/Documentos/Pessoal/ITA/SAT/Competições/SATRace2019-2/Benchmark/srhd-sgi-m62-q1504.5-n60-p30-s88600538-sc2011.cnf	3651	926696	15576428	15320811	18654822	1987920933	299018	258647	40371	      209.53	       -0.02	47715	5337914	IND	     4999.67
273	cadical_v21	15	1280	C:/Users/cball/OneDrive/Documentos/Pessoal/ITA/SAT/Competições/SATRace2019-2/Benchmark/stable-400-0.1-4-9876543214004-sc2014.cnf	400	30664	2493652	2424625	3219257	65948660	61744	58916	2828	       89.15	       -0.05	3671	1380587	SAT	      406.87
274	cadical_v21	15	1280	C:/Users/cball/OneDrive/Documentos/Pessoal/ITA/SAT/Competições/SATRace2019-2/Benchmark/sted1_0x0-380-sc2018.cnf	13431	335655	8561992	8301790	30376030	3353583530	417267	410610	6657	       54.36	       -0.10	8991	4818518	IND	     4999.25
275	cadical_v21	15	1280	C:/Users/cball/OneDrive/Documentos/Pessoal/ITA/SAT/Competições/SATRace2019-2/Benchmark/stone-width3chain-nmarkers-20_shuffled-sc2016.cnf	3906	13611728	16349188	16115580	226509705	510454201	240619	187162	53457	       71.50	       -0.02	61141	76200727	IND	     4994.87
276	cadical_v21	15	1280	C:/Users/cball/OneDrive/Documentos/Pessoal/ITA/SAT/Competições/SATRace2019-2/Benchmark/sv-comp19_prop-reachsafety.25_stack_longest_false-unreach-call.i-witness.cnf	3738383	16651874	1833	1626	2108250	23026303	71	71	0	       20.67	       -0.22	1	3992	SAT	       55.16
277	cadical_v21	15	1280	C:/Users/cball/OneDrive/Documentos/Pessoal/ITA/SAT/Competições/SATRace2019-2/Benchmark/sv-comp19_prop-reachsafety.26_stack_cas_longer_false-unreach-call.i-witness.cnf	2633376	12055676	2483	2327	594857	17460821	126	126	0	      101.56	       -0.23	2	9823	SAT	       46.73
278	cadical_v21	15	1280	C:/Users/cball/OneDrive/Documentos/Pessoal/ITA/SAT/Competições/SATRace2019-2/Benchmark/sv-comp19_prop-reachsafety.barrier_3t_true-unreach-call.i-witness.cnf	9582411	46593859	40719	37622	3977864	658863794	2117	2109	8	      165.19	       -0.24	23	1495621	SAT	     1497.44
279	cadical_v21	15	1280	C:/Users/cball/OneDrive/Documentos/Pessoal/ITA/SAT/Competições/SATRace2019-2/Benchmark/sv-comp19_prop-reachsafety.fib_bench_longest_false-unreach-call.i-witness.cnf	33721	157681	1891155	1812609	8015302	467370704	66210	65068	1142	       66.90	       -0.11	1662	1579829	SAT	      334.89
280	cadical_v21	15	1280	C:/Users/cball/OneDrive/Documentos/Pessoal/ITA/SAT/Competições/SATRace2019-2/Benchmark/sv-comp19_prop-reachsafety.newton_2_2_true-unreach-call_true-termination.i-witness.cnf	110108	506714	236328	229206	508064	1101466270	7050	6800	250	       80.99	       -0.07	366	105056	UNSAT	      313.52
281	cadical_v21	15	1280	C:/Users/cball/OneDrive/Documentos/Pessoal/ITA/SAT/Competições/SATRace2019-2/Benchmark/sv-comp19_prop-reachsafety.newton_2_3_true-unreach-call_true-termination.i-witness.cnf	110108	506718	328230	318811	587752	1787223698	10220	9975	245	       89.25	       -0.06	377	184041	UNSAT	      523.16
282	cadical_v21	15	1280	C:/Users/cball/OneDrive/Documentos/Pessoal/ITA/SAT/Competições/SATRace2019-2/Benchmark/sv-comp19_prop-reachsafety.newton_2_4_true-unreach-call_true-termination.i-witness.cnf	110108	506714	200010	192982	459938	629452777	4578	4387	191	       69.60	       -0.08	281	116517	UNSAT	      194.87
283	cadical_v21	15	1280	C:/Users/cball/OneDrive/Documentos/Pessoal/ITA/SAT/Competições/SATRace2019-2/Benchmark/sv-comp19_prop-reachsafety.newton_2_6_false-unreach-call_true-termination.i-witness.cnf	110108	506718	113788	108417	300077	558971392	6074	6016	58	       84.87	       -0.10	92	86934	SAT	      179.70
284	cadical_v21	15	1280	C:/Users/cball/OneDrive/Documentos/Pessoal/ITA/SAT/Competições/SATRace2019-2/Benchmark/sv-comp19_prop-reachsafety.newton_2_8_false-unreach-call_true-termination.i-witness.cnf	110079	506624	112251	107845	347128	264779694	5213	5148	65	       65.70	       -0.12	99	101893	SAT	       92.94
285	cadical_v21	15	1280	C:/Users/cball/OneDrive/Documentos/Pessoal/ITA/SAT/Competições/SATRace2019-2/Benchmark/sv-comp19_prop-reachsafety.newton_3_6_false-unreach-call_true-termination.i-witness.cnf	164916	759313	474560	459193	1170732	2464672499	27538	27301	237	       75.36	       -0.09	369	360342	SAT	      744.58
286	cadical_v21	15	1280	C:/Users/cball/OneDrive/Documentos/Pessoal/ITA/SAT/Competições/SATRace2019-2/Benchmark/sv-comp19_prop-reachsafety.newton_3_7_false-unreach-call_true-termination.i-witness.cnf	164915	759314	314956	303448	745204	1670614438	11174	10918	256	      109.75	       -0.07	388	192857	SAT	      515.83
287	cadical_v21	15	1280	C:/Users/cball/OneDrive/Documentos/Pessoal/ITA/SAT/Competições/SATRace2019-2/Benchmark/sv-comp19_prop-reachsafety.newton_3_8_false-unreach-call_true-termination.i-witness.cnf	164887	759228	132555	124408	446252	325902170	5346	5286	60	       59.87	       -0.13	99	126695	SAT	      119.27
288	cadical_v21	15	1280	C:/Users/cball/OneDrive/Documentos/Pessoal/ITA/SAT/Competições/SATRace2019-2/Benchmark/sv-comp19_prop-reachsafety.queue_longer_false-unreach-call.i-witness.cnf	8043699	39376148	12262	11752	1500934	76195376	288	285	3	       52.13	       -0.18	9	18521	SAT	      853.42
289	cadical_v21	15	1280	C:/Users/cball/OneDrive/Documentos/Pessoal/ITA/SAT/Competições/SATRace2019-2/Benchmark/sv-comp19_prop-reachsafety.race-4_2-thread_local_vars_false-unreach-call.i-witness.cnf	693001	3661576	9619	8924	1045295	23276745	477	477	0	       28.18	       -0.21	5	801333	SAT	       52.05
290	cadical_v21	15	1280	C:/Users/cball/OneDrive/Documentos/Pessoal/ITA/SAT/Competições/SATRace2019-2/Benchmark/sv-comp19_prop-reachsafety.sigma_false-unreach-call.i-witness.cnf	1094922	5009021	469854	445102	19084405	1123196101	42236	42072	164	       45.41	       -0.27	296	12326326	SAT	      531.03
291	cadical_v21	15	1280	C:/Users/cball/OneDrive/Documentos/Pessoal/ITA/SAT/Competições/SATRace2019-2/Benchmark/sv-comp19_prop-reachsafety.sine_8_true-unreach-call_true-termination.i-witness.cnf	26421	122125	15207	14713	39199	12493528	410	395	15	       41.99	       -0.10	24	7203	UNSAT	        6.36
292	cadical_v21	15	1280	C:/Users/cball/OneDrive/Documentos/Pessoal/ITA/SAT/Competições/SATRace2019-2/Benchmark/sv-comp19_prop-reachsafety.square_5_true-unreach-call_true-termination.i-witness.cnf	26275	121056	304231	301889	333059	1584527310	13908	7703	6205	       24.82	       -0.01	6262	123155	UNSAT	      389.23
293	cadical_v21	15	1280	C:/Users/cball/OneDrive/Documentos/Pessoal/ITA/SAT/Competições/SATRace2019-2/Benchmark/sv-comp19_prop-reachsafety.triangular-longer_false-unreach-call.i-witness.cnf	20965	93387	4846795	4626888	15869873	806523955	125492	120229	5263	       72.99	       -0.08	7325	3278998	SAT	      839.36
294	cadical_v21	15	1280	C:/Users/cball/OneDrive/Documentos/Pessoal/ITA/SAT/Competições/SATRace2019-2/Benchmark/test_v7_r12_vr10_c1_s18160.smt2-stp212-sc2016.cnf	314295	1258522	6048945	5875574	21193960	9804447957	291156	287611	3545	       60.07	       -0.15	5631	4386285	IND	     4997.22
295	cadical_v21	15	1280	C:/Users/cball/OneDrive/Documentos/Pessoal/ITA/SAT/Competições/SATRace2019-2/Benchmark/total-10-15-s-sc2007.cnf	270120	1227441	381729	364843	1396876	308411133	8883	8529	354	      142.31	       -0.05	484	232025	SAT	      138.97
296	cadical_v21	15	1280	C:/Users/cball/OneDrive/Documentos/Pessoal/ITA/SAT/Competições/SATRace2019-2/Benchmark/total-10-15-u-sc2007.cnf	269416	1214079	19139500	18788730	37177298	5440017472	531379	503043	28336	       49.88	       -0.05	36482	7152339	IND	     4993.66
297	cadical_v21	15	1280	C:/Users/cball/OneDrive/Documentos/Pessoal/ITA/SAT/Competições/SATRace2019-2/Benchmark/toughsat_22bits_0.cnf	600	16790	406614	403177	696393	29884703	25973	25467	506	       21.11	       -0.07	634	177115	SAT	       55.83
298	cadical_v21	15	1280	C:/Users/cball/OneDrive/Documentos/Pessoal/ITA/SAT/Competições/SATRace2019-2/Benchmark/toughsat_22bits_1.cnf	600	16668	242925	240885	380717	17867235	9061	8549	512	       19.89	       -0.06	631	68588	SAT	       25.02
299	cadical_v21	15	1280	C:/Users/cball/OneDrive/Documentos/Pessoal/ITA/SAT/Competições/SATRace2019-2/Benchmark/toughsat_23bits_0.cnf	679	18374	521092	515367	991424	41808356	33273	32621	652	       20.72	       -0.09	787	270232	SAT	       78.05
300	cadical_v21	15	1280	C:/Users/cball/OneDrive/Documentos/Pessoal/ITA/SAT/Competições/SATRace2019-2/Benchmark/toughsat_23bits_1.cnf	679	18401	224719	222765	361508	17998125	8365	7950	415	       21.34	       -0.06	520	71915	SAT	       22.80
301	cadical_v21	15	1280	C:/Users/cball/OneDrive/Documentos/Pessoal/ITA/SAT/Competições/SATRace2019-2/Benchmark/toughsat_23bits_2.cnf	679	18422	936315	930306	1376397	91121617	37569	35520	2049	       22.29	       -0.05	2489	258869	SAT	      191.41
302	cadical_v21	15	1280	C:/Users/cball/OneDrive/Documentos/Pessoal/ITA/SAT/Competições/SATRace2019-2/Benchmark/toughsat_23bits_3.cnf	679	18292	640738	634782	1149889	53032203	38433	37383	1050	       21.53	       -0.07	1271	258105	SAT	      101.42
303	cadical_v21	15	1280	C:/Users/cball/OneDrive/Documentos/Pessoal/ITA/SAT/Competições/SATRace2019-2/Benchmark/toughsat_24bits_0.cnf	686	19093	748500	742955	1184473	72931400	34914	33394	1520	       21.39	       -0.06	1820	265018	SAT	      138.69
304	cadical_v21	15	1280	C:/Users/cball/OneDrive/Documentos/Pessoal/ITA/SAT/Competições/SATRace2019-2/Benchmark/toughsat_24bits_1.cnf	687	19618	1231441	1223619	1841372	126963872	56008	53489	2519	       22.85	       -0.05	3021	426937	SAT	      324.25
305	cadical_v21	15	1280	C:/Users/cball/OneDrive/Documentos/Pessoal/ITA/SAT/Competições/SATRace2019-2/Benchmark/toughsat_24bits_2.cnf	686	19096	543675	538919	979775	45580894	33823	33149	674	       21.62	       -0.08	826	265711	SAT	       83.66
306	cadical_v21	15	1280	C:/Users/cball/OneDrive/Documentos/Pessoal/ITA/SAT/Competições/SATRace2019-2/Benchmark/toughsat_24bits_3.cnf	687	19681	541217	536017	1018888	42215986	35984	35287	697	       21.72	       -0.08	846	262542	SAT	       78.12
307	cadical_v21	15	1280	C:/Users/cball/OneDrive/Documentos/Pessoal/ITA/SAT/Competições/SATRace2019-2/Benchmark/toughsat_25bits_0.cnf	827	20662	815476	809067	1316838	87653743	37369	35788	1581	       23.06	       -0.06	1933	261063	SAT	      137.64
308	cadical_v21	15	1280	C:/Users/cball/OneDrive/Documentos/Pessoal/ITA/SAT/Competições/SATRace2019-2/Benchmark/toughsat_25bits_1.cnf	827	20629	1707012	1693427	3178476	191946449	111993	109715	2278	       25.32	       -0.08	2783	762183	SAT	      500.11
309	cadical_v21	15	1280	C:/Users/cball/OneDrive/Documentos/Pessoal/ITA/SAT/Competições/SATRace2019-2/Benchmark/toughsat_25bits_2.cnf	827	20669	1420391	1408128	2526936	152272410	81377	78804	2573	       23.23	       -0.07	3074	551629	SAT	      342.77
310	cadical_v21	15	1280	C:/Users/cball/OneDrive/Documentos/Pessoal/ITA/SAT/Competições/SATRace2019-2/Benchmark/toughsat_25bits_3.cnf	827	20730	215204	213245	349740	18887147	8424	7992	432	       23.36	       -0.06	530	71152	SAT	       22.42
311	cadical_v21	15	1280	C:/Users/cball/OneDrive/Documentos/Pessoal/ITA/SAT/Competições/SATRace2019-2/Benchmark/toughsat_26bits_0.cnf	895	20751	933619	926191	1422728	100532711	35424	33436	1988	       25.63	       -0.05	2427	270391	SAT	      161.14
312	cadical_v21	15	1280	C:/Users/cball/OneDrive/Documentos/Pessoal/ITA/SAT/Competições/SATRace2019-2/Benchmark/toughsat_26bits_1.cnf	895	20847	918234	911237	1374584	96054282	34217	32184	2033	       24.65	       -0.05	2460	271876	SAT	      152.80
313	cadical_v21	15	1280	C:/Users/cball/OneDrive/Documentos/Pessoal/ITA/SAT/Competições/SATRace2019-2/Benchmark/toughsat_26bits_2.cnf	895	20756	992505	985592	1454181	106520440	35131	32805	2326	       25.22	       -0.05	2807	271356	SAT	      189.14
314	cadical_v21	15	1280	C:/Users/cball/OneDrive/Documentos/Pessoal/ITA/SAT/Competições/SATRace2019-2/Benchmark/toughsat_26bits_3.cnf	895	20818	2077016	2058225	3831667	226027328	134156	131767	2389	       23.81	       -0.08	2917	1047538	SAT	      678.34
315	cadical_v21	15	1280	C:/Users/cball/OneDrive/Documentos/Pessoal/ITA/SAT/Competições/SATRace2019-2/Benchmark/toughsat_27bits_0.cnf	984	22937	5743891	5699954	9756626	956250741	300423	290059	10364	       27.02	       -0.06	12362	2324125	SAT	     3537.30
316	cadical_v21	15	1280	C:/Users/cball/OneDrive/Documentos/Pessoal/ITA/SAT/Competições/SATRace2019-2/Benchmark/toughsat_28bits_0.cnf	1046	22804	4576762	4545240	7578812	677930496	177988	168433	9555	       28.93	       -0.05	11565	1478681	SAT	     1904.41
317	cadical_v21	15	1280	C:/Users/cball/OneDrive/Documentos/Pessoal/ITA/SAT/Competições/SATRace2019-2/Benchmark/toughsat_29bits_0.cnf	1085	25464	9033647	8953656	19141306	1062427616	489031	477383	11648	       32.51	       -0.07	14287	4362416	IND	     4999.19
318	cadical_v21	15	1280	C:/Users/cball/OneDrive/Documentos/Pessoal/ITA/SAT/Competições/SATRace2019-2/Benchmark/toughsat_30bits_0.cnf	1110	27596	9350755	9277421	18856043	1152620740	499930	486510	13420	       32.04	       -0.07	16284	4333774	IND	     4999.58
319	cadical_v21	15	1280	C:/Users/cball/OneDrive/Documentos/Pessoal/ITA/SAT/Competições/SATRace2019-2/Benchmark/tseitingrid7x160_shuffled-sc2016.cnf	2240	8960	123913804	123875161	823256231	1838032197	6035778	5871134	164644	       21.15	       -0.04	196627	161981510	IND	     4999.34
320	cadical_v21	15	1280	C:/Users/cball/OneDrive/Documentos/Pessoal/ITA/SAT/Competições/SATRace2019-2/Benchmark/uniqinv47prop-sc2018.cnf	17349	51071	17662600	17499641	45678843	3454128850	602458	560250	42208	       45.92	       -0.06	50187	6682838	IND	     4999.42
321	cadical_v21	15	1280	C:/Users/cball/OneDrive/Documentos/Pessoal/ITA/SAT/Competições/SATRace2019-2/Benchmark/unsat-set-a-fclqcolor-20-13-14.sat05-1278.reshuffled-07-sc2007.cnf	730	43124	90559964	70793048	265459729	2508557358	882909	766836	116073	       51.03	       -0.04	148587	148365171	IND	     4999.52
322	cadical_v21	15	1280	C:/Users/cball/OneDrive/Documentos/Pessoal/ITA/SAT/Competições/SATRace2019-2/Benchmark/vmpc_30-sc2007.cnf	900	133080	2294769	2212895	5098802	258502485	80195	77841	2354	       46.32	       -0.07	3048	2083571	SAT	      441.62
323	cadical_v21	15	1280	C:/Users/cball/OneDrive/Documentos/Pessoal/ITA/SAT/Competições/SATRace2019-2/Benchmark/vmpc_31-sc2007.cnf	961	146909	12310218	11906369	24452474	1464095896	313357	293793	19564	       52.82	       -0.05	24635	8131176	IND	     4999.50
324	cadical_v21	15	1280	C:/Users/cball/OneDrive/Documentos/Pessoal/ITA/SAT/Competições/SATRace2019-2/Benchmark/vmpc_34.shuffled-as.sat05-1958-sc2005.cnf	1156	194072	13515881	13044402	28844128	1758526706	307150	286446	20704	       62.08	       -0.06	26696	8823055	IND	     4999.42
325	cadical_v21	15	1280	C:/Users/cball/OneDrive/Documentos/Pessoal/ITA/SAT/Competições/SATRace2019-2/Benchmark/vmpc_36.renamed-as.sat05-1922-sc2005.cnf	1296	230544	13616123	13131184	30345230	1921739614	303825	282997	20828	       65.89	       -0.06	26899	9288294	IND	     4999.53
326	cadical_v21	15	1280	C:/Users/cball/OneDrive/Documentos/Pessoal/ITA/SAT/Competições/SATRace2019-2/Benchmark/x2_128.shuffled-as.sat03-1598-sc2002.cnf	382	1018	79718483	79695959	144813911	693912549	2357428	2086201	271227	       38.94	       -0.04	301873	40168133	IND	     4999.31
