ID	version	restart base fast	restart base slow	file	vars	clauses	conflicts	learned	decisions	propagations	restarts	restarts unstable	restarts stable	learned avg. size	learnt stack avg	learnt stack stable counter	learnt stack unstable counter	answer	cpu time
1	cadical_v21	10	320	C:/Users/cball/OneDrive/Documentos/Pessoal/ITA/SAT/Competições/SATRace2019-2/Benchmark/countbitswegner128-sc2011.cnf	98048	293756	5658604	5551029	15769092	2049208853	244004	233576	10428	       74.25	       -0.10	18523	2949067	UNSAT	     1244.31
2	cadical_v21	10	320	C:/Users/cball/OneDrive/Documentos/Pessoal/ITA/SAT/Competições/SATRace2019-2/Benchmark/course0.2_2018_3-sc2018.cnf	1314940	2548425	531124	512743	5806183	2179074088	34713	34218	495	       18.82	       -0.21	1069	653402	SAT	      737.30
3	cadical_v21	10	320	C:/Users/cball/OneDrive/Documentos/Pessoal/ITA/SAT/Competições/SATRace2019-2/Benchmark/crafted_n11_d6_c3_num24-sc2013.cnf	36208	7010872	218874	212212	509627	152769579	1721	1080	641	      357.75	       -0.04	1030	151639	UNSAT	      209.78
4	cadical_v21	10	320	C:/Users/cball/OneDrive/Documentos/Pessoal/ITA/SAT/Competições/SATRace2019-2/Benchmark/cruxmiter28seed8.cnf	506	1406	4094681	4071728	5435684	99665466	121957	109807	12150	       19.26	       -0.04	20193	1112017	UNSAT	      336.16
5	cadical_v21	10	320	C:/Users/cball/OneDrive/Documentos/Pessoal/ITA/SAT/Competições/SATRace2019-2/Benchmark/cruxmiter29seed4.cnf	511	1418	14353669	14279702	19561164	270218032	459854	420998	38856	       21.21	       -0.04	65070	4583114	UNSAT	     1670.52
6	cadical_v21	10	320	C:/Users/cball/OneDrive/Documentos/Pessoal/ITA/SAT/Competições/SATRace2019-2/Benchmark/cruxmiter29seed9.cnf	513	1424	24936377	24792281	31048650	605272039	1047765	998864	48901	       21.13	       -0.03	81071	11743550	UNSAT	     3435.14
7	cadical_v21	10	320	C:/Users/cball/OneDrive/Documentos/Pessoal/ITA/SAT/Competições/SATRace2019-2/Benchmark/cruxmiter32seed4.cnf	621	1733	31232523	31065984	41257910	737596348	1516089	1466876	49213	       23.93	       -0.04	81373	16830158	IND	     4999.27
8	cadical_v21	10	320	C:/Users/cball/OneDrive/Documentos/Pessoal/ITA/SAT/Competições/SATRace2019-2/Benchmark/ctl_4291_567_2_unsat-sc2013.cnf	17850	149132	8485026	8369241	12092217	4061364956	392213	378864	13349	       17.05	       -0.07	22254	4558725	UNSAT	     2187.50
9	cadical_v21	10	320	C:/Users/cball/OneDrive/Documentos/Pessoal/ITA/SAT/Competições/SATRace2019-2/Benchmark/ctl_4291_567_2_unsat_pre-sc2013.cnf	15232	147245	7589777	7483803	10753203	3733862481	343261	331419	11842	       17.06	       -0.07	19888	4078667	UNSAT	     1939.31
10	cadical_v21	10	320	C:/Users/cball/OneDrive/Documentos/Pessoal/ITA/SAT/Competições/SATRace2019-2/Benchmark/ctl_4291_567_5_unsat_pre-sc2014.cnf	15232	134756	17661745	17466796	22841557	9379236911	543418	494139	49279	       17.14	       -0.05	81428	5506815	IND	     4998.89
11	cadical_v21	10	320	C:/Users/cball/OneDrive/Documentos/Pessoal/ITA/SAT/Competições/SATRace2019-2/Benchmark/custmulsb2x32o-sc2016.cnf	4660	13676	25667584	25666473	25703256	4610154407	436657	369283	67374	       51.91	       -0.00	98789	13683918	IND	     4999.34
12	cadical_v21	10	320	C:/Users/cball/OneDrive/Documentos/Pessoal/ITA/SAT/Competições/SATRace2019-2/Benchmark/custmulun16x16o-sc2016.cnf	3633	10625	18241279	18003815	25447502	3723871561	680107	629148	50959	       45.96	       -0.02	83022	5718296	IND	     4999.45
13	cadical_v21	10	320	C:/Users/cball/OneDrive/Documentos/Pessoal/ITA/SAT/Competições/SATRace2019-2/Benchmark/dist6.c-sc2018.cnf	15254	68087	834798	827446	1161715	126239104	29457	27127	2330	       26.19	       -0.04	3781	273159	UNSAT	       88.34
14	cadical_v21	10	320	C:/Users/cball/OneDrive/Documentos/Pessoal/ITA/SAT/Competições/SATRace2019-2/Benchmark/dp12u11.used-as.sat04-358-sc2004.cnf	11137	29956	1671425	1646804	2665491	196673091	69174	66204	2970	       20.95	       -0.06	4979	844104	UNSAT	      172.97
15	cadical_v21	10	320	C:/Users/cball/OneDrive/Documentos/Pessoal/ITA/SAT/Competições/SATRace2019-2/Benchmark/e_rphp035_05-sc2018.cnf	2960	5555	20238369	16166912	82486153	599113857	316196	265707	50489	       22.97	       -0.06	82363	27855324	UNSAT	      813.62
16	cadical_v21	10	320	C:/Users/cball/OneDrive/Documentos/Pessoal/ITA/SAT/Competições/SATRace2019-2/Benchmark/ecarev-110-1031-23-40-8-sc2018.cnf	42271	247381	2787085	2724606	6531572	284554900	125214	119710	5504	       20.57	       -0.13	9723	1720309	SAT	      426.39
17	cadical_v21	10	320	C:/Users/cball/OneDrive/Documentos/Pessoal/ITA/SAT/Competições/SATRace2019-2/Benchmark/edges-024-4-5613555-1-00-sc2014.cnf	97	204	34926861	34680215	41072479	494403042	1900744	1841812	58932	       18.47	       -0.03	97446	16965033	IND	     4999.58
18	cadical_v21	10	320	C:/Users/cball/OneDrive/Documentos/Pessoal/ITA/SAT/Competições/SATRace2019-2/Benchmark/eq2csparrc162cbpwtcl16.cnf	6154	18364	15376301	15224339	19525745	3079628735	548178	503501	44677	       53.60	       -0.02	73842	4101336	IND	     4999.55
19	cadical_v21	10	320	C:/Users/cball/OneDrive/Documentos/Pessoal/ITA/SAT/Competições/SATRace2019-2/Benchmark/eqbparrc12spctbk12.cnf	3018	8982	14555040	14430790	17843252	1736466900	523674	481439	42235	       35.83	       -0.02	68954	4184403	IND	     4999.45
20	cadical_v21	10	320	C:/Users/cball/OneDrive/Documentos/Pessoal/ITA/SAT/Competições/SATRace2019-2/Benchmark/eqbparrc14spwtcl14.cnf	4838	14428	15576038	15444669	20041108	2111503171	553467	507178	46289	       46.91	       -0.03	76020	4074204	IND	     4998.75
21	cadical_v21	10	320	C:/Users/cball/OneDrive/Documentos/Pessoal/ITA/SAT/Competições/SATRace2019-2/Benchmark/eqbparrc18spwtrc18.cnf	7193	21469	15216576	15075140	19931791	2547567785	514518	470216	44302	       65.52	       -0.03	72981	4164456	IND	     4997.25
22	cadical_v21	10	320	C:/Users/cball/OneDrive/Documentos/Pessoal/ITA/SAT/Competições/SATRace2019-2/Benchmark/eqbpdtlf12bparrc12.cnf	3105	9242	7056069	6985322	10567303	661616992	381243	368820	12423	       31.88	       -0.05	20453	3381116	UNSAT	     1984.92
23	cadical_v21	10	320	C:/Users/cball/OneDrive/Documentos/Pessoal/ITA/SAT/Competições/SATRace2019-2/Benchmark/eqbpdtlf14bpwtcl14.cnf	4719	14071	6346242	6278099	9846730	749466233	316728	304026	12702	       39.04	       -0.05	20724	2857227	UNSAT	     1609.95
24	cadical_v21	10	320	C:/Users/cball/OneDrive/Documentos/Pessoal/ITA/SAT/Competições/SATRace2019-2/Benchmark/eqbpdtlf14spctbk14.cnf	4000	11914	13748917	13617738	18688098	1649657980	537805	500092	37713	       43.57	       -0.03	62078	4104713	IND	     4995.94
25	cadical_v21	10	320	C:/Users/cball/OneDrive/Documentos/Pessoal/ITA/SAT/Competições/SATRace2019-2/Benchmark/eqbpdtlf14spdtlf14.cnf	4249	12662	14808491	14680824	19309947	1605464874	541646	498638	43008	       45.67	       -0.03	70468	4107215	IND	     4995.88
26	cadical_v21	10	320	C:/Users/cball/OneDrive/Documentos/Pessoal/ITA/SAT/Competições/SATRace2019-2/Benchmark/eqbpdtlf16spdtlf16.cnf	5550	16552	15576322	15422933	20703910	2088641505	498691	453135	45556	       54.18	       -0.03	75306	4250443	IND	     4996.16
27	cadical_v21	10	320	C:/Users/cball/OneDrive/Documentos/Pessoal/ITA/SAT/Competições/SATRace2019-2/Benchmark/eqbpdtlf18sparcl18.cnf	7282	21738	15621210	15488325	19948008	3203000016	519630	473485	46145	       57.44	       -0.02	76021	4181670	IND	     4997.92
28	cadical_v21	10	320	C:/Users/cball/OneDrive/Documentos/Pessoal/ITA/SAT/Competições/SATRace2019-2/Benchmark/eqbpwtcl10spwtcl10.cnf	2616	7788	2853886	2830534	3724421	310220053	125510	118470	7040	       29.38	       -0.03	11412	1071462	UNSAT	      473.36
29	cadical_v21	10	320	C:/Users/cball/OneDrive/Documentos/Pessoal/ITA/SAT/Competições/SATRace2019-2/Benchmark/eqbpwtrc10bpdtlf10.cnf	2205	6555	1918383	1899127	2764981	159120628	104083	100876	3207	       25.67	       -0.05	5211	987619	UNSAT	      264.75
30	cadical_v21	10	320	C:/Users/cball/OneDrive/Documentos/Pessoal/ITA/SAT/Competições/SATRace2019-2/Benchmark/eqbpwtrc10spctbk10.cnf	2089	6206	2498905	2480246	3083671	254571938	115622	110145	5477	       26.23	       -0.03	8805	1086528	UNSAT	      392.38
31	cadical_v21	10	320	C:/Users/cball/OneDrive/Documentos/Pessoal/ITA/SAT/Competições/SATRace2019-2/Benchmark/eqsparcl10bpwtrc10.cnf	2275	6764	1931175	1911031	2648331	193731481	100101	96938	3163	       26.01	       -0.04	5169	1019262	UNSAT	      272.97
32	cadical_v21	10	320	C:/Users/cball/OneDrive/Documentos/Pessoal/ITA/SAT/Competições/SATRace2019-2/Benchmark/eqsparcl12bpwtrc12.cnf	3278	9760	17325360	17185234	21613592	2170916261	672839	622334	50505	       30.55	       -0.03	82601	4704827	IND	     4996.55
33	cadical_v21	10	320	C:/Users/cball/OneDrive/Documentos/Pessoal/ITA/SAT/Competições/SATRace2019-2/Benchmark/eqsparrc12bpdtlf12.cnf	3096	9215	16604607	16483020	20754319	1842988444	567706	517101	50605	       33.12	       -0.03	82693	4277488	IND	     4999.42
34	cadical_v21	10	320	C:/Users/cball/OneDrive/Documentos/Pessoal/ITA/SAT/Competições/SATRace2019-2/Benchmark/eqsparrc14spctbk14.cnf	4136	12323	16905062	16755722	22502184	2093064366	547466	498248	49218	       36.38	       -0.03	81337	4667493	IND	     4999.61
35	cadical_v21	10	320	C:/Users/cball/OneDrive/Documentos/Pessoal/ITA/SAT/Competições/SATRace2019-2/Benchmark/eqsparrc16spwtcl16.cnf	6576	19630	16317367	16169703	20994062	2935044488	537502	488442	49060	       46.36	       -0.03	80984	4141010	IND	     4998.56
36	cadical_v21	10	320	C:/Users/cball/OneDrive/Documentos/Pessoal/ITA/SAT/Competições/SATRace2019-2/Benchmark/eqspctbk12bpwtrc12.cnf	3001	8931	15597076	15482576	18945638	1800419617	520767	473439	47328	       34.70	       -0.03	77095	4202391	IND	     4999.58
37	cadical_v21	10	320	C:/Users/cball/OneDrive/Documentos/Pessoal/ITA/SAT/Competições/SATRace2019-2/Benchmark/eqspctbk14sparcl14.cnf	4344	12948	17084228	16921932	22397697	2180876560	576045	526486	49559	       34.52	       -0.03	81672	4741864	IND	     4999.05
38	cadical_v21	10	320	C:/Users/cball/OneDrive/Documentos/Pessoal/ITA/SAT/Competições/SATRace2019-2/Benchmark/eqspctbk14spwtcl14.cnf	4699	14013	15154641	15018924	21276491	1771757598	510899	466664	44235	       42.07	       -0.04	72724	4229273	IND	     4999.00
39	cadical_v21	10	320	C:/Users/cball/OneDrive/Documentos/Pessoal/ITA/SAT/Competições/SATRace2019-2/Benchmark/eqspdtlf14bpwtrc14.cnf	4292	12790	15535495	15409357	19778267	1748159690	557322	510975	46347	       47.89	       -0.03	75945	4055997	IND	     4999.41
40	cadical_v21	10	320	C:/Users/cball/OneDrive/Documentos/Pessoal/ITA/SAT/Competições/SATRace2019-2/Benchmark/eqspwtcl14bpwtcl14.cnf	5418	16168	14648649	14527250	19579315	2226355322	516684	473933	42751	       46.66	       -0.03	69737	4211969	IND	     4999.16
41	cadical_v21	10	320	C:/Users/cball/OneDrive/Documentos/Pessoal/ITA/SAT/Competições/SATRace2019-2/Benchmark/eqspwtrc16bparrc16.cnf	5702	17010	14310158	14176027	18437785	2264576465	537549	498035	39514	       61.49	       -0.03	65556	4085716	IND	     4997.31
42	cadical_v21	10	320	C:/Users/cball/OneDrive/Documentos/Pessoal/ITA/SAT/Competições/SATRace2019-2/Benchmark/ex051_9-sc2018.cnf	51315	485537	7102085	6895142	18199826	1625279484	330382	319571	10811	       24.05	       -0.11	18892	5092330	UNSAT	     2175.31
43	cadical_v21	10	320	C:/Users/cball/OneDrive/Documentos/Pessoal/ITA/SAT/Competições/SATRace2019-2/Benchmark/ex145_11-sc2018.cnf	39544	294276	18394873	17954516	49815377	3468974087	635967	591571	44396	       23.65	       -0.09	76696	9502648	IND	     4995.23
44	cadical_v21	10	320	C:/Users/cball/OneDrive/Documentos/Pessoal/ITA/SAT/Competições/SATRace2019-2/Benchmark/ex175_17-sc2018.cnf	895721	17688050	2876047	2798916	8012721	3998686188	107781	101807	5974	       22.70	       -0.10	10450	1747926	SAT	     2747.66
45	cadical_v21	10	320	C:/Users/cball/OneDrive/Documentos/Pessoal/ITA/SAT/Competições/SATRace2019-2/Benchmark/ex175_18-sc2018.cnf	895721	17648874	2161668	2096787	7586301	3544276075	108052	105001	3051	       18.83	       -0.13	5416	1919971	SAT	     2438.64
46	cadical_v21	10	320	C:/Users/cball/OneDrive/Documentos/Pessoal/ITA/SAT/Competições/SATRace2019-2/Benchmark/ezfact64_6.shuffled-as.sat03-1522-sc2002.cnf	3073	19610	946264	938528	1415010	231656738	32276	29402	2874	       24.03	       -0.05	4653	282704	SAT	      257.60
47	cadical_v21	10	320	C:/Users/cball/OneDrive/Documentos/Pessoal/ITA/SAT/Competições/SATRace2019-2/Benchmark/ezfact64_8.shuffled-as.sat03-1524-sc2002.cnf	3073	19636	606876	600260	1042226	162336252	31042	29766	1276	       27.32	       -0.07	2059	280318	SAT	      156.51
48	cadical_v21	10	320	C:/Users/cball/OneDrive/Documentos/Pessoal/ITA/SAT/Competições/SATRace2019-2/Benchmark/f10nidw-sc2012.cnf	824210	2459565	1220442	1185574	12038253	744646662	54846	52256	2590	       35.00	       -0.14	4598	2393279	UNSAT	      562.33
49	cadical_v21	10	320	C:/Users/cball/OneDrive/Documentos/Pessoal/ITA/SAT/Competições/SATRace2019-2/Benchmark/f6nidw-sc2012.cnf	190399	564772	72114	70338	510690	19927373	3394	3258	136	       21.35	       -0.14	262	97711	UNSAT	       21.33
50	cadical_v21	10	320	C:/Users/cball/OneDrive/Documentos/Pessoal/ITA/SAT/Competições/SATRace2019-2/Benchmark/frb-40-19-1-mgd_c18.cnf	760	37548	62854	61268	95029	5779889	1324	1149	175	       49.32	       -0.05	299	22764	SAT	        7.31
51	cadical_v21	10	320	C:/Users/cball/OneDrive/Documentos/Pessoal/ITA/SAT/Competições/SATRace2019-2/Benchmark/frb59-26-1.used-as.sat04-891-sc2011.cnf	