ID	version	restart base fast	restart base slow	file	vars	clauses	conflicts	learned	decisions	propagations	restarts	restarts unstable	restarts stable	learned avg. size	learnt stack avg	learnt stack stable counter	learnt stack unstable counter	answer	cpu time
1	cadical_v21	10	320	C:/Users/cball/OneDrive/Documentos/Pessoal/ITA/SAT/Competições/SATRace2019/Benchmark/001-80-12-sc2014.cnf	13408	309430	3555600	3467751	64918182	610204324	136204	130032	6172	       60.54	       -0.20	12753	10271941	SAT	      541.12
2	cadical_v21	10	320	C:/Users/cball/OneDrive/Documentos/Pessoal/ITA/SAT/Competições/SATRace2019/Benchmark/002-80-8-sc2014.cnf	13408	309437	3132375	3056561	53839713	424962123	132603	127702	4901	       51.21	       -0.19	10216	9197936	SAT	      379.60
3	cadical_v21	10	320	C:/Users/cball/OneDrive/Documentos/Pessoal/ITA/SAT/Competições/SATRace2019/Benchmark/002-sc2013.cnf	4128	72562	857670	835252	15096475	119718003	57079	55343	1736	       68.78	       -0.22	3280	1012693	SAT	      101.89
4	cadical_v21	10	320	C:/Users/cball/OneDrive/Documentos/Pessoal/ITA/SAT/Competições/SATRace2019/Benchmark/003-sc2013.cnf	4288	76700	11415043	11089637	161405264	1613416061	439504	415844	23660	      100.18	       -0.18	41295	22111153	SAT	     2903.06
5	cadical_v21	10	320	C:/Users/cball/OneDrive/Documentos/Pessoal/ITA/SAT/Competições/SATRace2019/Benchmark/004-22-160-sc2014.cnf	4128	72564	17841733	17395530	185285866	2324118980	559915	515459	44456	      106.87	       -0.15	76765	22966550	IND	     4997.55
6	cadical_v21	10	320	C:/Users/cball/OneDrive/Documentos/Pessoal/ITA/SAT/Competições/SATRace2019/Benchmark/004-80-8-sc2014.cnf	13408	309439	3537166	3458361	56582993	509032163	126009	119851	6158	       62.70	       -0.18	12683	9822915	SAT	      471.11
7	cadical_v21	10	320	C:/Users/cball/OneDrive/Documentos/Pessoal/ITA/SAT/Competições/SATRace2019/Benchmark/004-sc2013.cnf	4128	72571	17682474	17239576	198946639	2390341287	555487	510909	44578	      113.33	       -0.15	76884	24977050	IND	     4997.34
8	cadical_v21	10	320	C:/Users/cball/OneDrive/Documentos/Pessoal/ITA/SAT/Competições/SATRace2019/Benchmark/006-23-96-sc2014.cnf	4288	76698	18175100	17691928	219140802	2433190936	575770	534854	40916	       99.33	       -0.16	73353	29330541	IND	     4996.64
9	cadical_v21	10	320	C:/Users/cball/OneDrive/Documentos/Pessoal/ITA/SAT/Competições/SATRace2019/Benchmark/007-sc2013.cnf	4128	72567	9999126	9696152	143089208	1387688430	439382	421639	17743	       79.32	       -0.19	31197	19125874	SAT	     2633.37
10	cadical_v21	10	320	C:/Users/cball/OneDrive/Documentos/Pessoal/ITA/SAT/Competições/SATRace2019/Benchmark/008-80-8-sc2014.cnf	13408	309438	3440278	3359260	48523093	478882120	132175	126096	6079	       60.62	       -0.17	12307	8899281	SAT	      443.61
11	cadical_v21	10	320	C:/Users/cball/OneDrive/Documentos/Pessoal/ITA/SAT/Competições/SATRace2019/Benchmark/11pipe_11_ooo-sc2011.cnf	88289	4187682	4502245	4319790	39596570	7180473185	121500	110525	10975	      129.31	       -0.09	19014	10283983	UNSAT	     1924.94
12	cadical_v21	10	320	C:/Users/cball/OneDrive/Documentos/Pessoal/ITA/SAT/Competições/SATRace2019/Benchmark/20180322_164224543_p_cnf_320_1120-sc2018.cnf	320	1120	7021228	6857645	15156992	299427192	281359	269646	11713	       24.77	       -0.07	19765	3630880	SAT	     2358.42
13	cadical_v21	10	320	C:/Users/cball/OneDrive/Documentos/Pessoal/ITA/SAT/Competições/SATRace2019/Benchmark/20180326_095804936_p_cnf_320_1120-sc2018.cnf	320	1120	2415132	2356896	4943280	104950958	84702	80169	4533	       24.36	       -0.06	7631	1177840	SAT	      377.56
14	cadical_v21	10	320	C:/Users/cball/OneDrive/Documentos/Pessoal/ITA/SAT/Competições/SATRace2019/Benchmark/24.4-sc2017.cnf	4448	80690	18326516	17848187	189674333	2329452765	574411	533890	40521	       94.81	       -0.15	72972	24639027	IND	     4995.34
15	cadical_v21	10	320	C:/Users/cball/OneDrive/Documentos/Pessoal/ITA/SAT/Competições/SATRace2019/Benchmark/26_stack_cas_longest_true-unreach-call.i-cbmc-u2-sc2016.cnf	7807714	35974300	1322	1222	2744543	33737143	70	70	0	       15.74	       -0.27	2	13679	SAT	      135.72
16	cadical_v21	10	320	C:/Users/cball/OneDrive/Documentos/Pessoal/ITA/SAT/Competições/SATRace2019/Benchmark/289-unsat-21x14-sc2011.cnf	1176	78498	46517069	45291407	209744139	1363944821	1010281	919413	90868	       61.87	       -0.09	164170	24706965	IND	     4998.53
17	cadical_v21	10	320	C:/Users/cball/OneDrive/Documentos/Pessoal/ITA/SAT/Competições/SATRace2019/Benchmark/58bits_13.dimacs-sr2015.cnf	1097	23771	9095314	9015180	18764111	1179543032	482244	465400	16844	       33.65	       -0.07	27532	4401668	IND	     4998.31
18	cadical_v21	10	320	C:/Users/cball/OneDrive/Documentos/Pessoal/ITA/SAT/Competições/SATRace2019/Benchmark/6-4-6-sc2018.cnf	15320	245163	9109952	8948496	33038400	3423971518	495015	479602	15413	       57.48	       -0.11	26177	5135134	IND	     4999.05
19	cadical_v21	10	320	C:/Users/cball/OneDrive/Documentos/Pessoal/ITA/SAT/Competições/SATRace2019/Benchmark/62bits_14.dimacs-sr2015.cnf	1164	28980	10429669	10343739	19799603	1224068032	510670	487861	22809	       33.74	       -0.06	37427	4352640	IND	     4998.87
20	cadical_v21	10	320	C:/Users/cball/OneDrive/Documentos/Pessoal/ITA/SAT/Competições/SATRace2019/Benchmark/6s126-opt-sc2014.cnf	578891	1735495	3705481	3597647	28844997	1924319985	130230	120677	9553	       81.93	       -0.13	16480	5487714	UNSAT	      869.61
21	cadical_v21	10	320	C:/Users/cball/OneDrive/Documentos/Pessoal/ITA/SAT/Competições/SATRace2019/Benchmark/6s133-sc2014.cnf	48258	140967	2155279	2123867	10882035	385343357	143123	139991	3132	       22.31	       -0.12	5475	1959341	UNSAT	      260.41
22	cadical_v21	10	320	C:/Users/cball/OneDrive/Documentos/Pessoal/ITA/SAT/Competições/SATRace2019/Benchmark/6s139-sc2013.cnf	508510	1464738	1633648	1612664	423418592	4052286276	71832	70288	1544	       21.97	       -0.16	3611	237973328	UNSAT	     1119.19
23	cadical_v21	10	320	C:/Users/cball/OneDrive/Documentos/Pessoal/ITA/SAT/Competições/SATRace2019/Benchmark/6s166-sc2013.cnf	5448	15992	397055	390959	923033	44268749	16249	15520	729	       26.09	       -0.08	1232	212722	UNSAT	       26.66
24	cadical_v21	10	320	C:/Users/cball/OneDrive/Documentos/Pessoal/ITA/SAT/Competições/SATRace2019/Benchmark/6s169-opt-sc2014.cnf	6061	17574	336255	331876	856618	29082442	16271	15502	769	       20.01	       -0.09	1271	152566	UNSAT	       16.42
25	cadical_v21	10	320	C:/Users/cball/OneDrive/Documentos/Pessoal/ITA/SAT/Competições/SATRace2019/Benchmark/6s20-sc2013.cnf	58614	175092	2687660	2626723	7801910	1536037549	128983	123569	5414	       32.99	       -0.11	9322	1489392	UNSAT	      614.86
26	cadical_v21	10	320	C:/Users/cball/OneDrive/Documentos/Pessoal/ITA/SAT/Competições/SATRace2019/Benchmark/9_50-sc2017.cnf	1458	30499	2865678	2815410	6035707	157291722	112687	106459	6228	       40.43	       -0.08	10659	1184968	SAT	      377.42
27	cadical_v21	10	320	C:/Users/cball/OneDrive/Documentos/Pessoal/ITA/SAT/Competições/SATRace2019/Benchmark/9dlx_vliw_at_b_iq8-sc2007.cnf	371419	7170905	1124138	1090260	29219010	2490701892	37482	34876	2606	       84.92	       -0.10	4625	4275936	UNSAT	     1147.06
28	cadical_v21	10	320	C:/Users/cball/OneDrive/Documentos/Pessoal/ITA/SAT/Competições/SATRace2019/Benchmark/9pipe_k-sc2012.cnf	49112	2317836	300855	291601	2325178	339645677	7930	7287	643	      160.58	       -0.08	1147	621751	UNSAT	      182.81
29	cadical_v21	10	320	C:/Users/cball/OneDrive/Documentos/Pessoal/ITA/SAT/Competições/SATRace2019/Benchmark/ACG-20-10p1-sc2009.cnf	381708	1619095	514011	416169	4799464	4303797378	21197	20544	653	      258.34	       -0.13	1155	605321	SAT	     1028.37
30	cadical_v21	10	320	C:/Users/cball/OneDrive/Documentos/Pessoal/ITA/SAT/Competições/SATRace2019/Benchmark/AProVE07-26-sc2007.cnf	21734	78990	19972742	19679819	74033585	3689613526	782166	737400	44766	       55.57	       -0.10	77045	10148719	IND	     4999.25
31	cadical_v21	10	320	C:/Users/cball/OneDrive/Documentos/Pessoal/ITA/SAT/Competições/SATRace2019/Benchmark/ASG_72_keystream76_1.cnf	3426	15230	8324949	8324674	8351308	2567653753	340712	326897	13815	       19.12	       -0.00	22222	4590308	SAT	     1190.37
32	cadical_v21	10	320	C:/Users/cball/OneDrive/Documentos/Pessoal/ITA/SAT/Competições/SATRace2019/Benchmark/ASG_72_keystream76_2.cnf	3426	15230	2011950	2011875	2017834	707097353	83168	79792	3376	       19.58	       -0.00	5377	1115664	SAT	      279.53
33	cadical_v21	10	320	C:/Users/cball/OneDrive/Documentos/Pessoal/ITA/SAT/Competições/SATRace2019/Benchmark/ASG_96_len112_known_last12_2.cnf	6658	31911	2465558	2464971	2479763	1983599127	95221	89767	5454	       18.88	       -0.00	8676	1108076	SAT	      740.87
34	cadical_v21	10	320	C:/Users/cball/OneDrive/Documentos/Pessoal/ITA/SAT/Competições/SATRace2019/Benchmark/ASG_96_len112_known_last12_2_u.cnf	6658	31911	2465558	2464971	2479763	1983599127	95221	89767	5454	       18.88	       -0.00	8676	1108076	SAT	      739.37
35	cadical_v21	10	320	C:/Users/cball/OneDrive/Documentos/Pessoal/ITA/SAT/Competições/SATRace2019/Benchmark/ASG_96_len112_known_last13_2.cnf	6658	31909	1589992	1589442	1600667	1428122575	60805	57508	3297	       19.12	       -0.00	5298	741960	SAT	      491.83
36	cadical_v21	10	320	C:/Users/cball/OneDrive/Documentos/Pessoal/ITA/SAT/Competições/SATRace2019/Benchmark/ASG_96_len112_known_last13_2_u.cnf	6658	31909	1883974	1883391	1899085	1597077058	76260	72928	3332	       17.93	       -0.00	5330	996027	UNSAT	      612.66
37	cadical_v21	10	320	C:/Users/cball/OneDrive/Documentos/Pessoal/ITA/SAT/Competições/SATRace2019/Benchmark/Bibd-sc-10-03-08_c18.cnf	32852	170331	12611	12063	79259	4940335	756	735	21	       16.63	       -0.20	45	21628	SAT	        2.84
38	cadical_v21	10	320	C:/Users/cball/OneDrive/Documentos/Pessoal/ITA/SAT/Competições/SATRace2019/Benchmark/CarSequencing-90-01_c18.cnf	66201	915628	141478	136270	2798541	74564743	7862	7742	120	       13.09	       -0.25	293	793754	SAT	       51.12
39	cadical_v21	10	320	C:/Users/cball/OneDrive/Documentos/Pessoal/ITA/SAT/Competições/SATRace2019/Benchmark/CarSequencing-90-02_c18.cnf	48941	552747	130908	126505	2225098	59902503	6875	6786	89	       10.47	       -0.26	231	701352	SAT	       28.62
40	cadical_v21	10	320	C:/Users/cball/OneDrive/Documentos/Pessoal/ITA/SAT/Competições/SATRace2019/Benchmark/EDP3-70000-sc2014.cnf	708290	5425469	4753187	4539073	65248859	6800676539	141216	132368	8848	      258.66	       -0.18	16993	9714170	IND	     4999.55
41	cadical_v21	10	320	C:/Users/cball/OneDrive/Documentos/Pessoal/ITA/SAT/Competições/SATRace2019/Benchmark/Eternity-10-05_c18.cnf	3298	142629	59186	57175	215790	6774753	3036	2895	141	       51.98	       -0.13	255	36977	SAT	        5.05
42	cadical_v21	10	320	C:/Users/cball/OneDrive/Documentos/Pessoal/ITA/SAT/Competições/SATRace2019/Benchmark/Eternity-10-06_c18.cnf	4660	243504	767592	739909	2090999	120068171	26375	24705	1670	       97.86	       -0.09	2931	458453	SAT	      129.80
43	cadical_v21	10	320	C:/Users/cball/OneDrive/Documentos/Pessoal/ITA/SAT/Competições/SATRace2019/Benchmark/GracefulGraph-K04-P04_c18.cnf	2692	79064	2231907	2181997	6176642	281611972	94136	90616	3520	       64.82	       -0.10	6079	1642831	SAT	      382.22
44	cadical_v21	10	320	C:/Users/cball/OneDrive/Documentos/Pessoal/ITA/SAT/Competições/SATRace2019/Benchmark/GracefulGraph-K05-P02_c18.cnf	1385	27650	136850	133408	373521	16342524	7179	6964	215	       37.86	       -0.12	369	94953	SAT	       11.55
45	cadical_v21	10	320	C:/Users/cball/OneDrive/Documentos/Pessoal/ITA/SAT/Competições/SATRace2019/Benchmark/Grain_no_init_ver1_out200_known_last104_0.cnf	2425	23118	1572331	1569377	2067369	146932263	39771	36424	3347	       28.53	       -0.02	5349	796392	SAT	      112.53
46	cadical_v21	10	320	C:/Users/cball/OneDrive/Documentos/Pessoal/ITA/SAT/Competições/SATRace2019/Benchmark/Grain_no_init_ver1_out200_known_last104_0_u.cnf	2425	23064	23282538	23250142	24170415	1310377405	878367	826088	52279	       20.02	       -0.01	84351	10230107	UNSAT	     2922.61
47	cadical_v21	10	320	C:/Users/cball/OneDrive/Documentos/Pessoal/ITA/SAT/Competições/SATRace2019/Benchmark/Grain_no_init_ver1_out200_known_last105_0.cnf	2425	23032	13260345	13245859	14591777	848069391	349610	312024	37586	       23.66	       -0.01	60481	4643119	SAT	     1449.39
48	cadical_v21	10	320	C:/Users/cball/OneDrive/Documentos/Pessoal/ITA/SAT/Competições/SATRace2019/Benchmark/Grain_no_init_ver1_out200_known_last105_0_u.cnf	2425	23034	7677521	7660254	8779534	575242926	378883	365711	13172	       18.57	       -0.02	21187	3991041	UNSAT	      752.55
49	cadical_v21	10	320	C:/Users/cball/OneDrive/Documentos/Pessoal/ITA/SAT/Competições/SATRace2019/Benchmark/Haystacks-ext-12_c18.cnf	1728	19526	5225319	5200914	5749034	62283434	174427	159573	14854	       42.32	       -0.02	22780	2091137	UNSAT	      450.05
50	cadical_v21	10	320	C:/Users/cball/OneDrive/Documentos/Pessoal/ITA/SAT/Competições/SATRace2019/Benchmark/Haystacks-ext-13_c18.cnf	2197	26977	36163910	35968671	39540216	420067509	1450616	1375380	75236	       50.94	       -0.02	116894	18361950	IND	     4999.06
51	cadical_v21	10	320	C:/Users/cball/OneDrive/Documentos/Pessoal/ITA/SAT/Competições/SATRace2019/Benchmark/IBM_FV_20002_31_1_rule_1_SAT_dat.k95-sc2007.cnf	141985	634173	13684483	13405394	56261083	7044450710	507572	476233	31339	       60.51	       -0.11	55701	7222272	IND	     4999.14
52	cadical_v21	10	320	C:/Users/cball/OneDrive/Documentos/Pessoal/ITA/SAT/Competições/SATRace2019/Benchmark/IBM_FV_2004_rule_batch_2_31_2_SAT_dat.k45.debugged-sc2012.cnf	59794	243931	11093879	10912766	33287734	3069986301	502820	480370	22450	       58.25	       -0.10	39101	4904964	IND	     4998.92
53	cadical_v21	10	320	C:/Users/cball/OneDrive/Documentos/Pessoal/ITA/SAT/Competições/SATRace2019/Benchmark/LABS_n066_goal005-sc2013.cnf	152376	308482	243411	240600	583059	1140542005	5902	5151	751	       46.81	       -0.05	1217	88530	SAT	      279.06
54	cadical_v21	10	320	C:/Users/cball/OneDrive/Documentos/Pessoal/ITA/SAT/Competições/SATRace2019/Benchmark/LABS_n071_goal001-sc2013.cnf	189982	384580	1868142	1831542	3900579	8200923512	84213	81190	3023	       30.17	       -0.08	5034	1192111	UNSAT	     2314.89
55	cadical_v21	10	320	C:/Users/cball/OneDrive/Documentos/Pessoal/ITA/SAT/Competições/SATRace2019/Benchmark/LABS_n087_goal008-sc2013.cnf	335424	950345	904573	891246	4082605	8896907636	38283	35738	2545	       59.54	       -0.08	4204	346292	SAT	     2326.76
56	cadical_v21	10	320	C:/Users/cball/OneDrive/Documentos/Pessoal/ITA/SAT/Competições/SATRace2019/Benchmark/LABS_n089_goal008-sc2013.cnf	351053	1039313	1499841	1474476	8745110	14466680707	85239	82055	3184	       52.75	       -0.10	5188	830834	SAT	     3869.44
57	cadical_v21	10	320	C:/Users/cball/OneDrive/Documentos/Pessoal/ITA/SAT/Competições/SATRace2019/Benchmark/MASG0_72_keystream76_0.cnf	3426	20454	18909098	18909074	18915757	12633544963	488457	433280	55177	       13.98	       -0.00	87046	6724790	SAT	     3356.81
58	cadical_v21	10	320	C:/Users/cball/OneDrive/Documentos/Pessoal/ITA/SAT/Competições/SATRace2019/Benchmark/MASG_72_keystream76_0.cnf	3426	20302	3978432	3978391	3985627	3230031167	61067	47210	13857	       17.41	       -0.00	21461	1229440	SAT	      968.92
59	cadical_v21	10	320	C:/Users/cball/OneDrive/Documentos/Pessoal/ITA/SAT/Competições/SATRace2019/Benchmark/MD5-29-4-sc2014.cnf	8590	65144	16470134	16037756	186305760	2695960752	413313	375018	38295	       98.68	       -0.15	70817	22809143	IND	     4998.42
60	cadical_v21	10	320	C:/Users/cball/OneDrive/Documentos/Pessoal/ITA/SAT/Competições/SATRace2019/Benchmark/MD5-29-5-sc2014.cnf	8591	65154	16181877	15758642	183566711	2734988343	410521	371747	38774	      113.00	       -0.15	70647	22362513	IND	     4998.33
61	cadical_v21	10	320	C:/Users/cball/OneDrive/Documentos/Pessoal/ITA/SAT/Competições/SATRace2019/Benchmark/MM-22.cnf	24975	111780	27236829	26604765	362706895	6749717827	1643404	1604687	38717	       61.06	       -0.16	71243	26124326	IND	     4999.08
62	cadical_v21	10	320	C:/Users/cball/OneDrive/Documentos/Pessoal/ITA/SAT/Competições/SATRace2019/Benchmark/MM-23-2-2-2-2-3.cnf	26541	117126	25631198	25180049	247239672	5046637500	1208485	1168218	40267	       61.30	       -0.14	72749	24922459	IND	     4999.02
63	cadical_v21	10	320	C:/Users/cball/OneDrive/Documentos/Pessoal/ITA/SAT/Competições/SATRace2019/Benchmark/MM-23-2-2-2-2-A.cnf	26541	117126	27663459	27153089	285607928	5578030948	1376086	1336045	40041	       58.82	       -0.14	72532	29630233	IND	     4999.34
64	cadical_v21	10	320	C:/Users/cball/OneDrive/Documentos/Pessoal/ITA/SAT/Competições/SATRace2019/Benchmark/MM-23-2-2-2-2-B.cnf	26541	117126	26334184	25856115	260919534	5242274130	1252115	1211967	40148	       61.09	       -0.14	72637	27071291	IND	     4998.91
65	cadical_v21	10	320	C:/Users/cball/OneDrive/Documentos/Pessoal/ITA/SAT/Competições/SATRace2019/Benchmark/MM-23-2-2-2-2-C.cnf	26541	117126	24907188	24460059	237101221	4895099447	1122023	1081850	40173	       62.70	       -0.13	72658	24226704	IND	     4999.30
66	cadical_v21	10	320	C:/Users/cball/OneDrive/Documentos/Pessoal/ITA/SAT/Competições/SATRace2019/Benchmark/MM-23-2-2-2-2-D.cnf	26541	117126	23946601	23527343	215793837	4560520964	1012708	971783	40925	       65.18	       -0.13	73384	22695927	IND	     4999.34
67	cadical_v21	10	320	C:/Users/cball/OneDrive/Documentos/Pessoal/ITA/SAT/Competições/SATRace2019/Benchmark/MM-23-2-2-2-2-M.cnf	26541	117126	23963214	23543235	215855421	4619325315	1009720	969291	40429	       64.89	       -0.13	72906	22558903	IND	     4999.14
68	cadical_v21	10	320	C:/Users/cball/OneDrive/Documentos/Pessoal/ITA/SAT/Competições/SATRace2019/Benchmark/MM-23-2-2-2-3-4.cnf	26541	117126	23558974	23162482	214350835	4454112614	1064798	1024011	40787	       63.44	       -0.13	73253	20415251	IND	     4998.98
69	cadical_v21	10	320	C:/Users/cball/OneDrive/Documentos/Pessoal/ITA/SAT/Competições/SATRace2019/Benchmark/MM-23-2-2-2-4-A.cnf	26541	117126	25130024	24691619	230731098	4783366555	1109049	1068515	40534	       62.76	       -0.13	73008	24255301	IND	     4999.44
70	cadical_v21	10	320	C:/Users/cball/OneDrive/Documentos/Pessoal/ITA/SAT/Competições/SATRace2019/Benchmark/MM-23-2-2-2-4-B.cnf	26541	117126	24052694	23638124	216760085	4609718588	1036989	996454	40535	       64.24	       -0.13	73009	21921703	IND	     4999.25
71	cadical_v21	10	320	C:/Users/cball/OneDrive/Documentos/Pessoal/ITA/SAT/Competições/SATRace2019/Benchmark/MM-23-2-2-3-A.cnf	26541	117126	23769327	23343986	209424384	4624626132	970018	929579	40439	       67.62	       -0.13	72913	22120164	IND	     4999.09
72	cadical_v21	10	320	C:/Users/cball/OneDrive/Documentos/Pessoal/ITA/SAT/Competições/SATRace2019/Benchmark/MM-23-2-2-3-B.cnf	26541	117126	22402080	22008211	196553841	4217007113	930166	888832	41334	       68.59	       -0.13	73776	19573835	IND	     4998.89
73	cadical_v21	10	320	C:/Users/cball/OneDrive/Documentos/Pessoal/ITA/SAT/Competições/SATRace2019/Benchmark/MM-23-2-4-A.cnf	26541	117126	21348156	20978587	185006744	4125954494	882852	842085	40767	       70.79	       -0.12	73230	17234522	IND	     4999.11
74	cadical_v21	10	320	C:/Users/cball/OneDrive/Documentos/Pessoal/ITA/SAT/Competições/SATRace2019/Benchmark/MM-23-2-4-B.cnf	26541	117126	24837567	24387874	246423791	5050905507	1187683	1147645	40038	       62.78	       -0.14	72529	23928300	IND	     4999.05
75	cadical_v21	10	320	C:/Users/cball/OneDrive/Documentos/Pessoal/ITA/SAT/Competições/SATRace2019/Benchmark/MM-23-3-3-A.cnf	26541	117126	25992858	25517862	262404939	5241262793	1269133	1228971	40162	       61.57	       -0.14	72649	26091529	IND	     4998.34
76	cadical_v21	10	320	C:/Users/cball/OneDrive/Documentos/Pessoal/ITA/SAT/Competições/SATRace2019/Benchmark/MM-23-3-3-B.cnf	26541	117126	24530587	24091716	220290120	4740974885	1024659	984504	40155	       64.51	       -0.13	72642	23874821	IND	     4998.75
77	cadical_v21	10	320	C:/Users/cball/OneDrive/Documentos/Pessoal/ITA/SAT/Competições/SATRace2019/Benchmark/MM-23-3-3-M.cnf	26541	117126	22795255	22397890	198324073	4381635085	920752	880188	40564	       68.26	       -0.12	73034	20407497	IND	     4999.19
78	cadical_v21	10	320	C:/Users/cball/OneDrive/Documentos/Pessoal/ITA/SAT/Competições/SATRace2019/Benchmark/MM-23-3-3-N.cnf	26541	117126	25627573	25160973	249902637	5106339241	1190463	1150361	40102	       62.51	       -0.14	72591	25582326	IND	     4998.95
79	cadical_v21	10	320	C:/Users/cball/OneDrive/Documentos/Pessoal/ITA/SAT/Competições/SATRace2019/Benchmark/MM-23-4-4-4-4-1.cnf	26541	117126	21248800	20910037	163966770	3908674294	801076	759476	41600	       70.92	       -0.12	74032	16196421	IND	     4997.16
80	cadical_v21	10	320	C:/Users/cball/OneDrive/Documentos/Pessoal/ITA/SAT/Competições/SATRace2019/Benchmark/MM-23-5-A.cnf	26541	117126	22863738	22455381	210188866	4497755084	1001896	961181	40715	       67.92	       -0.13	73178	19839700	IND	     4998.84
81	cadical_v21	10	320	C:/Users/cball/OneDrive/Documentos/Pessoal/ITA/SAT/Competições/SATRace2019/Benchmark/MM-23-5-B.cnf	26541	117126	23266963	22848451	216378371	4607674500	1035433	994906	40527	       67.01	       -0.13	72997	20767080	IND	     4998.36
82	cadical_v21	10	320	C:/Users/cball/OneDrive/Documentos/Pessoal/ITA/SAT/Competições/SATRace2019/Benchmark/MM-23-no-type3.cnf	26541	117153	26360303	25749342	385949360	7274112091	1678007	1639761	38246	       61.88	       -0.16	70793	23395358	IND	     4998.80
83	cadical_v21	10	320	C:/Users/cball/OneDrive/Documentos/Pessoal/ITA/SAT/Competições/SATRace2019/Benchmark/MUS-v310-4-sc2013.cnf	310	1081	9434042	9266657	15035386	333511532	416188	399148	17040	       17.97	       -0.06	28756	4431522	UNSAT	     2358.02
84	cadical_v21	10	320	C:/Users/cball/OneDrive/Documentos/Pessoal/ITA/SAT/Competições/SATRace2019/Benchmark/Mario-t-hard-2_c18.cnf	35945	1218255	1042	1019	17325	175580	36	36	0	       14.02	       -0.17	1	6689	SAT	        2.72
85	cadical_v21	10	320	C:/Users/cball/OneDrive/Documentos/Pessoal/ITA/SAT/Competições/SATRace2019/Benchmark/Mario-t-hard-5_c18.cnf	35320	1182493	1082	1069	23463	226033	48	47	1	       19.18	       -0.15	2	10249	SAT	        2.64
86	cadical_v21	10	320	C:/Users/cball/OneDrive/Documentos/Pessoal/ITA/SAT/Competições/SATRace2019/Benchmark/Mickey_out250_known_last146_0.cnf	72078	517702	2080649	2043464	14328468	713268332	124781	121581	3200	       28.18	       -0.15	5311	2449290	SAT	      527.08
87	cadical_v21	10	320	C:/Users/cball/OneDrive/Documentos/Pessoal/ITA/SAT/Competições/SATRace2019/Benchmark/Mickey_out250_known_last146_0_u.cnf	72078	517705	2599871	2560182	14536206	1021041733	121914	116356	5558	       28.78	       -0.12	9199	2480024	UNSAT	      709.05
88	cadical_v21	10	320	C:/Users/cball/OneDrive/Documentos/Pessoal/ITA/SAT/Competições/SATRace2019/Benchmark/Mickey_out250_known_last147_0.cnf	72078	517728	128109	125249	940997	53885432	8279	8081	198	       37.52	       -0.19	327	203974	SAT	       30.48
89	cadical_v21	10	320	C:/Users/cball/OneDrive/Documentos/Pessoal/ITA/SAT/Competições/SATRace2019/Benchmark/Mickey_out250_known_last147_0_u.cnf	72078	517728	2940045	2898836	15226252	1236229795	129576	122234	7342	       26.89	       -0.11	11975	2499290	UNSAT	      832.77
90	cadical_v21	10	320	C:/Users/cball/OneDrive/Documentos/Pessoal/ITA/SAT/Competições/SATRace2019/Benchmark/Nb51T6-sc2018.cnf	2365527	10508040	1021956	1010184	1653999	3769167857	27164	24233	2931	       16.11	       -0.06	4943	305626	UNSAT	     3058.81
91	cadical_v21	10	320	C:/Users/cball/OneDrive/Documentos/Pessoal/ITA/SAT/Competições/SATRace2019/Benchmark/Nb7T44-sc2017.cnf	55333	219128	2544269	2491832	65442968	732875115	145743	141340	4403	       79.03	       -0.15	7911	3920246	SAT	      503.81
92	cadical_v21	10	320	C:/Users/cball/OneDrive/Documentos/Pessoal/ITA/SAT/Competições/SATRace2019/Benchmark/Pb-chnl15-16_c18.cnf	480	3632	31200801	30985071	36340276	535155400	1249604	1193863	55741	       66.74	       -0.03	87517	16962406	IND	     4999.36
93	cadical_v21	10	320	C:/Users/cball/OneDrive/Documentos/Pessoal/ITA/SAT/Competições/SATRace2019/Benchmark/Pb-chnl20-21_c18.cnf	840	8442	26669661	26471277	30135904	632443627	745475	689860	55615	      121.04	       -0.03	87394	14164915	IND	     4999.20
94	cadical_v21	10	320	C:/Users/cball/OneDrive/Documentos/Pessoal/ITA/SAT/Competições/SATRace2019/Benchmark/QG7a-gensys-icl001.sat05-3822.reshuffled-07-sc2007.cnf	2441	15733	708616	696757	1195496	48096658	24800	23227	1573	       27.63	       -0.06	2659	321024	UNSAT	       82.61
95	cadical_v21	10	320	C:/Users/cball/OneDrive/Documentos/Pessoal/ITA/SAT/Competições/SATRace2019/Benchmark/QG7a-gensys-ukn002.sat05-3842.reshuffled-07-sc2007.cnf	2935	18371	1926066	1902623	2916089	128925359	74018	71102	2916	       32.13	       -0.05	4929	1118568	UNSAT	      440.98
96	cadical_v21	10	320	C:/Users/cball/OneDrive/Documentos/Pessoal/ITA/SAT/Competições/SATRace2019/Benchmark/QuasiGroup-4-10_c18.cnf	3220	59525	9757045	9626150	16755199	2557358814	318354	298668	19686	       56.54	       -0.05	32315	4783220	IND	     4999.20
97	cadical_v21	10	320	C:/Users/cball/OneDrive/Documentos/Pessoal/ITA/SAT/Competições/SATRace2019/Benchmark/QuasiGroup-4-12_c18.cnf	5244	118126	4044622	3974890	10534968	1565897179	118043	106152	11891	       85.38	       -0.06	19781	1342674	SAT	     1579.08
98	cadical_v21	10	320	C:/Users/cball/OneDrive/Documentos/Pessoal/ITA/SAT/Competições/SATRace2019/Benchmark/SAT_dat.k100-sc2012.cnf	349350	1419267	1141011	1112032	3712732	649496911	53963	51516	2447	       31.80	       -0.14	4478	622013	UNSAT	      326.83
99	cadical_v21	10	320	C:/Users/cball/OneDrive/Documentos/Pessoal/ITA/SAT/Competições/SATRace2019/Benchmark/SAT_dat.k85-sc2013.cnf	1376707	5351985	1452744	1411338	6637063	4856286179	93633	91255	2378	       45.25	       -0.16	4411	1112939	UNSAT	     1557.84
100	cadical_v21	10	320	C:/Users/cball/OneDrive/Documentos/Pessoal/ITA/SAT/Competições/SATRace2019/Benchmark/SGI_30_60_24_40_2-dir.shuffled-as.sat03-118-sc2002.cnf	720	58758	4561888	4479100	6084593	252250364	137323	124306	13017	      104.14	       -0.03	20976	1723113	UNSAT	     1666.61
101	cadical_v21	10	320	C:/Users/cball/OneDrive/Documentos/Pessoal/ITA/SAT/Competições/SATRace2019/Benchmark/SGI_30_60_28_40_2-dir.shuffled-as.sat03-124-sc2002.cnf	840	71206	10259300	10057180	13615533	629847941	356643	333883	22760	      120.09	       -0.04	36777	5253677	IND	     4996.53
102	cadical_v21	10	320	C:/Users/cball/OneDrive/Documentos/Pessoal/ITA/SAT/Competições/SATRace2019/Benchmark/Schur_160_5_d38-sc2016.cnf	752	27325	2197607	2137716	4601005	117324439	100194	96687	3507	       40.58	       -0.09	5964	1229237	SAT	      205.84
103	cadical_v21	10	320	C:/Users/cball/OneDrive/Documentos/Pessoal/ITA/SAT/Competições/SATRace2019/Benchmark/Schur_161_5_d22-sc2016.cnf	773	29353	26267184	25674245	50663032	1393632192	995132	948130	47002	       41.10	       -0.07	79175	13379142	IND	     4998.42
104	cadical_v21	10	320	C:/Users/cball/OneDrive/Documentos/Pessoal/ITA/SAT/Competições/SATRace2019/Benchmark/SocialGolfers-6-6-6-cp_c18.cnf	9188	81017	9447284	9317522	23866200	1685476482	399521	382272	17249	       30.52	       -0.08	29009	5047581	IND	     4998.02
105	cadical_v21	10	320	C:/Users/cball/OneDrive/Documentos/Pessoal/ITA/SAT/Competições/SATRace2019/Benchmark/SocialGolfers-6-6-7-cp_c18.cnf	11244	99730	9465046	9329511	23856291	1570294278	390771	373479	17292	       30.00	       -0.08	29102	5181311	IND	     4997.42
106	cadical_v21	10	320	C:/Users/cball/OneDrive/Documentos/Pessoal/ITA/SAT/Competições/SATRace2019/Benchmark/Subisomorphism-g10-g23_c18.cnf	2309	88734	14140978	13876976	19263527	1072559777	353274	310460	42814	      137.80	       -0.03	68008	5477298	UNSAT	     4615.45
107	cadical_v21	10	320	C:/Users/cball/OneDrive/Documentos/Pessoal/ITA/SAT/Competições/SATRace2019/Benchmark/Subisomorphism-g10-g27_c18.cnf	3191	73950	3459438	3355595	6173761	495801819	73380	64163	9217	      130.78	       -0.05	15355	1735542	SAT	      669.28
108	cadical_v21	10	320	C:/Users/cball/OneDrive/Documentos/Pessoal/ITA/SAT/Competições/SATRace2019/Benchmark/T103.2.1-sc2017.cnf	2943830	10335595	553652	527814	8058256	3641621976	28498	27948	550	       28.73	       -0.18	1191	1154897	UNSAT	     1678.34
109	cadical_v21	10	320	C:/Users/cball/OneDrive/Documentos/Pessoal/ITA/SAT/Competições/SATRace2019/Benchmark/T169.1.0-sc2017.cnf	1579557	5889425	144033	140193	44199145	516604548	9298	9202	96	       11.23	       -0.22	278	16237975	SAT	      408.05
110	cadical_v21	10	320	C:/Users/cball/OneDrive/Documentos/Pessoal/ITA/SAT/Competições/SATRace2019/Benchmark/Tal-07_c18.cnf	76668	639201	140122	58782	1455781	190384576	1208	1013	195	     1366.97	       -0.08	310	234023	SAT	       76.23
111	cadical_v21	10	320	C:/Users/cball/OneDrive/Documentos/Pessoal/ITA/SAT/Competições/SATRace2019/Benchmark/Tal-08_c18.cnf	97675	809532	192529	81708	2089019	290228023	1341	1035	306	     1573.05	       -0.07	518	305591	SAT	      119.25
112	cadical_v21	10	320	C:/Users/cball/OneDrive/Documentos/Pessoal/ITA/SAT/Competições/SATRace2019/Benchmark/TimetableCNFEncoding_5_UNKNOWN-sc2018.cnf	302576	1702428	18720317	18202596	1010342086	11667640500	386894	348632	38262	       99.69	       -0.09	70667	122155834	IND	     4996.77
113	cadical_v21	10	320	C:/Users/cball/OneDrive/Documentos/Pessoal/ITA/SAT/Competições/SATRace2019/Benchmark/Trivium_no_init_out350_known_last142_1.cnf	2187	21358	13814855	13772402	16843535	877599082	482525	442567	39958	       23.48	       -0.02	64485	4291748	SAT	     3207.33
114	cadical_v21	10	320	C:/Users/cball/OneDrive/Documentos/Pessoal/ITA/SAT/Competições/SATRace2019/Benchmark/Trivium_no_init_out350_known_last142_1_u.cnf	2187	21364	15771947	15727494	18529092	993786904	489742	440060	49682	       23.27	       -0.02	79946	4299970	UNSAT	     4243.98
115	cadical_v21	10	320	C:/Users/cball/OneDrive/Documentos/Pessoal/ITA/SAT/Competições/SATRace2019/Benchmark/Trivium_no_init_out350_known_last143_1.cnf	2187	21286	8228175	8199665	10884384	509615255	458022	444565	13457	       22.84	       -0.04	21578	4286089	SAT	     1688.10
116	cadical_v21	10	320	C:/Users/cball/OneDrive/Documentos/Pessoal/ITA/SAT/Competições/SATRace2019/Benchmark/Trivium_no_init_out350_known_last143_1_u.cnf	2187	21286	9208443	9178048	11633080	569753643	471209	453003	18206	       22.19	       -0.03	29201	4262512	UNSAT	     1722.00
117	cadical_v21	10	320	C:/Users/cball/OneDrive/Documentos/Pessoal/ITA/SAT/Competições/SATRace2019/Benchmark/UCG-20-10p1-sc2009.cnf	259258	1374203	527576	423068	4168559	2011832703	17252	16518	734	      209.32	       -0.10	1273	658107	SAT	      534.48
118	cadical_v21	10	320	C:/Users/cball/OneDrive/Documentos/Pessoal/ITA/SAT/Competições/SATRace2019/Benchmark/UR-20-5p1-sc2009.cnf	224962	1192377	519787	433885	4968473	1339230741	25020	24341	679	      182.99	       -0.14	1202	572260	SAT	      395.41
119	cadical_v21	10	320	C:/Users/cball/OneDrive/Documentos/Pessoal/ITA/SAT/Competições/SATRace2019/Benchmark/UTI-20-10p0-sc2009.cnf	259616	1360766	1004818	903510	6297686	1806262302	25930	23235	2695	      205.47	       -0.09	4633	587933	UNSAT	      617.02
120	cadical_v21	10	320	C:/Users/cball/OneDrive/Documentos/Pessoal/ITA/SAT/Competições/SATRace2019/Benchmark/UTI-20-10p1-sc2009.cnf	260342	1377484	1958041	1758864	13257654	3211620257	76423	73703	2720	      218.40	       -0.11	4711	1876539	SAT	     1242.97
121	cadical_v21	10	320	C:/Users/cball/OneDrive/Documentos/Pessoal/ITA/SAT/Competições/SATRace2019/Benchmark/UTI-20-5p0-sc2009.cnf	225296	1180795	1459135	1343128	8037341	1685749213	52894	50233	2661	      138.21	       -0.10	4663	1048879	UNSAT	      623.89
122	cadical_v21	10	320	C:/Users/cball/OneDrive/Documentos/Pessoal/ITA/SAT/Competições/SATRace2019/Benchmark/aaai10-planning-ipc5-TPP-21-step11-sc2011.cnf	99736	783852	473411	446942	1376525	1696579815	14238	13568	670	       92.95	       -0.07	1172	380403	UNSAT	      298.78
123	cadical_v21	10	320	C:/Users/cball/OneDrive/Documentos/Pessoal/ITA/SAT/Competições/SATRace2019/Benchmark/aaai10-planning-ipc5-pathways-17-step21-sc2011.cnf	53919	307816	240286	232038	1097281	304153918	7691	7074	617	      158.50	       -0.08	1077	87572	SAT	       76.08
124	cadical_v21	10	320	C:/Users/cball/OneDrive/Documentos/Pessoal/ITA/SAT/Competições/SATRace2019/Benchmark/ablmulub16x4o-sc2016.cnf	2958	8708	1055128	1053030	1104256	208198868	25943	22653	3290	       39.87	       -0.01	5291	310574	UNSAT	      128.80
125	cadical_v21	10	320	C:/Users/cball/OneDrive/Documentos/Pessoal/ITA/SAT/Competições/SATRace2019/Benchmark/ablmulub2x32o-sc2016.cnf	5241	15431	3797480	3719263	7486953	278397907	123001	112642	10359	       25.29	       -0.07	17540	1330825	UNSAT	      288.22
126	cadical_v21	10	320	C:/Users/cball/OneDrive/Documentos/Pessoal/ITA/SAT/Competições/SATRace2019/Benchmark/ae_rphp095_04-sc2018.cnf	14665	34976	59167258	52453828	387133268	3225471516	630042	431002	199040	       44.06	       -0.04	305409	41277069	IND	     4999.16
127	cadical_v21	10	320	C:/Users/cball/OneDrive/Documentos/Pessoal/ITA/SAT/Competições/SATRace2019/Benchmark/aes_24_4_keyfind_2-sc2013.cnf	520	5763	9143390	9123071	12013100	361385738	473926	456745	17181	       26.31	       -0.03	28007	4243860	SAT	     3147.09
128	cadical_v21	10	320	C:/Users/cball/OneDrive/Documentos/Pessoal/ITA/SAT/Competições/SATRace2019/Benchmark/aes_24_4_keyfind_5-sc2014.cnf	520	5761	7526874	7509577	10089479	239061370	408711	396065	12646	       25.73	       -0.03	20676	3748497	SAT	     2361.06
129	cadical_v21	10	320	C:/Users/cball/OneDrive/Documentos/Pessoal/ITA/SAT/Competições/SATRace2019/Benchmark/aes_32_3_keyfind_1-sc2011.cnf	708	2539	8812888	8781162	12824583	413003021	478036	462622	15414	       22.83	       -0.05	25277	4257221	SAT	     1691.70
130	cadical_v21	10	320	C:/Users/cball/OneDrive/Documentos/Pessoal/ITA/SAT/Competições/SATRace2019/Benchmark/aes_equiv_encry_3_rounds.debugged-sc2012.cnf	501284	2745938	1811912	1803193	14737151	125725950	94568	91346	3222	       13.35	       -0.08	5226	2037067	UNSAT	      289.64
131	cadical_v21	10	320	C:/Users/cball/OneDrive/Documentos/Pessoal/ITA/SAT/Competições/SATRace2019/Benchmark/ak128astepbg2msaig-sc2016.cnf	422649	1265651	3812540	3683690	19180485	14413439499	111090	100619	10471	      115.17	       -0.12	17669	3815112	IND	     4999.12
132	cadical_v21	10	320	C:/Users/cball/OneDrive/Documentos/Pessoal/ITA/SAT/Competições/SATRace2019/Benchmark/ak128modasbg2asisc-sc2016.cnf	293123	943087	5951639	5768478	35546065	13879495294	238982	227261	11721	       85.60	       -0.15	19753	8690287	IND	     4999.19
133	cadical_v21	10	320	C:/Users/cball/OneDrive/Documentos/Pessoal/ITA/SAT/Competições/SATRace2019/Benchmark/apn-sbox6-cut4-helpbox31-sc2018.cnf	137472	810768	4628428	4598763	6679829	243249740	98452	87403	11049	       22.23	       -0.05	19129	1976977	SAT	      637.39
134	cadical_v21	10	320	C:/Users/cball/OneDrive/Documentos/Pessoal/ITA/SAT/Competições/SATRace2019/Benchmark/atco_enc1_opt1_04_32-sc2014.cnf	57220	568572	159583	154567	1397869	179052873	16598	16335	263	       24.25	       -0.23	487	111811	SAT	       73.73
135	cadical_v21	10	320	C:/Users/cball/OneDrive/Documentos/Pessoal/ITA/SAT/Competições/SATRace2019/Benchmark/atco_enc1_opt2_10_16-sc2014.cnf	9643	145203	3533793	3478489	6028029	697421443	129056	120052	9004	       24.57	       -0.07	15408	1116680	SAT	      486.08
136	cadical_v21	10	320	C:/Users/cball/OneDrive/Documentos/Pessoal/ITA/SAT/Competições/SATRace2019/Benchmark/atco_enc1_opt2_20_12-sc2014.cnf	171148	6591010	3318117	3284086	5436403	1898886783	118827	110711	8116	       26.20	       -0.06	13887	1092729	UNSAT	     1885.72
137	cadical_v21	10	320	C:/Users/cball/OneDrive/Documentos/Pessoal/ITA/SAT/Competições/SATRace2019/Benchmark/atco_enc2_opt2_05_9-sc2014.cnf	14912	381544	987342	963927	3222535	354986798	40511	37999	2512	       42.27	       -0.11	4427	388435	SAT	      225.70
138	cadical_v21	10	320	C:/Users/cball/OneDrive/Documentos/Pessoal/ITA/SAT/Competições/SATRace2019/Benchmark/atco_enc2_opt2_10_21-sc2014.cnf	9824	153979	1015350	1000313	1839855	177700184	30411	27634	2777	       24.50	       -0.06	4771	307083	SAT	      104.55
139	cadical_v21	10	320	C:/Users/cball/OneDrive/Documentos/Pessoal/ITA/SAT/Competições/SATRace2019/Benchmark/atco_enc3_opt2_10_12-sc2014.cnf	1236271	4906536	214634	209433	495146	3529399222	6934	6388	546	       22.28	       -0.08	930	83057	UNSAT	     1045.50
140	cadical_v21	10	320	C:/Users/cball/OneDrive/Documentos/Pessoal/ITA/SAT/Competições/SATRace2019/Benchmark/b04_s_2_unknown_pre-sc2013.cnf	123133	796517	844160	812194	3014665	1723660496	26939	25150	1789	       77.10	       -0.12	3286	505536	SAT	      636.98
141	cadical_v21	10	320	C:/Users/cball/OneDrive/Documentos/Pessoal/ITA/SAT/Competições/SATRace2019/Benchmark/b04_s_unknown-sc2013.cnf	290693	1262210	238519	227977	1653655	555434979	8809	8483	326	       41.89	       -0.18	793	246710	SAT	      237.92
142	cadical_v21	10	320	C:/Users/cball/OneDrive/Documentos/Pessoal/ITA/SAT/Competições/SATRace2019/Benchmark/b1904P1-8x8c6h5SAT.cnf	63268	396114	16031310	15696957	55745555	4174304063	571720	529028	42692	       61.93	       -0.10	73899	6524524	IND	     4999.31
143	cadical_v21	10	320	C:/Users/cball/OneDrive/Documentos/Pessoal/ITA/SAT/Competições/SATRace2019/Benchmark/b1904P1-8x8c6h7SAT.cnf	63268	374457	12013931	11749614	39784264	3635696658	534066	507401	26665	       64.44	       -0.11	46007	6019160	SAT	     3903.11
144	cadical_v21	10	320	C:/Users/cball/OneDrive/Documentos/Pessoal/ITA/SAT/Competições/SATRace2019/Benchmark/b1904P2-8x8c9h5SAT.cnf	68940	327952	14923832	14604947	36344578	4740350857	464170	425094	39076	       61.34	       -0.09	66975	6079933	IND	     4998.34
145	cadical_v21	10	320	C:/Users/cball/OneDrive/Documentos/Pessoal/ITA/SAT/Competições/SATRace2019/Benchmark/b1904P2-8x8c9h7UNSAT.cnf	68940	310541	11693086	11437108	28374344	4178032582	446018	420190	25828	       56.26	       -0.09	44206	5457989	IND	     4996.62
146	cadical_v21	10	320	C:/Users/cball/OneDrive/Documentos/Pessoal/ITA/SAT/Competições/SATRace2019/Benchmark/b1904P3-8x8c11h0SAT.cnf	69644	368587	13460726	13158390	33167624	4302799192	423852	391050	32802	       87.11	       -0.09	56398	6239123	IND	     4996.62
147	cadical_v21	10	320	C:/Users/cball/OneDrive/Documentos/Pessoal/ITA/SAT/Competições/SATRace2019/Benchmark/b1904P3-8x8c11h7SAT.cnf	69644	305432	8999626	8793307	21465176	3007844124	408127	393537	14590	       53.31	       -0.10	25023	5376510	SAT	     3641.06
148	cadical_v21	10	320	C:/Users/cball/OneDrive/Documentos/Pessoal/ITA/SAT/Competições/SATRace2019/Benchmark/b1904P3-8x8c11h7UNSAT.cnf	69644	306029	1255771	1225499	2911546	637970285	51299	48563	2736	       53.96	       -0.09	4750	552600	UNSAT	      355.42
149	cadical_v21	10	320	C:/Users/cball/OneDrive/Documentos/Pessoal/ITA/SAT/Competições/SATRace2019/Benchmark/b_unsat-sc2013.cnf	113407	1010625	1244061	1227232	1974978	2312951717	47065	44103	2962	       55.12	       -0.07	4972	462761	UNSAT	     1126.09
150	cadical_v21	10	320	C:/Users/cball/OneDrive/Documentos/Pessoal/ITA/SAT/Competições/SATRace2019/Benchmark/blockpuzzle_5x10_s3_free4-sc2017.cnf	2750	286160	8493506	8279405	18920118	377040080	392970	379262	13708	      100.41	       -0.05	22562	6886976	UNSAT	     1415.98
151	cadical_v21	10	320	C:/Users/cball/OneDrive/Documentos/Pessoal/ITA/SAT/Competições/SATRace2019/Benchmark/blocks-blocks-36-0.120-NOTKNOWN-sc2011.cnf	489685	8702447	1970877	1556570	19862143	11506342914	40981	38344	2637	     1023.83	       -0.08	4557	3857496	IND	     4996.25
152	cadical_v21	10	320	C:/Users/cball/OneDrive/Documentos/Pessoal/ITA/SAT/Competições/SATRace2019/Benchmark/blocks-blocks-37-1.130-NOTKNOWN-sc2011.cnf	559571	10144966	1261429	939934	12514594	8958856119	12942	10257	2685	     1379.69	       -0.06	4561	2079606	UNSAT	     3785.55
153	cadical_v21	10	320	C:/Users/cball/OneDrive/Documentos/Pessoal/ITA/SAT/Competições/SATRace2019/Benchmark/bob12s06-sc2013.cnf	482548	1368963	5142914	5090334	232007138	3781097756	248824	236734	12090	       27.94	       -0.08	20138	127834913	UNSAT	     1526.81
154	cadical_v21	10	320	C:/Users/cball/OneDrive/Documentos/Pessoal/ITA/SAT/Competições/SATRace2019/Benchmark/c6288mul.miter.shuffled-as.sat03-346-sc2002.cnf	9540	61421	4761429	4684924	15484708	881569155	203981	192242	11739	       38.35	       -0.10	19794	2065473	UNSAT	      926.39
155	cadical_v21	10	320	C:/Users/cball/OneDrive/Documentos/Pessoal/ITA/SAT/Competições/SATRace2019/Benchmark/cms-scheel-md5-families-r24-c8-p0-3-5-6-14-16-18-19-sc2018.cnf	39547	130954	8416549	8234440	155796899	1217333389	428024	418445	9579	       23.69	       -0.21	18418	25439926	SAT	     1786.66
156	cadical_v21	10	320	C:/Users/cball/OneDrive/Documentos/Pessoal/ITA/SAT/Competições/SATRace2019/Benchmark/connm-ue-csp-sat-n800-d0.02-s111845174.used-as.sat04-958-sc2011.cnf	772	9601	13359742	13322091	15268316	1456200184	366778	329290	37488	       25.04	       -0.02	60668	4585611	UNSAT	     4487.42
157	cadical_v21	10	320	C:/Users/cball/OneDrive/Documentos/Pessoal/ITA/SAT/Competições/SATRace2019/Benchmark/countbitsrotate032-sc2009.cnf	8527	25482	12987415	12987396	12994135	11987842859	171153	119871	51282	       22.94	       -0.00	72747	5115847	IND	     4999.11
158	cadical_v21	10	320	C:/Users/cball/OneDrive/Documentos/Pessoal/ITA/SAT/Competições/SATRace2019/Benchmark/countbitssrl032-sc2009.cnf	18607	55720	343665	338092	781494	137128881	16786	16065	721	       34.21	       -0.09	1224	149337	UNSAT	       65.72
159	cadical_v21	10	320	C:/Users/cball/OneDrive/Documentos/Pessoal/ITA/SAT/Competições/SATRace2019/Benchmark/countbitswegner128-sc2011.cnf	