ID	version	restart base fast	restart base slow	file	vars	clauses	conflicts	learned	decisions	propagations	restarts	restarts unstable	restarts stable	learned avg. size	learnt stack avg	learnt stack stable counter	learnt stack unstable counter	answer	cpu time
1	cadical_v21	5	640	C:/Users/cball/OneDrive/Documentos/Pessoal/ITA/SAT/Competições/SATRace2019/Benchmark/001-80-12-sc2014.cnf	13408	309430	3602411	3521191	54428282	725219633	125320	120643	4677	       76.77	       -0.16	8115	8200305	SAT	      713.16
2	cadical_v21	5	640	C:/Users/cball/OneDrive/Documentos/Pessoal/ITA/SAT/Competições/SATRace2019/Benchmark/002-80-8-sc2014.cnf	13408	309437	2940848	2867178	62556405	461210811	138461	135178	3283	       58.28	       -0.21	5706	9920285	SAT	      396.78
3	cadical_v21	5	640	C:/Users/cball/OneDrive/Documentos/Pessoal/ITA/SAT/Competições/SATRace2019/Benchmark/002-sc2013.cnf	4128	72562	15345942	14986453	144055267	1945185989	443625	416795	26830	      106.08	       -0.13	41949	18153423	SAT	     3678.06
4	cadical_v21	5	640	C:/Users/cball/OneDrive/Documentos/Pessoal/ITA/SAT/Competições/SATRace2019/Benchmark/003-sc2013.cnf	4288	76700	18543728	18070496	219262268	2518142736	589980	560210	29770	      106.79	       -0.15	46473	30760262	IND	     4999.45
5	cadical_v21	5	640	C:/Users/cball/OneDrive/Documentos/Pessoal/ITA/SAT/Competições/SATRace2019/Benchmark/004-22-160-sc2014.cnf	4128	72564	18322210	17867505	185739620	2366834487	576680	547072	29608	      103.53	       -0.14	46313	24512419	IND	     4999.58
6	cadical_v21	5	640	C:/Users/cball/OneDrive/Documentos/Pessoal/ITA/SAT/Competições/SATRace2019/Benchmark/004-80-8-sc2014.cnf	13408	309439	3282098	3198593	63744129	761743339	137030	132577	4453	       87.39	       -0.20	7394	10209412	SAT	      685.20
7	cadical_v21	5	640	C:/Users/cball/OneDrive/Documentos/Pessoal/ITA/SAT/Competições/SATRace2019/Benchmark/004-sc2013.cnf	4128	72571	3914634	3822641	47899162	528232955	149478	142756	6722	      102.24	       -0.15	10626	5106122	SAT	      643.83
8	cadical_v21	5	640	C:/Users/cball/OneDrive/Documentos/Pessoal/ITA/SAT/Competições/SATRace2019/Benchmark/006-23-96-sc2014.cnf	4288	76698	18744577	18251243	222298654	2496561560	601608	573717	27891	       98.25	       -0.16	44614	31558141	IND	     4998.30
9	cadical_v21	5	640	C:/Users/cball/OneDrive/Documentos/Pessoal/ITA/SAT/Competições/SATRace2019/Benchmark/007-sc2013.cnf	4128	72567	11774481	11457044	142640125	1579363045	437019	419972	17047	       93.99	       -0.17	26706	19286562	SAT	     3260.45
10	cadical_v21	5	640	C:/Users/cball/OneDrive/Documentos/Pessoal/ITA/SAT/Competições/SATRace2019/Benchmark/008-80-8-sc2014.cnf	13408	309438	2922983	2847579	51865341	523509968	120149	116773	3376	       71.82	       -0.20	5769	9832123	SAT	      507.97
11	cadical_v21	5	640	C:/Users/cball/OneDrive/Documentos/Pessoal/ITA/SAT/Competições/SATRace2019/Benchmark/11pipe_11_ooo-sc2011.cnf	88289	4187682	4625994	4448310	40828912	7377754163	126654	119685	6969	      152.63	       -0.09	11143	11048634	UNSAT	     2239.91
12	cadical_v21	5	640	C:/Users/cball/OneDrive/Documentos/Pessoal/ITA/SAT/Competições/SATRace2019/Benchmark/20180322_164224543_p_cnf_320_1120-sc2018.cnf	320	1120	7021234	6857632	15174419	298817060	277287	270598	6689	       24.92	       -0.07	10875	3629543	SAT	     2464.26
13	cadical_v21	5	640	C:/Users/cball/OneDrive/Documentos/Pessoal/ITA/SAT/Competições/SATRace2019/Benchmark/20180326_095804936_p_cnf_320_1120-sc2018.cnf	320	1120	496065	482756	1054905	22859033	17435	17010	425	       23.87	       -0.07	687	290117	SAT	       39.02
14	cadical_v21	5	640	C:/Users/cball/OneDrive/Documentos/Pessoal/ITA/SAT/Competições/SATRace2019/Benchmark/24.4-sc2017.cnf	4448	80690	18528301	18058658	185128302	2336025052	575026	547599	27427	       95.60	       -0.15	44155	25300255	IND	     4999.12
15	cadical_v21	5	640	C:/Users/cball/OneDrive/Documentos/Pessoal/ITA/SAT/Competições/SATRace2019/Benchmark/26_stack_cas_longest_true-unreach-call.i-cbmc-u2-sc2016.cnf	7807714	35974300	1322	1222	2744543	33737143	70	70	0	       15.74	       -0.27	1	13679	SAT	      145.11
16	cadical_v21	5	640	C:/Users/cball/OneDrive/Documentos/Pessoal/ITA/SAT/Competições/SATRace2019/Benchmark/289-unsat-21x14-sc2011.cnf	1176	78498	44799756	43624250	200717211	1305871079	967923	916230	51693	       63.90	       -0.08	86905	24806613	IND	     4998.33
17	cadical_v21	5	640	C:/Users/cball/OneDrive/Documentos/Pessoal/ITA/SAT/Competições/SATRace2019/Benchmark/58bits_13.dimacs-sr2015.cnf	1097	23771	8131053	8067255	15416823	1047666766	513508	506168	7340	       31.20	       -0.07	11521	4191708	IND	     4998.56
18	cadical_v21	5	640	C:/Users/cball/OneDrive/Documentos/Pessoal/ITA/SAT/Competições/SATRace2019/Benchmark/6-4-6-sc2018.cnf	15320	245163	8476933	8323147	32073818	3257523297	483961	476369	7592	       57.36	       -0.11	12211	5156029	IND	     4996.42
19	cadical_v21	5	640	C:/Users/cball/OneDrive/Documentos/Pessoal/ITA/SAT/Competições/SATRace2019/Benchmark/62bits_14.dimacs-sr2015.cnf	1164	28980	10134119	10057522	17390621	1300014563	507725	495280	12445	       34.27	       -0.06	19602	4311883	IND	     4998.77
20	cadical_v21	5	640	C:/Users/cball/OneDrive/Documentos/Pessoal/ITA/SAT/Competições/SATRace2019/Benchmark/6s126-opt-sc2014.cnf	578891	1735495	4141716	4022070	29653912	2261728638	127939	121578	6361	       96.13	       -0.12	10551	5677398	UNSAT	     1078.19
21	cadical_v21	5	640	C:/Users/cball/OneDrive/Documentos/Pessoal/ITA/SAT/Competições/SATRace2019/Benchmark/6s133-sc2014.cnf	48258	140967	1985230	1956241	10675403	332623624	137538	135938	1600	       22.11	       -0.13	2649	1853147	UNSAT	      233.73
22	cadical_v21	5	640	C:/Users/cball/OneDrive/Documentos/Pessoal/ITA/SAT/Competições/SATRace2019/Benchmark/6s139-sc2013.cnf	508510	1464738	1748630	1725247	497212861	4484133873	72479	71412	1067	       27.11	       -0.16	2121	301769659	UNSAT	     1273.25
23	cadical_v21	5	640	C:/Users/cball/OneDrive/Documentos/Pessoal/ITA/SAT/Competições/SATRace2019/Benchmark/6s166-sc2013.cnf	5448	15992	448443	442240	954365	44932287	16304	15862	442	       24.79	       -0.07	706	264809	UNSAT	       28.62
24	cadical_v21	5	640	C:/Users/cball/OneDrive/Documentos/Pessoal/ITA/SAT/Competições/SATRace2019/Benchmark/6s169-opt-sc2014.cnf	6061	17574	305094	301298	711646	25056299	11442	10987	455	       19.80	       -0.08	717	138894	UNSAT	       14.19
25	cadical_v21	5	640	C:/Users/cball/OneDrive/Documentos/Pessoal/ITA/SAT/Competições/SATRace2019/Benchmark/6s20-sc2013.cnf	58614	175092	2762897	2703018	7478577	1610283061	122019	118672	3347	       32.36	       -0.10	5492	1482852	UNSAT	      639.91
26	cadical_v21	5	640	C:/Users/cball/OneDrive/Documentos/Pessoal/ITA/SAT/Competições/SATRace2019/Benchmark/9_50-sc2017.cnf	1458	30499	3207103	3152424	6517929	180021222	110074	105685	4389	       42.70	       -0.07	7214	1190135	SAT	      441.44
27	cadical_v21	5	640	C:/Users/cball/OneDrive/Documentos/Pessoal/ITA/SAT/Competições/SATRace2019/Benchmark/9dlx_vliw_at_b_iq8-sc2007.cnf	371419	7170905	1125318	1094865	26920536	2549783240	39245	37540	1705	       82.30	       -0.09	2750	4355698	UNSAT	      971.28
28	cadical_v21	5	640	C:/Users/cball/OneDrive/Documentos/Pessoal/ITA/SAT/Competições/SATRace2019/Benchmark/9pipe_k-sc2012.cnf	49112	2317836	282825	273964	2100935	302397775	6634	6251	383	      198.35	       -0.08	647	543311	UNSAT	      144.27
29	cadical_v21	5	640	C:/Users/cball/OneDrive/Documentos/Pessoal/ITA/SAT/Competições/SATRace2019/Benchmark/ACG-20-10p1-sc2009.cnf	381708	1619095	515409	415324	4874731	4221682695	20861	20412	449	      259.24	       -0.13	714	626674	SAT	     1006.08
30	cadical_v21	5	640	C:/Users/cball/OneDrive/Documentos/Pessoal/ITA/SAT/Competições/SATRace2019/Benchmark/AProVE07-26-sc2007.cnf	21734	78990	20265634	19982253	73524776	3657300760	790555	762172	28383	       55.97	       -0.09	45097	10365608	IND	     4999.78
31	cadical_v21	5	640	C:/Users/cball/OneDrive/Documentos/Pessoal/ITA/SAT/Competições/SATRace2019/Benchmark/ASG_72_keystream76_1.cnf	3426	15230	12742163	12741878	12773548	3825215477	356033	337493	18540	       18.68	       -0.00	29710	4557312	SAT	     1850.70
32	cadical_v21	5	640	C:/Users/cball/OneDrive/Documentos/Pessoal/ITA/SAT/Competições/SATRace2019/Benchmark/ASG_72_keystream76_2.cnf	3426	15230	6321329	6321195	6328558	2929094409	173588	166465	7123	       17.57	       -0.00	11314	3140861	SAT	     1073.20
33	cadical_v21	5	640	C:/Users/cball/OneDrive/Documentos/Pessoal/ITA/SAT/Competições/SATRace2019/Benchmark/ASG_96_len112_known_last12_2.cnf	6658	31911	2327970	2327560	2339843	1739681422	83600	80976	2624	       19.33	       -0.00	4104	1135414	SAT	      683.91
34	cadical_v21	5	640	C:/Users/cball/OneDrive/Documentos/Pessoal/ITA/SAT/Competições/SATRace2019/Benchmark/ASG_96_len112_known_last12_2_u.cnf	6658	31911	2327970	2327560	2339843	1739681422	83600	80976	2624	       19.33	       -0.00	4104	1135414	SAT	      683.81
35	cadical_v21	5	640	C:/Users/cball/OneDrive/Documentos/Pessoal/ITA/SAT/Competições/SATRace2019/Benchmark/ASG_96_len112_known_last13_2.cnf	6658	31909	3547841	3547299	3561229	2914168086	102031	96057	5974	       19.15	       -0.00	9321	1087486	SAT	     1088.78
36	cadical_v21	5	640	C:/Users/cball/OneDrive/Documentos/Pessoal/ITA/SAT/Competições/SATRace2019/Benchmark/ASG_96_len112_known_last13_2_u.cnf	6658	31909	1783708	1783140	1794729	1620321653	70499	68768	1731	       18.40	       -0.00	2781	915892	UNSAT	      596.97
37	cadical_v21	5	640	C:/Users/cball/OneDrive/Documentos/Pessoal/ITA/SAT/Competições/SATRace2019/Benchmark/Bibd-sc-10-03-08_c18.cnf	32852	170331	36709	35425	210426	13569154	3307	3276	31	       17.78	       -0.23	57	39433	SAT	        6.27
38	cadical_v21	5	640	C:/Users/cball/OneDrive/Documentos/Pessoal/ITA/SAT/Competições/SATRace2019/Benchmark/CarSequencing-90-01_c18.cnf	66201	915628	181549	175782	2561595	67544504	7027	6880	147	       13.89	       -0.20	299	722146	SAT	       59.20
39	cadical_v21	5	640	C:/Users/cball/OneDrive/Documentos/Pessoal/ITA/SAT/Competições/SATRace2019/Benchmark/CarSequencing-90-02_c18.cnf	48941	552747	160583	154878	3791039	95924242	8836	8736	100	       18.79	       -0.24	219	719412	SAT	       38.31
40	cadical_v21	5	640	C:/Users/cball/OneDrive/Documentos/Pessoal/ITA/SAT/Competições/SATRace2019/Benchmark/EDP3-70000-sc2014.cnf	708290	5425469	4724029	4514008	60973932	7272050205	137923	131645	6278	      270.37	       -0.17	10463	9454905	IND	     4999.70
41	cadical_v21	5	640	C:/Users/cball/OneDrive/Documentos/Pessoal/ITA/SAT/Competições/SATRace2019/Benchmark/Eternity-10-05_c18.cnf	3298	142629	225193	217444	608825	27297899	8693	8375	318	       64.90	       -0.10	536	108546	SAT	       24.02
42	cadical_v21	5	640	C:/Users/cball/OneDrive/Documentos/Pessoal/ITA/SAT/Competições/SATRace2019/Benchmark/Eternity-10-06_c18.cnf	4660	243504	7135552	6948891	15299366	1441310780	233205	226549	6656	      142.69	       -0.07	10834	4534216	SAT	     3654.67
43	cadical_v21	5	640	C:/Users/cball/OneDrive/Documentos/Pessoal/ITA/SAT/Competições/SATRace2019/Benchmark/GracefulGraph-K04-P04_c18.cnf	2692	79064	2585903	2530571	6122537	320090215	78425	75484	2941	       69.93	       -0.08	4814	1704248	SAT	      480.45
44	cadical_v21	5	640	C:/Users/cball/OneDrive/Documentos/Pessoal/ITA/SAT/Competições/SATRace2019/Benchmark/GracefulGraph-K05-P02_c18.cnf	1385	27650	945114	931515	1472232	111152452	19107	17661	1446	       42.02	       -0.05	2375	372706	SAT	      115.98
45	cadical_v21	5	640	C:/Users/cball/OneDrive/Documentos/Pessoal/ITA/SAT/Competições/SATRace2019/Benchmark/Grain_no_init_ver1_out200_known_last104_0.cnf	2425	23118	9622889	9602629	10975414	870351784	412037	401358	10679	       20.55	       -0.02	17060	4417949	SAT	     1353.09
46	cadical_v21	5	640	C:/Users/cball/OneDrive/Documentos/Pessoal/ITA/SAT/Competições/SATRace2019/Benchmark/Grain_no_init_ver1_out200_known_last104_0_u.cnf	2425	23064	22863210	22831894	23703846	1278415623	815798	787633	28165	       20.11	       -0.01	44904	9910652	UNSAT	     3046.91
47	cadical_v21	5	640	C:/Users/cball/OneDrive/Documentos/Pessoal/ITA/SAT/Competições/SATRace2019/Benchmark/Grain_no_init_ver1_out200_known_last105_0.cnf	2425	23032	5314364	5306142	5930351	553542313	184342	177028	7314	       20.52	       -0.01	11498	2119934	SAT	      665.59
48	cadical_v21	5	640	C:/Users/cball/OneDrive/Documentos/Pessoal/ITA/SAT/Competições/SATRace2019/Benchmark/Grain_no_init_ver1_out200_known_last105_0_u.cnf	2425	23034	9261006	9243075	10399054	668401664	415134	405132	10002	       19.80	       -0.02	15826	4394350	UNSAT	     1000.17
49	cadical_v21	5	640	C:/Users/cball/OneDrive/Documentos/Pessoal/ITA/SAT/Competições/SATRace2019/Benchmark/Haystacks-ext-12_c18.cnf	1728	19526	5407958	5382632	6010632	62229695	179378	170953	8425	       42.87	       -0.02	12587	2256918	UNSAT	      416.08
50	cadical_v21	5	640	C:/Users/cball/OneDrive/Documentos/Pessoal/ITA/SAT/Competições/SATRace2019/Benchmark/Haystacks-ext-13_c18.cnf	2197	26977	37255777	37050947	40868443	433085093	1407695	1360001	47694	       52.54	       -0.02	71182	18444287	IND	     4996.78
51	cadical_v21	5	640	C:/Users/cball/OneDrive/Documentos/Pessoal/ITA/SAT/Competições/SATRace2019/Benchmark/IBM_FV_20002_31_1_rule_1_SAT_dat.k95-sc2007.cnf	141985	634173	13505074	13233656	52905421	7040795975	492577	473103	19474	       63.37	       -0.10	31793	7248429	IND	     4998.11
52	cadical_v21	5	640	C:/Users/cball/OneDrive/Documentos/Pessoal/ITA/SAT/Competições/SATRace2019/Benchmark/IBM_FV_2004_rule_batch_2_31_2_SAT_dat.k45.debugged-sc2012.cnf	59794	243931	10834334	10654577	32342853	2929113160	495342	482328	13014	       57.11	       -0.10	21243	4888432	IND	     4998.20
53	cadical_v21	5	640	C:/Users/cball/OneDrive/Documentos/Pessoal/ITA/SAT/Competições/SATRace2019/Benchmark/LABS_n066_goal005-sc2013.cnf	152376	308482	2791880	2755692	9587316	9759701807	118772	115026	3746	       45.08	       -0.07	5933	1234360	SAT	     3414.12
54	cadical_v21	5	640	C:/Users/cball/OneDrive/Documentos/Pessoal/ITA/SAT/Competições/SATRace2019/Benchmark/LABS_n071_goal001-sc2013.cnf	189982	384580	2114496	2072760	4424293	8246573365	95799	93909	1890	       30.90	       -0.08	3041	1359831	UNSAT	     2881.19
55	cadical_v21	5	640	C:/Users/cball/OneDrive/Documentos/Pessoal/ITA/SAT/Competições/SATRace2019/Benchmark/LABS_n087_goal008-sc2013.cnf	335424	950345	533913	524465	3210571	5399278095	30861	30341	520	       50.21	       -0.11	817	368978	SAT	     1565.97
56	cadical_v21	5	640	C:/Users/cball/OneDrive/Documentos/Pessoal/ITA/SAT/Competições/SATRace2019/Benchmark/LABS_n089_goal008-sc2013.cnf	351053	1039313	161726	159137	887561	1722948905	8238	8025	213	       55.14	       -0.09	333	90178	SAT	      505.56
57	cadical_v21	5	640	C:/Users/cball/OneDrive/Documentos/Pessoal/ITA/SAT/Competições/SATRace2019/Benchmark/MASG0_72_keystream76_0.cnf	3426	20454	19613567	19613529	19620208	12980338022	470398	443158	27240	       14.20	       -0.00	44004	7404010	SAT	     3509.53
58	cadical_v21	5	640	C:/Users/cball/OneDrive/Documentos/Pessoal/ITA/SAT/Competições/SATRace2019/Benchmark/MASG_72_keystream76_0.cnf	3426	20302	12645036	12644840	12657278	10522248957	248734	230258	18476	       17.24	       -0.00	29500	4797100	SAT	     3220.50
59	cadical_v21	5	640	C:/Users/cball/OneDrive/Documentos/Pessoal/ITA/SAT/Competições/SATRace2019/Benchmark/MD5-29-4-sc2014.cnf	8590	65144	16271535	15855715	174478431	2699008073	395463	370335	25128	      107.89	       -0.14	41702	22473689	IND	     4997.47
60	cadical_v21	5	640	C:/Users/cball/OneDrive/Documentos/Pessoal/ITA/SAT/Competições/SATRace2019/Benchmark/MD5-29-5-sc2014.cnf	8591	65154	16718872	16287251	183301290	2817362714	416346	391205	25141	      109.29	       -0.14	41889	23806557	IND	     4998.92
61	cadical_v21	5	640	C:/Users/cball/OneDrive/Documentos/Pessoal/ITA/SAT/Competições/SATRace2019/Benchmark/MM-22.cnf	24975	111780	27544069	26912946	359594003	6837907695	1629560	1605384	24176	       65.61	       -0.15	40940	26843170	IND	     4999.69
62	cadical_v21	5	640	C:/Users/cball/OneDrive/Documentos/Pessoal/ITA/SAT/Competições/SATRace2019/Benchmark/MM-23-2-2-2-2-3.cnf	