ID	version	restart base fast	restart base slow	file	vars	clauses	conflicts	learned	decisions	propagations	restarts	restarts unstable	restarts stable	learned avg. size	learnt stack avg	learnt stack stable counter	learnt stack unstable counter	answer	cpu time
1	cadical_v21	5	320	C:/Users/cball/OneDrive/Documentos/Pessoal/ITA/SAT/Competições/SATRace2019-3/Benchmark/sgen1-unsat-109-100-sc2009.cnf	109	228	35961479	35671766	47128693	542776318	1960302	1892695	67607	       20.43	       -0.04	110058	16736611	IND	     4995.16
2	cadical_v21	5	320	C:/Users/cball/OneDrive/Documentos/Pessoal/ITA/SAT/Competições/SATRace2019-3/Benchmark/sha1r17m145ABCD.cnf	3831	15062	5752045	5670921	11386403	699944818	297739	285100	12639	       38.02	       -0.08	20861	2354223	SAT	     2188.73
3	cadical_v21	5	320	C:/Users/cball/OneDrive/Documentos/Pessoal/ITA/SAT/Competições/SATRace2019-3/Benchmark/sha1r17m145ABCD_p.cnf	2715	11371	636539	624637	1615090	87178537	38568	37182	1386	       36.81	       -0.11	2277	269337	SAT	       84.05
4	cadical_v21	5	320	C:/Users/cball/OneDrive/Documentos/Pessoal/ITA/SAT/Competições/SATRace2019-3/Benchmark/sha1r17m146ABCD.cnf	3835	15069	5445296	5367645	10465265	641119160	262554	250090	12464	       38.23	       -0.07	20688	2138360	SAT	     1971.00
5	cadical_v21	5	320	C:/Users/cball/OneDrive/Documentos/Pessoal/ITA/SAT/Competições/SATRace2019-3/Benchmark/sha1r17m146ABCD_p.cnf	2719	11388	7934739	7819113	15968768	910891720	482369	469946	12423	       37.84	       -0.09	20648	4066681	SAT	     3884.81
6	cadical_v21	5	320	C:/Users/cball/OneDrive/Documentos/Pessoal/ITA/SAT/Competições/SATRace2019-3/Benchmark/sha1r17m147ABCD.cnf	3836	15071	2345136	2305274	5266491	276839622	132726	128264	4462	       37.24	       -0.10	7416	1092139	SAT	      516.20
7	cadical_v21	5	320	C:/Users/cball/OneDrive/Documentos/Pessoal/ITA/SAT/Competições/SATRace2019-3/Benchmark/sha1r17m147ABCD_p.cnf	2720	11392	8164339	8045209	16613873	952693742	507272	494721	12551	       38.27	       -0.09	20774	4234115	SAT	     4043.09
8	cadical_v21	5	320	C:/Users/cball/OneDrive/Documentos/Pessoal/ITA/SAT/Competições/SATRace2019-3/Benchmark/sha1r17m148ABCD.cnf	3837	15085	9464118	9334673	18210987	1138137638	513186	494825	18361	       38.43	       -0.08	30417	4272532	IND	     4999.62
9	cadical_v21	5	320	C:/Users/cball/OneDrive/Documentos/Pessoal/ITA/SAT/Competições/SATRace2019-3/Benchmark/sha1r17m148ABCD_p.cnf	2721	11396	7721853	7610120	15588460	903152983	466318	453805	12513	       37.53	       -0.08	20735	3895594	SAT	     3757.97
10	cadical_v21	5	320	C:/Users/cball/OneDrive/Documentos/Pessoal/ITA/SAT/Competições/SATRace2019-3/Benchmark/sha1r17m149ABCD.cnf	3838	15113	6614077	6517638	13217426	764875229	363063	350698	12365	       37.95	       -0.08	20590	3058228	SAT	     2816.64
11	cadical_v21	5	320	C:/Users/cball/OneDrive/Documentos/Pessoal/ITA/SAT/Competições/SATRace2019-3/Benchmark/sha1r17m149ABCD_p.cnf	2722	11400	3080381	3034564	5983519	366014403	132100	124281	7819	       38.24	       -0.07	12987	1105970	SAT	      776.16
12	cadical_v21	5	320	C:/Users/cball/OneDrive/Documentos/Pessoal/ITA/SAT/Competições/SATRace2019-3/Benchmark/sha1r17m63a.cnf	3559	14096	783429	771303	1562092	118565367	33159	30953	2206	       34.07	       -0.07	3538	280375	SAT	       92.75
13	cadical_v21	5	320	C:/Users/cball/OneDrive/Documentos/Pessoal/ITA/SAT/Competições/SATRace2019-3/Benchmark/sha1r17m63a_p.cnf	2470	10585	2893907	2858268	5227374	308549210	128952	121618	7334	       33.69	       -0.07	11938	1088436	SAT	      525.69
14	cadical_v21	5	320	C:/Users/cball/OneDrive/Documentos/Pessoal/ITA/SAT/Competições/SATRace2019-3/Benchmark/sha1r17m66a.cnf	3566	14138	890458	877581	1692601	99714370	34700	32037	2663	       32.57	       -0.07	4319	283723	SAT	       98.48
15	cadical_v21	5	320	C:/Users/cball/OneDrive/Documentos/Pessoal/ITA/SAT/Competições/SATRace2019-3/Benchmark/sha1r17m66a_p.cnf	2477	10608	230662	226846	464880	38515251	8745	8048	697	       32.27	       -0.08	1138	74368	SAT	       22.81
16	cadical_v21	5	320	C:/Users/cball/OneDrive/Documentos/Pessoal/ITA/SAT/Competições/SATRace2019-3/Benchmark/sha1r17m67a.cnf	3573	14128	3109379	3073344	5361925	333642836	129803	121294	8509	       34.31	       -0.06	13759	1088203	SAT	      588.95
17	cadical_v21	5	320	C:/Users/cball/OneDrive/Documentos/Pessoal/ITA/SAT/Competições/SATRace2019-3/Benchmark/sha1r17m67a_p.cnf	2484	10627	2378372	2346131	4609584	239662623	126764	121913	4851	       34.08	       -0.08	7902	1083934	SAT	      405.39
18	cadical_v21	5	320	C:/Users/cball/OneDrive/Documentos/Pessoal/ITA/SAT/Competições/SATRace2019-3/Benchmark/sha1r17m72a.cnf	3593	14282	2145644	2111226	4565112	214084890	123250	119464	3786	       34.72	       -0.09	6135	1095602	SAT	      319.64
19	cadical_v21	5	320	C:/Users/cball/OneDrive/Documentos/Pessoal/ITA/SAT/Competições/SATRace2019-3/Benchmark/sha1r17m72a_p.cnf	2504	10705	1721824	1696244	3476838	176065846	97065	93780	3285	       33.63	       -0.08	5339	830481	SAT	      255.55
20	cadical_v21	5	320	C:/Users/cball/OneDrive/Documentos/Pessoal/ITA/SAT/Competições/SATRace2019-3/Benchmark/sha1r17m75a.cnf	3603	14304	990621	977049	1817829	113144580	35684	32485	3199	       32.88	       -0.07	5153	280420	SAT	      116.56
21	cadical_v21	5	320	C:/Users/cball/OneDrive/Documentos/Pessoal/ITA/SAT/Competições/SATRace2019-3/Benchmark/sha1r17m75a_p.cnf	2514	10733	3552382	3511908	6137089	345584111	137084	126570	10514	       34.86	       -0.06	17096	1069782	SAT	      677.41
22	cadical_v21	5	320	C:/Users/cball/OneDrive/Documentos/Pessoal/ITA/SAT/Competições/SATRace2019-3/Benchmark/sha2.shuffled-as.sat03-442-sc2002.cnf	61377	235249	4589814	4493671	19361995	6309924973	81978	67007	14971	      384.90	       -0.05	23105	2749650	IND	     4999.72
23	cadical_v21	5	320	C:/Users/cball/OneDrive/Documentos/Pessoal/ITA/SAT/Competições/SATRace2019-3/Benchmark/sin.c.75.smt2-cvc4-sc2016.cnf	7916927	32591905	2975389	2886307	16183643	2812143472	126880	121613	5267	       24.04	       -0.15	10162	2573359	IND	     4999.94
24	cadical_v21	5	320	C:/Users/cball/OneDrive/Documentos/Pessoal/ITA/SAT/Competições/SATRace2019-3/Benchmark/size_4_4_4_i0418_r8.cnf	1140	4253	2099739	2073019	3607567	85652736	110914	107410	3504	       18.49	       -0.08	5715	1119775	UNSAT	      187.78
25	cadical_v21	5	320	C:/Users/cball/OneDrive/Documentos/Pessoal/ITA/SAT/Competições/SATRace2019-3/Benchmark/size_4_4_4_i0566_r8.cnf	1140	4253	4538712	4490371	6579514	189200908	145322	132372	12950	       20.30	       -0.05	21165	1504542	UNSAT	      524.39
26	cadical_v21	5	320	C:/Users/cball/OneDrive/Documentos/Pessoal/ITA/SAT/Competições/SATRace2019-3/Benchmark/size_4_4_4_i2704_r8.cnf	1140	4253	2846043	2812995	4578054	131195599	118794	111705	7089	       21.02	       -0.06	11545	1100214	UNSAT	      328.92
27	cadical_v21	5	320	C:/Users/cball/OneDrive/Documentos/Pessoal/ITA/SAT/Competições/SATRace2019-3/Benchmark/size_4_4_4_i3499_r8.cnf	1140	4253	4190905	4144937	5994316	176384580	123395	110489	12906	       19.67	       -0.05	21123	1211359	UNSAT	      462.88
28	cadical_v21	5	320	C:/Users/cball/OneDrive/Documentos/Pessoal/ITA/SAT/Competições/SATRace2019-3/Benchmark/size_4_4_4_i4096_r8.cnf	1140	4253	2552236	2521186	4226241	111815326	114933	109298	5635	       19.45	       -0.07	9210	1109802	UNSAT	      252.78
29	cadical_v21	5	320	C:/Users/cball/OneDrive/Documentos/Pessoal/ITA/SAT/Competições/SATRace2019-3/Benchmark/size_4_4_4_i4295_r8.cnf	1140	4253	2112490	2086885	3639133	95986854	112779	109247	3532	       18.90	       -0.08	5784	1109421	UNSAT	      199.78
30	cadical_v21	5	320	C:/Users/cball/OneDrive/Documentos/Pessoal/ITA/SAT/Competições/SATRace2019-3/Benchmark/size_4_4_4_i4473_r8.cnf	1140	4253	2701409	2669517	4320938	119221472	110046	103673	6373	       19.75	       -0.06	10394	1129457	UNSAT	      270.09
31	cadical_v21	5	320	C:/Users/cball/OneDrive/Documentos/Pessoal/ITA/SAT/Competições/SATRace2019-3/Benchmark/size_4_4_4_i4828_r8.cnf	1140	4253	3704050	3664612	5425633	148907474	119037	107863	11174	       19.48	       -0.05	18213	1118096	UNSAT	      383.87
32	cadical_v21	5	320	C:/Users/cball/OneDrive/Documentos/Pessoal/ITA/SAT/Competições/SATRace2019-3/Benchmark/size_5_5_5_i003_r12.cnf	3220	12314	12568997	12392580	31131700	867009932	495486	461269	34217	       35.25	       -0.08	55593	4880807	SAT	     2009.72
33	cadical_v21	5	320	C:/Users/cball/OneDrive/Documentos/Pessoal/ITA/SAT/Competições/SATRace2019-3/Benchmark/size_5_5_5_i044_r12.cnf	3220	12314	8612052	8479064	25954252	540416209	496727	481780	14947	       29.72	       -0.11	24431	4737729	SAT	     1207.44
34	cadical_v21	5	320	C:/Users/cball/OneDrive/Documentos/Pessoal/ITA/SAT/Competições/SATRace2019-3/Benchmark/size_5_5_5_i063_r12.cnf	3220	12314	3069541	3021107	8986571	214086028	137558	129404	8154	       34.69	       -0.10	13282	1215919	SAT	      306.98
35	cadical_v21	5	320	C:/Users/cball/OneDrive/Documentos/Pessoal/ITA/SAT/Competições/SATRace2019-3/Benchmark/size_5_5_5_i116_r12.cnf	3220	12314	3134949	3086898	8697160	233738500	134560	125982	8578	       35.89	       -0.09	13900	1220352	SAT	      320.47
36	cadical_v21	5	320	C:/Users/cball/OneDrive/Documentos/Pessoal/ITA/SAT/Competições/SATRace2019-3/Benchmark/size_5_5_5_i171_r12.cnf	3220	12314	3886477	3831324	9225457	266783111	133132	121051	12081	       36.25	       -0.08	19666	1180860	SAT	      376.66
37	cadical_v21	5	320	C:/Users/cball/OneDrive/Documentos/Pessoal/ITA/SAT/Competições/SATRace2019-3/Benchmark/size_5_5_5_i198_r12.cnf	3220	12314	12519859	12340560	31822581	887920084	505205	471567	33638	       35.45	       -0.08	54871	4834996	SAT	     2039.36
38	cadical_v21	5	320	C:/Users/cball/OneDrive/Documentos/Pessoal/ITA/SAT/Competições/SATRace2019-3/Benchmark/size_5_5_5_i218_r12.cnf	3220	12314	2605242	2563359	8275066	184653155	137953	132058	5895	       32.71	       -0.11	9629	1178850	SAT	      244.69
39	cadical_v21	5	320	C:/Users/cball/OneDrive/Documentos/Pessoal/ITA/SAT/Competições/SATRace2019-3/Benchmark/size_5_5_5_i223_r12.cnf	3220	12314	2162154	2124348	8140089	156630519	140526	136754	3772	       30.70	       -0.12	6173	1167661	SAT	      208.51
40	cadical_v21	5	320	C:/Users/cball/OneDrive/Documentos/Pessoal/ITA/SAT/Competições/SATRace2019-3/Benchmark/size_5_5_5_i235_r12.cnf	3220	12314	2553541	2512415	7925791	186868808	127321	121672	5649	       33.18	       -0.10	9227	1243830	SAT	      245.70
41	cadical_v21	5	320	C:/Users/cball/OneDrive/Documentos/Pessoal/ITA/SAT/Competições/SATRace2019-3/Benchmark/size_5_5_5_i251_r12.cnf	3220	12314	11149324	10987125	29880956	764005148	495194	467958	27236	       33.93	       -0.09	44345	4808882	SAT	     1714.52
42	cadical_v21	5	320	C:/Users/cball/OneDrive/Documentos/Pessoal/ITA/SAT/Competições/SATRace2019-3/Benchmark/size_5_5_5_i260_r12.cnf	3220	12314	9396623	9253387	28171563	636326062	496753	477816	18937	       31.66	       -0.10	30773	4755267	SAT	     1439.20
43	cadical_v21	5	320	C:/Users/cball/OneDrive/Documentos/Pessoal/ITA/SAT/Competições/SATRace2019-3/Benchmark/size_5_5_5_i272_r12.cnf	3220	12314	198063	194494	647415	20838081	9257	8745	512	       31.99	       -0.11	855	83136	SAT	       11.94
44	cadical_v21	5	320	C:/Users/cball/OneDrive/Documentos/Pessoal/ITA/SAT/Competições/SATRace2019-3/Benchmark/slp-synthesis-aes-bottom13-sc2011.cnf	19995	62866	333379	325281	718570	74649371	12573	11710	863	       28.87	       -0.08	1374	144849	UNSAT	       34.81
45	cadical_v21	5	320	C:/Users/cball/OneDrive/Documentos/Pessoal/ITA/SAT/Competições/SATRace2019-3/Benchmark/slp-synthesis-aes-bottom18-sc2011.cnf	36410	115054	16655137	16347517	37275812	4251860816	514549	462086	52463	       59.73	       -0.07	85221	4859336	IND	     4999.58
46	cadical_v21	5	320	C:/Users/cball/OneDrive/Documentos/Pessoal/ITA/SAT/Competições/SATRace2019-3/Benchmark/slp-synthesis-aes-bottom22-sc2011.cnf	53118	168346	14714389	14411283	46734931	5833573724	514386	470230	44156	       73.21	       -0.08	71918	4889803	IND	     4999.23
47	cadical_v21	5	320	C:/Users/cball/OneDrive/Documentos/Pessoal/ITA/SAT/Competições/SATRace2019-3/Benchmark/slp-synthesis-aes-bottom26-sc2011.cnf	73074	231921	14436320	14123742	53476271	6657968653	518321	476607	41714	       75.27	       -0.09	68679	5010504	IND	     4999.53
48	cadical_v21	5	320	C:/Users/cball/OneDrive/Documentos/Pessoal/ITA/SAT/Competições/SATRace2019-3/Benchmark/slp-synthesis-aes-top21-sc2011.cnf	51138	153348	22611414	22253923	37498448	2480378237	867408	815879	51529	       26.43	       -0.06	84333	10148594	IND	     4998.69
49	cadical_v21	5	320	C:/Users/cball/OneDrive/Documentos/Pessoal/ITA/SAT/Competições/SATRace2019-3/Benchmark/slp-synthesis-aes-top26-sc2011.cnf	76943	231299	746884	730710	3034942	367990795	43983	42063	1920	       43.35	       -0.14	3142	380788	SAT	      142.31
50	cadical_v21	5	320	C:/Users/cball/OneDrive/Documentos/Pessoal/ITA/SAT/Competições/SATRace2019-3/Benchmark/smtlib-qfbv-aigs-countbits128-tseitin-sc2011.cnf	95810	287043	5763090	5649874	16109454	2263283834	253082	240750	12332	       74.46	       -0.10	20549	3068596	UNSAT	     1255.11
51	cadical_v21	5	320	C:/Users/cball/OneDrive/Documentos/Pessoal/ITA/SAT/Competições/SATRace2019-3/Benchmark/smulo032-sc2012.cnf	11785	35160	1336721	1310165	2750967	271105841	56729	53335	3394	       27.63	       -0.09	5440	601561	UNSAT	      183.00
52	cadical_v21	5	320	C:/Users/cball/OneDrive/Documentos/Pessoal/ITA/SAT/Competições/SATRace2019-3/Benchmark/snw_13_8_pre-sc2016.cnf	20446	689272	2034612	1986056	3543081	3994308570	91392	88201	3191	       25.33	       -0.08	5241	1292601	UNSAT	     1840.64
53	cadical_v21	5	320	C:/Users/cball/OneDrive/Documentos/Pessoal/ITA/SAT/Competições/SATRace2019-3/Benchmark/snw_16_8_nopre-sc2016.cnf	103136	4673415	1236514	1200947	2254398	6128130701	38597	35453	3144	       26.56	       -0.08	5195	640877	UNSAT	     3225.92
54	cadical_v21	5	320	C:/Users/cball/OneDrive/Documentos/Pessoal/ITA/SAT/Competições/SATRace2019-3/Benchmark/snw_16_8_pre-sc2016.cnf	76006	3192315	1112950	1083445	1903952	5571608879	31425	28297	3128	       25.19	       -0.07	5178	482940	UNSAT	     2859.20
55	cadical_v21	5	320	C:/Users/cball/OneDrive/Documentos/Pessoal/ITA/SAT/Competições/SATRace2019-3/Benchmark/sokoban-p16.sas.ex.15-sc2016.cnf	2343808	5010575	1084196	982276	8781882	1193654106	18176	14537	3639	      334.64	       -0.07	5648	1210475	UNSAT	     1142.14
56	cadical_v21	5	320	C:/Users/cball/OneDrive/Documentos/Pessoal/ITA/SAT/Competições/SATRace2019-3/Benchmark/sokoban-p16.sas.ex.19-sc2016.cnf	2929760	6277585	3356899	3015477	35353838	4252756123	61915	51046	10869	      559.35	       -0.07	16706	4116484	IND	     4999.42
57	cadical_v21	5	320	C:/Users/cball/OneDrive/Documentos/Pessoal/ITA/SAT/Competições/SATRace2019-3/Benchmark/sokoban-p16.sas.ex.21-sc2016.cnf	3222736	6910393	3386793	3029397	40847381	4345006593	62549	51562	10987	      588.12	       -0.08	16911	4492836	IND	     4999.66
58	cadical_v21	5	320	C:/Users/cball/OneDrive/Documentos/Pessoal/ITA/SAT/Competições/SATRace2019-3/Benchmark/sokoban-p16.sas.ex.23-sc2016.cnf	3515712	7543854	3548756	3161306	48777857	4792002562	66903	54959	11944	      581.54	       -0.08	18322	5091302	IND	     4999.47
59	cadical_v21	5	320	C:/Users/cball/OneDrive/Documentos/Pessoal/ITA/SAT/Competições/SATRace2019-3/Benchmark/sokoban-p20.sas.cr.35-sc2016.cnf	172512	1477968	3314990	2888769	37434156	9694891692	59376	48883	10493	      710.33	       -0.08	16191	3378725	IND	     4999.52
60	cadical_v21	5	320	C:/Users/cball/OneDrive/Documentos/Pessoal/ITA/SAT/Competições/SATRace2019-3/Benchmark/sokoban-p20.sas.ex.15-sc2016.cnf	2430976	5169846	3386534	3051971	37662436	4005190665	63833	52673	11160	      537.36	       -0.07	17085	4087981	IND	     4999.45
61	cadical_v21	5	320	C:/Users/cball/OneDrive/Documentos/Pessoal/ITA/SAT/Competições/SATRace2019-3/Benchmark/sokoban-p20.sas.ex.17-sc2016.cnf	2734848	5821656	3555381	3180666	46444917	4315734999	68051	55966	12085	      557.35	       -0.08	18483	4766513	IND	     4999.52
62	cadical_v21	5	320	C:/Users/cball/OneDrive/Documentos/Pessoal/ITA/SAT/Competições/SATRace2019-3/Benchmark/sokoban-p20.sas.ex.23-sc2016.cnf	3646464	7777501	3741434	3289751	60603220	4481368706	65309	52561	12748	      509.35	       -0.08	19671	6730939	IND	     4999.42
63	cadical_v21	5	320	C:/Users/cball/OneDrive/Documentos/Pessoal/ITA/SAT/Competições/SATRace2019-3/Benchmark/squ_ali_s10x10_c39_abix_SAT-sc2017.cnf	1672	5262	5302676	5212724	10309403	325932558	227261	214357	12904	       23.91	       -0.07	21112	2104156	SAT	      700.55
64	cadical_v21	5	320	C:/Users/cball/OneDrive/Documentos/Pessoal/ITA/SAT/Competições/SATRace2019-3/Benchmark/squ_any_s09x07_c27_abio_UNS-sc2017.cnf	851	2702	6850485	6763286	9606986	243482511	318371	305383	12988	       17.45	       -0.05	21199	3343820	UNSAT	     1069.41
65	cadical_v21	5	320	C:/Users/cball/OneDrive/Documentos/Pessoal/ITA/SAT/Competições/SATRace2019-3/Benchmark/srhd-sgi-m62-q1504.5-n60-p30-s88600538-sc2011.cnf	3651	926696	14992644	14737567	18268640	1940905659	306169	251706	54463	      208.63	       -0.02	82763	5366648	IND	     4999.42
66	cadical_v21	5	320	C:/Users/cball/OneDrive/Documentos/Pessoal/ITA/SAT/Competições/SATRace2019-3/Benchmark/stable-400-0.1-4-9876543214004-sc2014.cnf	400	30664	14839681	14434593	18687358	395782542	290953	242897	48056	       78.96	       -0.04	76009	5461239	SAT	     3883.72
67	cadical_v21	5	320	C:/Users/cball/OneDrive/Documentos/Pessoal/ITA/SAT/Competições/SATRace2019-3/Benchmark/sted1_0x0-380-sc2018.cnf	13431	335655	8919464	8648641	31316711	3497325523	432188	415622	16566	       55.39	       -0.10	26944	4821621	IND	     4999.77
68	cadical_v21	5	320	C:/Users/cball/OneDrive/Documentos/Pessoal/ITA/SAT/Competições/SATRace2019-3/Benchmark/stone-width3chain-nmarkers-20_shuffled-sc2016.cnf	3906	13611728	17391940	17135190	248070458	547388654	300720	209309	91411	       69.87	       -0.02	122582	90272857	IND	     5000.03
69	cadical_v21	5	320	C:/Users/cball/OneDrive/Documentos/Pessoal/ITA/SAT/Competições/SATRace2019-3/Benchmark/sv-comp19_prop-reachsafety.25_stack_longest_false-unreach-call.i-witness.cnf	3738383	16651874	1833	1626	2108250	23026303	71	71	0	       20.67	       -0.22	3	3992	SAT	       52.52
70	cadical_v21	5	320	C:/Users/cball/OneDrive/Documentos/Pessoal/ITA/SAT/Competições/SATRace2019-3/Benchmark/sv-comp19_prop-reachsafety.26_stack_cas_longer_false-unreach-call.i-witness.cnf	2633376	12055676	2479	2324	664187	19402149	127	126	1	      105.60	       -0.23	6	9823	SAT	       44.97
71	cadical_v21	5	320	C:/Users/cball/OneDrive/Documentos/Pessoal/ITA/SAT/Competições/SATRace2019-3/Benchmark/sv-comp19_prop-reachsafety.barrier_3t_true-unreach-call.i-witness.cnf	9582411	46593859	130631	117196	2841197760	5995673321	7854	7788	66	       73.23	       -0.26	202	2816230114	SAT	     4149.12
72	cadical_v21	5	320	C:/Users/cball/OneDrive/Documentos/Pessoal/ITA/SAT/Competições/SATRace2019-3/Benchmark/sv-comp19_prop-reachsafety.fib_bench_longest_false-unreach-call.i-witness.cnf	33721	157681	1873972	1792204	7812433	587136001	68054	64884	3170	       71.45	       -0.10	5221	1529255	SAT	      337.56
73	cadical_v21	5	320	C:/Users/cball/OneDrive/Documentos/Pessoal/ITA/SAT/Competições/SATRace2019-3/Benchmark/sv-comp19_prop-reachsafety.newton_2_2_true-unreach-call_true-termination.i-witness.cnf	110108	506714	225007	218655	530884	1377813091	11305	10643	662	       91.48	       -0.08	1085	93272	UNSAT	      353.84
74	cadical_v21	5	320	C:/Users/cball/OneDrive/Documentos/Pessoal/ITA/SAT/Competições/SATRace2019-3/Benchmark/sv-comp19_prop-reachsafety.newton_2_3_true-unreach-call_true-termination.i-witness.cnf	110108	506718	196982	188666	473893	634602494	4775	4281	494	       87.69	       -0.09	833	112559	UNSAT	      194.16
75	cadical_v21	5	320	C:/Users/cball/OneDrive/Documentos/Pessoal/ITA/SAT/Competições/SATRace2019-3/Benchmark/sv-comp19_prop-reachsafety.newton_2_4_true-unreach-call_true-termination.i-witness.cnf	110108	506714	164111	157346	416989	607218566	6894	6522	372	       43.87	       -0.10	608	109381	UNSAT	      171.33
76	cadical_v21	5	320	C:/Users/cball/OneDrive/Documentos/Pessoal/ITA/SAT/Competições/SATRace2019-3/Benchmark/sv-comp19_prop-reachsafety.newton_2_6_false-unreach-call_true-termination.i-witness.cnf	110108	506718	108088	103042	382602	274617554	5135	4928	207	       57.59	       -0.14	334	97624	SAT	       94.45
77	cadical_v21	5	320	C:/Users/cball/OneDrive/Documentos/Pessoal/ITA/SAT/Competições/SATRace2019-3/Benchmark/sv-comp19_prop-reachsafety.newton_2_8_false-unreach-call_true-termination.i-witness.cnf	110079	506624	66229	63138	225801	161308943	2221	2023	198	       60.74	       -0.11	325	49167	SAT	       58.44
78	cadical_v21	5	320	C:/Users/cball/OneDrive/Documentos/Pessoal/ITA/SAT/Competições/SATRace2019-3/Benchmark/sv-comp19_prop-reachsafety.newton_3_6_false-unreach-call_true-termination.i-witness.cnf	164916	759313	112671	107255	343723	500123647	5388	5199	189	      113.07	       -0.11	317	107059	SAT	      185.09
79	cadical_v21	5	320	C:/Users/cball/OneDrive/Documentos/Pessoal/ITA/SAT/Competições/SATRace2019-3/Benchmark/sv-comp19_prop-reachsafety.newton_3_7_false-unreach-call_true-termination.i-witness.cnf	164915	759314	165903	158567	461978	620166321	5427	5030	397	       84.55	       -0.09	642	123609	SAT	      205.36
80	cadical_v21	5	320	C:/Users/cball/OneDrive/Documentos/Pessoal/ITA/SAT/Competições/SATRace2019-3/Benchmark/sv-comp19_prop-reachsafety.newton_3_8_false-unreach-call_true-termination.i-witness.cnf	164887	759228	175831	167934	493770	633922006	4873	4451	422	       70.12	       -0.10	697	132625	SAT	      202.59
81	cadical_v21	5	320	C:/Users/cball/OneDrive/Documentos/Pessoal/ITA/SAT/Competições/SATRace2019-3/Benchmark/sv-comp19_prop-reachsafety.queue_longer_false-unreach-call.i-witness.cnf	8043699	39376148	8624	7908	1698168	79928518	347	340	7	       72.26	       -0.22	19	22042	SAT	      788.73
82	cadical_v21	5	320	C:/Users/cball/OneDrive/Documentos/Pessoal/ITA/SAT/Competições/SATRace2019-3/Benchmark/sv-comp19_prop-reachsafety.race-4_2-thread_local_vars_false-unreach-call.i-witness.cnf	693001	3661576	9107	8383	1066889	19906289	624	621	3	       24.19	       -0.26	17	802969	SAT	       52.09
83	cadical_v21	5	320	C:/Users/cball/OneDrive/Documentos/Pessoal/ITA/SAT/Competições/SATRace2019-3/Benchmark/sv-comp19_prop-reachsafety.sigma_false-unreach-call.i-witness.cnf	1094922	5009021	601274	573774	10293533	1249170337	46515	45629	886	       39.52	       -0.25	1676	1051606	SAT	      636.61
84	cadical_v21	5	320	C:/Users/cball/OneDrive/Documentos/Pessoal/ITA/SAT/Competições/SATRace2019-3/Benchmark/sv-comp19_prop-reachsafety.sine_8_true-unreach-call_true-termination.i-witness.cnf	26421	122125	32090	31256	63972	99688935	2739	2685	54	       45.71	       -0.06	89	18281	UNSAT	       28.50
85	cadical_v21	5	320	C:/Users/cball/OneDrive/Documentos/Pessoal/ITA/SAT/Competições/SATRace2019-3/Benchmark/sv-comp19_prop-reachsafety.square_5_true-unreach-call_true-termination.i-witness.cnf	26275	121056	130024	128757	152024	610652911	2961	2707	254	       31.10	       -0.02	391	81647	UNSAT	      162.00
86	cadical_v21	5	320	C:/Users/cball/OneDrive/Documentos/Pessoal/ITA/SAT/Competições/SATRace2019-3/Benchmark/sv-comp19_prop-reachsafety.triangular-longer_false-unreach-call.i-witness.cnf	20965	93387	17357373	16664781	52769163	2832614379	398366	343490	54876	       75.10	       -0.07	87598	10126990	SAT	     3674.23
87	cadical_v21	5	320	C:/Users/cball/OneDrive/Documentos/Pessoal/ITA/SAT/Competições/SATRace2019-3/Benchmark/test_v7_r12_vr10_c1_s18160.smt2-stp212-sc2016.cnf	314295	1258522	5663200	5502961	20901521	9407192017	279944	268752	11192	       54.70	       -0.15	19432	3966245	IND	     4993.22
88	cadical_v21	5	320	C:/Users/cball/OneDrive/Documentos/Pessoal/ITA/SAT/Competições/SATRace2019-3/Benchmark/total-10-15-s-sc2007.cnf	270120	1227441	1267952	1231149	4027614	822436374	32591	29118	3473	      112.32	       -0.05	5514	571150	SAT	      366.84
89	cadical_v21	5	320	C:/Users/cball/OneDrive/Documentos/Pessoal/ITA/SAT/Competições/SATRace2019-3/Benchmark/total-10-15-u-sc2007.cnf	269416	1214079	20817580	20446426	39067425	6043234439	686028	632523	53505	       45.69	       -0.05	86241	8546858	IND	     4994.56
90	cadical_v21	5	320	C:/Users/cball/OneDrive/Documentos/Pessoal/ITA/SAT/Competições/SATRace2019-3/Benchmark/toughsat_22bits_0.cnf	600	16790	356461	353630	614739	28263883	23378	22465	913	       21.26	       -0.07	1423	134220	SAT	       49.75
91	cadical_v21	5	320	C:/Users/cball/OneDrive/Documentos/Pessoal/ITA/SAT/Competições/SATRace2019-3/Benchmark/toughsat_22bits_1.cnf	600	16668	209594	207607	350789	14224257	9917	9304	613	       19.69	       -0.07	989	65340	SAT	       19.88
92	cadical_v21	5	320	C:/Users/cball/OneDrive/Documentos/Pessoal/ITA/SAT/Competições/SATRace2019-3/Benchmark/toughsat_23bits_0.cnf	679	18374	535342	529663	1017285	43283001	35481	34462	1019	       20.53	       -0.09	1605	264982	SAT	       84.94
93	cadical_v21	5	320	C:/Users/cball/OneDrive/Documentos/Pessoal/ITA/SAT/Competições/SATRace2019-3/Benchmark/toughsat_23bits_1.cnf	679	18401	770579	764639	1220603	74361222	37379	35134	2245	       20.58	       -0.06	3534	263047	SAT	      144.62
94	cadical_v21	5	320	C:/Users/cball/OneDrive/Documentos/Pessoal/ITA/SAT/Competições/SATRace2019-3/Benchmark/toughsat_23bits_2.cnf	679	18422	916416	909980	1404157	87965043	39412	36462	2950	       22.42	       -0.05	4681	259360	SAT	      185.33
95	cadical_v21	5	320	C:/Users/cball/OneDrive/Documentos/Pessoal/ITA/SAT/Competições/SATRace2019-3/Benchmark/toughsat_23bits_3.cnf	679	18292	193129	191384	328512	13967152	9140	8557	583	       21.64	       -0.07	910	68833	SAT	       18.91
96	cadical_v21	5	320	C:/Users/cball/OneDrive/Documentos/Pessoal/ITA/SAT/Competições/SATRace2019-3/Benchmark/toughsat_24bits_0.cnf	686	19093	741367	735482	1211239	69864236	35849	33930	1919	       20.81	       -0.06	3127	263856	SAT	      137.74
97	cadical_v21	5	320	C:/Users/cball/OneDrive/Documentos/Pessoal/ITA/SAT/Competições/SATRace2019-3/Benchmark/toughsat_24bits_1.cnf	687	19618	894976	888592	1393647	85368986	36683	33751	2932	       22.60	       -0.05	4594	268555	SAT	      176.72
98	cadical_v21	5	320	C:/Users/cball/OneDrive/Documentos/Pessoal/ITA/SAT/Competições/SATRace2019-3/Benchmark/toughsat_24bits_2.cnf	686	19096	530112	525326	977671	46623491	35311	34324	987	       22.08	       -0.08	1557	261208	SAT	       88.53
99	cadical_v21	5	320	C:/Users/cball/OneDrive/Documentos/Pessoal/ITA/SAT/Competições/SATRace2019-3/Benchmark/toughsat_24bits_3.cnf	687	19681	735976	730364	1212352	67513737	37462	35429	2033	       22.32	       -0.06	3221	260284	SAT	      128.97
100	cadical_v21	5	320	C:/Users/cball/OneDrive/Documentos/Pessoal/ITA/SAT/Competições/SATRace2019-3/Benchmark/toughsat_25bits_0.cnf	827	20662	1470870	1458407	2600686	156440219	91441	87883	3558	       23.77	       -0.07	5607	571389	SAT	      383.66
101	cadical_v21	5	320	C:/Users/cball/OneDrive/Documentos/Pessoal/ITA/SAT/Competições/SATRace2019-3/Benchmark/toughsat_25bits_1.cnf	827	20629	1734493	1720040	3306865	183981176	120642	117143	3499	       25.01	       -0.08	5548	768980	SAT	      490.61
102	cadical_v21	5	320	C:/Users/cball/OneDrive/Documentos/Pessoal/ITA/SAT/Competições/SATRace2019-3/Benchmark/toughsat_25bits_2.cnf	827	20669	1864418	1847668	3498245	190112040	126876	123321	3555	       23.12	       -0.08	5604	885128	SAT	      583.89
103	cadical_v21	5	320	C:/Users/cball/OneDrive/Documentos/Pessoal/ITA/SAT/Competições/SATRace2019-3/Benchmark/toughsat_25bits_3.cnf	827	20730	230476	228335	364723	20557363	8686	7912	774	       23.43	       -0.06	1212	70609	SAT	       24.97
104	cadical_v21	5	320	C:/Users/cball/OneDrive/Documentos/Pessoal/ITA/SAT/Competições/SATRace2019-3/Benchmark/toughsat_26bits_0.cnf	895	20751	2504535	2486269	4064026	280434539	139329	133606	5723	       25.66	       -0.06	9151	1044625	SAT	      797.06
105	cadical_v21	5	320	C:/Users/cball/OneDrive/Documentos/Pessoal/ITA/SAT/Competições/SATRace2019-3/Benchmark/toughsat_26bits_1.cnf	895	20847	2242893	2224165	3865831	240225086	138646	134191	4455	       25.41	       -0.07	7096	1040810	SAT	      688.89
106	cadical_v21	5	320	C:/Users/cball/OneDrive/Documentos/Pessoal/ITA/SAT/Competições/SATRace2019-3/Benchmark/toughsat_26bits_2.cnf	895	20756	1491661	1478451	2643550	158397722	79613	76042	3571	       26.42	       -0.07	5619	644165	SAT	      322.55
107	cadical_v21	5	320	C:/Users/cball/OneDrive/Documentos/Pessoal/ITA/SAT/Competições/SATRace2019-3/Benchmark/toughsat_26bits_3.cnf	895	20818	2319382	2299682	4073477	259395955	134445	129539	4906	       23.55	       -0.07	7774	1057239	SAT	      799.06
108	cadical_v21	5	320	C:/Users/cball/OneDrive/Documentos/Pessoal/ITA/SAT/Competições/SATRace2019-3/Benchmark/toughsat_27bits_0.cnf	984	22937	4192701	4165878	6545550	767573390	161828	147973	13855	       26.90	       -0.05	22057	1116536	SAT	     2110.70
109	cadical_v21	5	320	C:/Users/cball/OneDrive/Documentos/Pessoal/ITA/SAT/Competições/SATRace2019-3/Benchmark/toughsat_28bits_0.cnf	1046	22804	7957050	7896841	15181084	1090744248	502793	488816	13977	       28.68	       -0.07	22175	4045399	IND	     4997.86
110	cadical_v21	5	320	C:/Users/cball/OneDrive/Documentos/Pessoal/ITA/SAT/Competições/SATRace2019-3/Benchmark/toughsat_29bits_0.cnf	1085	25464	8009901	7945106	16182957	1071390957	501839	487793	14046	       30.29	       -0.08	22243	4131591	IND	     4998.97
111	cadical_v21	5	320	C:/Users/cball/OneDrive/Documentos/Pessoal/ITA/SAT/Competições/SATRace2019-3/Benchmark/toughsat_30bits_0.cnf	1110	27596	9450685	9373672	19198018	1116008203	515016	493921	21095	       32.28	       -0.07	33062	4316626	IND	     4998.53
112	cadical_v21	5	320	C:/Users/cball/OneDrive/Documentos/Pessoal/ITA/SAT/Competições/SATRace2019-3/Benchmark/tseitingrid7x160_shuffled-sc2016.cnf	2240	8960	119627903	119591884	867747989	1862319811	6064624	5822334	242290	       20.02	       -0.04	373310	134347745	IND	     4999.03
113	cadical_v21	5	320	C:/Users/cball/OneDrive/Documentos/Pessoal/ITA/SAT/Competições/SATRace2019-3/Benchmark/uniqinv47prop-sc2018.cnf	17349	51071	17844914	17691636	45807232	3299379106	621939	566491	55448	       48.33	       -0.06	88302	6842866	IND	     4999.78
114	cadical_v21	5	320	C:/Users/cball/OneDrive/Documentos/Pessoal/ITA/SAT/Competições/SATRace2019-3/Benchmark/unsat-set-a-fclqcolor-20-13-14.sat05-1278.reshuffled-07-sc2007.cnf	730	43124	93353603	72351231	294381668	2598001258	949851	728387	221464	       49.26	       -0.05	351959	168615514	IND	     4999.56
115	cadical_v21	5	320	C:/Users/cball/OneDrive/Documentos/Pessoal/ITA/SAT/Competições/SATRace2019-3/Benchmark/vmpc_30-sc2007.cnf	900	133080	6017043	5808864	12822373	685594383	195275	180546	14729	       46.28	       -0.06	22828	4856922	SAT	     1705.45
116	cadical_v21	5	320	C:/Users/cball/OneDrive/Documentos/Pessoal/ITA/SAT/Competições/SATRace2019-3/Benchmark/vmpc_31-sc2007.cnf	961	146909	12609916	12194366	25214914	1511324721	332996	294425	38571	       51.61	       -0.05	59753	8059590	IND	     4999.24
117	cadical_v21	5	320	C:/Users/cball/OneDrive/Documentos/Pessoal/ITA/SAT/Competições/SATRace2019-3/Benchmark/vmpc_34.shuffled-as.sat05-1958-sc2005.cnf	1156	194072	13535834	13073741	28841601	1844113459	331138	286803	44335	       58.71	       -0.06	68251	8736140	IND	     4999.61
118	cadical_v21	5	320	C:/Users/cball/OneDrive/Documentos/Pessoal/ITA/SAT/Competições/SATRace2019-3/Benchmark/vmpc_36.renamed-as.sat05-1922-sc2005.cnf	1296	230544	13610478	13114356	31147621	1926940904	326057	281595	44462	       63.96	       -0.06	68608	9334628	IND	     4999.70
119	cadical_v21	5	320	C:/Users/cball/OneDrive/Documentos/Pessoal/ITA/SAT/Competições/SATRace2019-3/Benchmark/x2_128.shuffled-as.sat03-1598-sc2002.cnf	382	1018	83655156	83636617	156489076	755587310	2486013	2254136	231877	       35.89	       -0.04	363189	46371204	IND	     4999.75
