ID	version	restart base fast	restart base slow	file	vars	clauses	conflicts	learned	decisions	propagations	restarts	restarts unstable	restarts stable	learned avg. size	learnt stack avg	learnt stack stable counter	learnt stack unstable counter	answer	cpu time
1	cadical_v21	5	1280	C:/Users/cball/OneDrive/Documentos/Pessoal/ITA/SAT/Competições/SATRace2019-2/Benchmark/hcp_d24_24.cnf	344469	286016	19618152	19122803	311222021	4974689349	678412	666713	11699	       76.57	       -0.13	20159	48056628	IND	     4999.26
2	cadical_v21	5	1280	C:/Users/cball/OneDrive/Documentos/Pessoal/ITA/SAT/Competições/SATRace2019-2/Benchmark/hcp_r20_20.cnf	323138	21567424	42	42	488000	577871	0	0	0	        9.19	       -0.74	0	487781	SAT	       26.11
3	cadical_v21	5	1280	C:/Users/cball/OneDrive/Documentos/Pessoal/ITA/SAT/Competições/SATRace2019-2/Benchmark/hcp_r26_26.cnf	919562	103439854	0	0	0	230180	0	0	0	        0.00	        0.00	0	0	SAT	      130.39
4	cadical_v21	5	1280	C:/Users/cball/OneDrive/Documentos/Pessoal/ITA/SAT/Competições/SATRace2019-2/Benchmark/hitag2-8-60-0-0x880693399044612-25-SAT-sc2013.cnf	2316	30945	14349784	14281028	18312413	769395767	426202	415147	11055	       22.50	       -0.03	17934	4301225	SAT	     4205.01
5	cadical_v21	5	1280	C:/Users/cball/OneDrive/Documentos/Pessoal/ITA/SAT/Competições/SATRace2019-2/Benchmark/hwb-n26-01-S1957858365.shuffled-as.sat03-1622-sc2002.cnf	172	832	10114067	10053153	12732294	218256723	412093	406343	5750	       18.96	       -0.03	9354	4421338	UNSAT	     1217.17
6	cadical_v21	5	1280	C:/Users/cball/OneDrive/Documentos/Pessoal/ITA/SAT/Competições/SATRace2019-2/Benchmark/hwb-n26-03-S540351185.sat05-490.reshuffled-07-sc2007.cnf	172	832	11837950	11759642	15552198	272049430	446326	438431	7895	       18.95	       -0.04	12832	4328145	UNSAT	     1622.09
7	cadical_v21	5	1280	C:/Users/cball/OneDrive/Documentos/Pessoal/ITA/SAT/Competições/SATRace2019-2/Benchmark/hwmcc10-timeframe-expansion-k45-pdtpmspalu-tseitin-sc2011.cnf	89190	265715	10047737	9841028	88867979	1601182631	559618	553813	5805	       33.29	       -0.15	9356	12624622	UNSAT	     2200.24
8	cadical_v21	5	1280	C:/Users/cball/OneDrive/Documentos/Pessoal/ITA/SAT/Competições/SATRace2019-2/Benchmark/hwmcc15deep-6s516r-k18-sc2017.cnf	51996	147555	11535224	11486072	127019635	1368372578	315595	305331	10264	       50.67	       -0.03	14937	46255664	UNSAT	      965.42
9	cadical_v21	5	1280	C:/Users/cball/OneDrive/Documentos/Pessoal/ITA/SAT/Competições/SATRace2019-2/Benchmark/hwmcc15deep-oski15a10b10s-k22-sc2017.cnf	569318	1484813	5644983	5438264	36422846	4141798100	287778	284344	3434	       38.92	       -0.13	5547	6798708	UNSAT	     2176.64
10	cadical_v21	5	1280	C:/Users/cball/OneDrive/Documentos/Pessoal/ITA/SAT/Competições/SATRace2019-2/Benchmark/jgiraldezlevy.2200.9086.08.40.149-sr2015.cnf	2200	9086	703087	683534	1952144	133601257	40028	39554	474	       26.77	       -0.11	756	265269	SAT	       93.03
11	cadical_v21	5	1280	C:/Users/cball/OneDrive/Documentos/Pessoal/ITA/SAT/Competições/SATRace2019-2/Benchmark/k_unsat-sc2013.cnf	7021	95854	12195948	12059140	20308956	3594234055	420124	411197	8927	       27.85	       -0.06	14137	4582166	IND	     4999.78
12	cadical_v21	5	1280	C:/Users/cball/OneDrive/Documentos/Pessoal/ITA/SAT/Competições/SATRace2019-2/Benchmark/knight_14.cnf	4680	39640	16434155	16100762	92739860	4156020063	425691	412131	13560	      101.02	       -0.08	22010	9705198	IND	     4999.81
13	cadical_v21	5	1280	C:/Users/cball/OneDrive/Documentos/Pessoal/ITA/SAT/Competições/SATRace2019-2/Benchmark/knight_16.cnf	81119	804926	6754842	4778492	295463281	9586688298	183709	180770	2939	      521.82	       -0.18	5033	36586222	SAT	     4896.52
14	cadical_v21	5	1280	C:/Users/cball/OneDrive/Documentos/Pessoal/ITA/SAT/Competições/SATRace2019-2/Benchmark/knight_18.cnf	126152	1297025	6331728	4162149	342304805	11275852679	152294	149348	2946	      585.80	       -0.17	5024	40148425	IND	     4999.77
15	cadical_v21	5	1280	C:/Users/cball/OneDrive/Documentos/Pessoal/ITA/SAT/Competições/SATRace2019-2/Benchmark/knight_20.cnf	189446	2004246	6043174	3674244	349219154	12357001124	122592	119819	2773	      612.01	       -0.16	4833	44485863	IND	     4999.86
16	cadical_v21	5	1280	C:/Users/cball/OneDrive/Documentos/Pessoal/ITA/SAT/Competições/SATRace2019-2/Benchmark/le450_15b.col.15-sc2018.cnf	6300	114816	34220190	33942769	38554023	2333055645	1180834	1162907	17927	       54.20	       -0.03	27483	19314631	IND	     4999.66
17	cadical_v21	5	1280	C:/Users/cball/OneDrive/Documentos/Pessoal/ITA/SAT/Competições/SATRace2019-2/Benchmark/li-exam-63.shuffled-as.sat03-368-sc2002.cnf	28147	108399	8411043	8018515	119288514	6476152284	524514	521312	3202	      178.10	       -0.17	5488	6798423	IND	     4999.72
18	cadical_v21	5	1280	C:/Users/cball/OneDrive/Documentos/Pessoal/ITA/SAT/Competições/SATRace2019-2/Benchmark/li-test4-99.shuffled-as.sat03-377-sc2002.cnf	36809	142448	7633512	7192638	246013897	7561810266	445828	443011	2817	      284.28	       -0.19	4934	12336311	IND	     4999.84
19	cadical_v21	5	1280	C:/Users/cball/OneDrive/Documentos/Pessoal/ITA/SAT/Competições/SATRace2019-2/Benchmark/manthey_DimacsSorter_37_3-sr2015.cnf	6634	23392	1449226	1418388	3185559	481102493	46924	45969	955	       73.12	       -0.06	1484	673612	SAT	      267.44
20	cadical_v21	5	1280	C:/Users/cball/OneDrive/Documentos/Pessoal/ITA/SAT/Competições/SATRace2019-2/Benchmark/manthey_single-ordered-initialized-w50-b7-sr2015.cnf	10675	84849	4605574	4520531	6921398	1077067725	111845	108428	3417	       32.52	       -0.04	5529	1874306	UNSAT	     1323.91
21	cadical_v21	5	1280	C:/Users/cball/OneDrive/Documentos/Pessoal/ITA/SAT/Competições/SATRace2019-2/Benchmark/maxxor032-sc2011.cnf	13240	39135	436429	423012	1577210	68946038	28356	28162	194	       35.55	       -0.14	327	282597	UNSAT	       38.86
22	cadical_v21	5	1280	C:/Users/cball/OneDrive/Documentos/Pessoal/ITA/SAT/Competições/SATRace2019-2/Benchmark/minxorminand128-sc2009.cnf	153834	459957	5797455	5575180	49178099	881977099	174133	170186	3947	      129.26	       -0.07	6052	16701590	UNSAT	     1376.19
23	cadical_v21	5	1280	C:/Users/cball/OneDrive/Documentos/Pessoal/ITA/SAT/Competições/SATRace2019-2/Benchmark/mod2c-3cage-unsat-10-2.sat05-2567.reshuffled-07-sc2007.cnf	140	560	67174946	67151951	85364578	484440679	1183195	1122493	60702	       19.49	       -0.02	94503	23529048	UNSAT	     4498.30
24	cadical_v21	5	1280	C:/Users/cball/OneDrive/Documentos/Pessoal/ITA/SAT/Competições/SATRace2019-2/Benchmark/mod2c-3cage-unsat-10-3.sat05-2568.reshuffled-07-sc2007.cnf	140	560	24630585	24621474	32402986	162924818	857023	842223	14800	       17.14	       -0.03	23253	13987013	UNSAT	      865.91
25	cadical_v21	5	1280	C:/Users/cball/OneDrive/Documentos/Pessoal/ITA/SAT/Competições/SATRace2019-2/Benchmark/mod4block_2vars_10gates_u2_autoenc-sc2009.cnf	479	123439	8254091	8102739	29749962	247314723	594685	591408	3277	       25.53	       -0.12	5442	4174611	SAT	     2749.89
26	cadical_v21	5	1280	C:/Users/cball/OneDrive/Documentos/Pessoal/ITA/SAT/Competições/SATRace2019-2/Benchmark/mrpp_6x6#12_24-sc2013.cnf	12197	78363	132117	126526	2532976	16421707	11491	11461	30	        9.73	       -0.31	68	444645	SAT	        7.84
27	cadical_v21	5	1280	C:/Users/cball/OneDrive/Documentos/Pessoal/ITA/SAT/Competições/SATRace2019-2/Benchmark/mrpp_8x8#20_24-sc2014.cnf	22022	172772	2365382	2280401	28777499	276149539	135738	134762	976	       20.00	       -0.22	1754	6108110	SAT	      222.91
28	cadical_v21	5	1280	C:/Users/cball/OneDrive/Documentos/Pessoal/ITA/SAT/Competições/SATRace2019-2/Benchmark/mulhs016-sc2009.cnf	4656	13868	11043816	10893633	20917013	2244396587	454609	447643	6966	       40.52	       -0.05	11288	4369873	IND	     4999.19
29	cadical_v21	5	1280	C:/Users/cball/OneDrive/Documentos/Pessoal/ITA/SAT/Competições/SATRace2019-2/Benchmark/ndhf_xits_16_UNKNOWN-sc2009.cnf	3366	362797	30777020	30270833	42168418	2745066556	1019086	1003772	15314	       74.50	       -0.04	23748	18353478	IND	     4998.53
30	cadical_v21	5	1280	C:/Users/cball/OneDrive/Documentos/Pessoal/ITA/SAT/Competições/SATRace2019-2/Benchmark/ndhf_xits_19_UNKNOWN-sc2011.cnf	4020	466486	250162	246451	316503	38489740	3033	2801	232	       88.76	       -0.02	362	86228	SAT	       43.55
31	cadical_v21	5	1280	C:/Users/cball/OneDrive/Documentos/Pessoal/ITA/SAT/Competições/SATRace2019-2/Benchmark/newton.2.3.i.smt2-cvc4-sc2016.cnf	302737	1309727	1515724	1489867	2111088	18637285935	85047	84157	890	       57.57	       -0.03	1419	736234	IND	     4999.00
32	cadical_v21	5	1280	C:/Users/cball/OneDrive/Documentos/Pessoal/ITA/SAT/Competições/SATRace2019-2/Benchmark/par32-1-c.shuffled-as.sat03-1531-sc2002.cnf	1315	5254	23830982	23654637	35833558	1785634025	1020847	1007639	13208	       22.99	       -0.04	21662	10071420	IND	     4999.78
33	cadical_v21	5	1280	C:/Users/cball/OneDrive/Documentos/Pessoal/ITA/SAT/Competições/SATRace2019-2/Benchmark/partial-10-11-s-sc2007.cnf	189456	835275	6755082	6412970	52110321	7763597672	244541	240825	3716	      295.83	       -0.09	5824	4654068	SAT	     4447.62
34	cadical_v21	5	1280	C:/Users/cball/OneDrive/Documentos/Pessoal/ITA/SAT/Competições/SATRace2019-2/Benchmark/partial-10-11-u-sc2007.cnf	188962	825894	6856731	6503755	54202976	8432406775	251746	248104	3642	      312.92	       -0.09	5750	4432986	IND	     4999.77
35	cadical_v21	5	1280	C:/Users/cball/OneDrive/Documentos/Pessoal/ITA/SAT/Competições/SATRace2019-2/Benchmark/partial-5-11-u-sc2007.cnf	164158	717440	11552397	11112435	65394097	7286563749	370276	362063	8213	      158.10	       -0.07	12916	5052312	IND	     4999.80
36	cadical_v21	5	1280	C:/Users/cball/OneDrive/Documentos/Pessoal/ITA/SAT/Competições/SATRace2019-2/Benchmark/partial-5-17-s-sc2007.cnf	252328	1169843	6903378	6581146	69532910	10170899919	285790	282240	3550	      239.39	       -0.10	5661	5345638	SAT	     4817.75
37	cadical_v21	5	1280	C:/Users/cball/OneDrive/Documentos/Pessoal/ITA/SAT/Competições/SATRace2019-2/Benchmark/partial-5-19-u-sc2007.cnf	262368	1226585	6447247	6119536	81700003	9827123540	283767	280300	3467	      301.89	       -0.11	5577	5356101	IND	     4999.64
38	cadical_v21	5	1280	C:/Users/cball/OneDrive/Documentos/Pessoal/ITA/SAT/Competições/SATRace2019-2/Benchmark/pb_300_10_lb_08-sc2014.cnf	139915	590682	429902	406155	1743665	271002130	19100	18919	181	       37.92	       -0.16	315	388198	UNSAT	      119.41
39	cadical_v21	5	1280	C:/Users/cball/OneDrive/Documentos/Pessoal/ITA/SAT/Competições/SATRace2019-2/Benchmark/ps_5000_21250_3_0_0.7_0_1.45_4-sc2017.cnf	5000	21250	20012183	19520716	48112536	3797849020	660163	646982	13181	       35.07	       -0.06	21633	7783833	IND	     4999.64
40	cadical_v21	5	1280	C:/Users/cball/OneDrive/Documentos/Pessoal/ITA/SAT/Competições/SATRace2019-2/Benchmark/ps_5000_21250_3_0_0.8_0_1.55_2-sc2017.cnf	5000	21250	10106434	9886678	17454008	1704237482	405983	400422	5561	       20.10	       -0.06	9160	4631027	UNSAT	     1608.03
41	cadical_v21	5	1280	C:/Users/cball/OneDrive/Documentos/Pessoal/ITA/SAT/Competições/SATRace2019-2/Benchmark/rbcl_xits_11_UNKNOWN-sc2009.cnf	1740	104640	19440496	19154735	40284443	1441599909	699675	685690	13985	       32.69	       -0.06	22432	7097857	IND	     4999.69
42	cadical_v21	5	1280	C:/Users/cball/OneDrive/Documentos/Pessoal/ITA/SAT/Competições/SATRace2019-2/Benchmark/rbcl_xits_13_UNKNOWN-sc2009.cnf	2058	133055	20859802	20571849	47632760	1649054044	765501	751259	14242	       38.77	       -0.07	22687	8420538	IND	     4998.72
43	cadical_v21	5	1280	C:/Users/cball/OneDrive/Documentos/Pessoal/ITA/SAT/Competições/SATRace2019-2/Benchmark/rbsat-v2100c215164g4-sc2011.cnf	2100	215164	18400052	17950501	31322038	2699153757	369778	355871	13907	       98.66	       -0.05	22350	7777860	IND	     4994.39
44	cadical_v21	5	1280	C:/Users/cball/OneDrive/Documentos/Pessoal/ITA/SAT/Competições/SATRace2019-2/Benchmark/rbsat-v2400c266431g5-sc2009.cnf	2400	266431	19101217	18622008	32608607	2583349806	329798	315804	13994	      125.99	       -0.05	22437	8774989	IND	     4994.20
45	cadical_v21	5	1280	C:/Users/cball/OneDrive/Documentos/Pessoal/ITA/SAT/Competições/SATRace2019-2/Benchmark/rbsat-v945c61409gyes9-sc2009.cnf	945	61409	13804	13397	24216	1253861	211	199	12	       88.44	       -0.05	20	6356	SAT	        1.45
46	cadical_v21	5	1280	C:/Users/cball/OneDrive/Documentos/Pessoal/ITA/SAT/Competições/SATRace2019-2/Benchmark/rphp5_100_shuffled-sc2016.cnf	1000	21405	72590706	54645590	778042817	8448915447	325656	226073	99583	       38.01	       -0.04	131881	153506060	IND	     4989.34
47	cadical_v21	5	1280	C:/Users/cball/OneDrive/Documentos/Pessoal/ITA/SAT/Competições/SATRace2019-2/Benchmark/rpoc_xits_11_UNKNOWN-sc2009.cnf	1740	114011	19898578	19636570	35966287	1332406808	693136	679009	14127	       30.19	       -0.06	22573	7519700	IND	     4993.33
48	cadical_v21	5	1280	C:/Users/cball/OneDrive/Documentos/Pessoal/ITA/SAT/Competições/SATRace2019-2/Benchmark/rpoc_xits_12_UNKNOWN-sc2009.cnf	1898	128735	20367530	20105691	37584548	1393852766	687828	673824	14004	       32.50	       -0.06	22451	8091022	IND	     4997.20
49	cadical_v21	5	1280	C:/Users/cball/OneDrive/Documentos/Pessoal/ITA/SAT/Competições/SATRace2019-2/Benchmark/rubikcube701-sc2017.cnf	3066	59739	6575898	6498131	10549143	1246645938	290973	287615	3358	       20.43	       -0.06	5472	3070479	UNSAT	     2533.39
50	cadical_v21	5	1280	C:/Users/cball/OneDrive/Documentos/Pessoal/ITA/SAT/Competições/SATRace2019-2/Benchmark/rubikcube912-sc2017.cnf	3090	59825	7302014	7228827	15057256	1128070656	392912	389619	3293	       25.30	       -0.08	5408	3466989	IND	     4997.78
51	cadical_v21	5	1280	C:/Users/cball/OneDrive/Documentos/Pessoal/ITA/SAT/Competições/SATRace2019-2/Benchmark/safe-30-h29-unsat-sc2007.cnf	130928	437704	29264902	28942188	113136487	4118436660	1724324	1709936	14388	       55.02	       -0.09	22832	14326743	IND	     4997.78
52	cadical_v21	5	1280	C:/Users/cball/OneDrive/Documentos/Pessoal/ITA/SAT/Competições/SATRace2019-2/Benchmark/satcoin-genesis-SAT-10-sc2018.cnf	134780	648622	1012	978	30271	1634482	45	45	0	       26.63	       -0.24	1	4694	SAT	        2.26
53	cadical_v21	5	1280	C:/Users/cball/OneDrive/Documentos/Pessoal/ITA/SAT/Competições/SATRace2019-2/Benchmark/sgen1-sat-180-100-sc2009.cnf	180	432	19123104	18829361	27360957	437225174	561889	548268	13621	       23.60	       -0.05	22072	6772772	IND	     4998.92
54	cadical_v21	5	1280	C:/Users/cball/OneDrive/Documentos/Pessoal/ITA/SAT/Competições/SATRace2019-2/Benchmark/sgen1-unsat-109-100-sc2009.cnf	109	228	34183734	33907470	45826000	514131667	1864132	1848779	15353	       20.50	       -0.04	24902	16880135	IND	     4999.63
55	cadical_v21	5	1280	C:/Users/cball/OneDrive/Documentos/Pessoal/ITA/SAT/Competições/SATRace2019-2/Benchmark/sha1r17m145ABCD.cnf	3831	15062	8788524	8664388	17193794	1062533342	496547	492528	4019	       37.75	       -0.08	6598	4273044	SAT	     4598.45
56	cadical_v21	5	1280	C:/Users/cball/OneDrive/Documentos/Pessoal/ITA/SAT/Competições/SATRace2019-2/Benchmark/sha1r17m145ABCD_p.cnf	2715	11371	3320033	3273362	6243832	385702531	131135	128810	2325	       38.04	       -0.07	3842	1088261	SAT	      918.95
57	cadical_v21	5	1280	C:/Users/cball/OneDrive/Documentos/Pessoal/ITA/SAT/Competições/SATRace2019-2/Benchmark/sha1r17m146ABCD.cnf	3835	15069	962962	947149	1927586	118625999	35782	35050	732	       37.56	       -0.08	1215	278535	SAT	      127.20
58	cadical_v21	5	1280	C:/Users/cball/OneDrive/Documentos/Pessoal/ITA/SAT/Competições/SATRace2019-2/Benchmark/sha1r17m146ABCD_p.cnf	2719	11388	3500273	3452730	6390330	400071125	130357	127825	2532	       38.45	       -0.07	4188	1090822	SAT	     1007.16
59	cadical_v21	5	1280	C:/Users/cball/OneDrive/Documentos/Pessoal/ITA/SAT/Competições/SATRace2019-2/Benchmark/sha1r17m147ABCD.cnf	3836	15071	2298046	2258959	5167294	274189930	129530	128456	1074	       37.15	       -0.10	1800	1094705	SAT	      509.67
60	cadical_v21	5	1280	C:/Users/cball/OneDrive/Documentos/Pessoal/ITA/SAT/Competições/SATRace2019-2/Benchmark/sha1r17m147ABCD_p.cnf	2720	11392	7537218	7426467	15373600	878004409	449143	445929	3214	       37.45	       -0.09	5330	3733771	SAT	     3454.36
61	cadical_v21	5	1280	C:/Users/cball/OneDrive/Documentos/Pessoal/ITA/SAT/Competições/SATRace2019-2/Benchmark/sha1r17m148ABCD.cnf	3837	15085	7823873	7708309	15751895	922548918	463114	459879	3235	       37.98	       -0.08	5351	3986982	SAT	     3780.08
62	cadical_v21	5	1280	C:/Users/cball/OneDrive/Documentos/Pessoal/ITA/SAT/Competições/SATRace2019-2/Benchmark/sha1r17m148ABCD_p.cnf	2721	11396	6389227	6297596	12547950	760417170	332366	329098	3268	       38.13	       -0.08	5384	2891666	SAT	     2652.09
63	cadical_v21	5	1280	C:/Users/cball/OneDrive/Documentos/Pessoal/ITA/SAT/Competições/SATRace2019-2/Benchmark/sha1r17m149ABCD.cnf	3838	15113	6514615	6419661	12961892	759736991	347337	344163	3174	       38.35	       -0.08	5291	2975048	SAT	     2734.55
64	cadical_v21	5	1280	C:/Users/cball/OneDrive/Documentos/Pessoal/ITA/SAT/Competições/SATRace2019-2/Benchmark/sha1r17m149ABCD_p.cnf	2722	11400	6310993	6220549	12360295	727031998	326494	323293	3201	       38.22	       -0.08	5317	2822735	SAT	     2661.42
65	cadical_v21	5	1280	C:/Users/cball/OneDrive/Documentos/Pessoal/ITA/SAT/Competições/SATRace2019-2/Benchmark/sha1r17m63a.cnf	3559	14096	868701	854844	1670190	105765997	31140	30497	643	       32.53	       -0.07	1053	288489	SAT	       96.25
66	cadical_v21	5	1280	C:/Users/cball/OneDrive/Documentos/Pessoal/ITA/SAT/Competições/SATRace2019-2/Benchmark/sha1r17m63a_p.cnf	2470	10585	1189191	1168842	2340936	115523275	48407	47581	826	       33.39	       -0.08	1357	412027	SAT	      123.58
67	cadical_v21	5	1280	C:/Users/cball/OneDrive/Documentos/Pessoal/ITA/SAT/Competições/SATRace2019-2/Benchmark/sha1r17m66a.cnf	3566	14138	2411493	2379385	4623093	254139965	125209	123927	1282	       34.11	       -0.07	2095	1075900	SAT	      415.25
68	cadical_v21	5	1280	C:/Users/cball/OneDrive/Documentos/Pessoal/ITA/SAT/Competições/SATRace2019-2/Benchmark/sha1r17m66a_p.cnf	2477	10608	2544409	2510654	4734915	264748419	123557	122096	1461	       34.11	       -0.07	2377	1084589	SAT	      437.12
69	cadical_v21	5	1280	C:/Users/cball/OneDrive/Documentos/Pessoal/ITA/SAT/Competições/SATRace2019-2/Benchmark/sha1r17m67a.cnf	3573	14128	691809	678940	1508986	86500225	32836	32420	416	       34.04	       -0.09	690	277695	SAT	       71.41
70	cadical_v21	5	1280	C:/Users/cball/OneDrive/Documentos/Pessoal/ITA/SAT/Competições/SATRace2019-2/Benchmark/sha1r17m67a_p.cnf	2484	10627	3071597	3037940	5262457	312397556	125038	122869	2169	       34.22	       -0.06	3493	1081657	SAT	      606.00
71	cadical_v21	5	1280	C:/Users/cball/OneDrive/Documentos/Pessoal/ITA/SAT/Competições/SATRace2019-2/Benchmark/sha1r17m72a.cnf	3593	14282	544919	534046	1210148	82093749	26995	26730	265	       33.64	       -0.09	425	293746	SAT	       61.27
72	cadical_v21	5	1280	C:/Users/cball/OneDrive/Documentos/Pessoal/ITA/SAT/Competições/SATRace2019-2/Benchmark/sha1r17m72a_p.cnf	2504	10705	3279213	3244348	5490996	337244044	125817	123319	2498	       33.83	       -0.06	3981	1081778	SAT	      656.23
73	cadical_v21	5	1280	C:/Users/cball/OneDrive/Documentos/Pessoal/ITA/SAT/Competições/SATRace2019-2/Benchmark/sha1r17m75a.cnf	3603	14304	1360949	1341076	2632951	142995953	61228	60408	820	       33.29	       -0.07	1351	553688	SAT	      180.09
74	cadical_v21	5	1280	C:/Users/cball/OneDrive/Documentos/Pessoal/ITA/SAT/Competições/SATRace2019-2/Benchmark/sha1r17m75a_p.cnf	2514	10733	2433348	2396896	4918021	234957748	127101	125772	1329	       34.63	       -0.08	2158	1075980	SAT	      399.50
75	cadical_v21	5	1280	C:/Users/cball/OneDrive/Documentos/Pessoal/ITA/SAT/Competições/SATRace2019-2/Benchmark/sha2.shuffled-as.sat03-442-sc2002.cnf	61377	235249	5244542	5171634	14212792	6303555815	74348	70478	3870	      333.78	       -0.04	5979	3804761	IND	     4999.69
76	cadical_v21	5	1280	C:/Users/cball/OneDrive/Documentos/Pessoal/ITA/SAT/Competições/SATRace2019-2/Benchmark/sin.c.75.smt2-cvc4-sc2016.cnf	7916927	32591905	2629088	2549673	13457049	2609702498	123629	122215	1414	       26.72	       -0.15	2396	2420979	IND	     4999.75
77	cadical_v21	5	1280	C:/Users/cball/OneDrive/Documentos/Pessoal/ITA/SAT/Competições/SATRace2019-2/Benchmark/size_4_4_4_i0418_r8.cnf	1140	4253	2811960	2778973	4393584	116679881	107242	105439	1803	       18.85	       -0.06	2925	1129027	UNSAT	      265.09
78	cadical_v21	5	1280	C:/Users/cball/OneDrive/Documentos/Pessoal/ITA/SAT/Competições/SATRace2019-2/Benchmark/size_4_4_4_i0566_r8.cnf	1140	4253	4439435	4392650	6444147	193956966	129912	126507	3405	       20.33	       -0.05	5519	1418960	UNSAT	      518.00
79	cadical_v21	5	1280	C:/Users/cball/OneDrive/Documentos/Pessoal/ITA/SAT/Competições/SATRace2019-2/Benchmark/size_4_4_4_i2704_r8.cnf	1140	4253	2999781	2965507	4689002	134677527	109545	107547	1998	       20.87	       -0.06	3267	1113282	UNSAT	      353.14
80	cadical_v21	5	1280	C:/Users/cball/OneDrive/Documentos/Pessoal/ITA/SAT/Competições/SATRace2019-2/Benchmark/size_4_4_4_i3499_r8.cnf	1140	4253	4253612	4208068	6086892	178289628	120375	117064	3311	       19.91	       -0.05	5426	1254219	UNSAT	      484.30
81	cadical_v21	5	1280	C:/Users/cball/OneDrive/Documentos/Pessoal/ITA/SAT/Competições/SATRace2019-2/Benchmark/size_4_4_4_i4096_r8.cnf	1140	4253	2548032	2516968	4191723	110949446	111943	110493	1450	       19.79	       -0.07	2369	1105667	UNSAT	      262.89
82	cadical_v21	5	1280	C:/Users/cball/OneDrive/Documentos/Pessoal/ITA/SAT/Competições/SATRace2019-2/Benchmark/size_4_4_4_i4295_r8.cnf	1140	4253	2133232	2106784	3645664	93496992	107550	106640	910	       19.29	       -0.08	1507	1116918	UNSAT	      199.13
83	cadical_v21	5	1280	C:/Users/cball/OneDrive/Documentos/Pessoal/ITA/SAT/Competições/SATRace2019-2/Benchmark/size_4_4_4_i4473_r8.cnf	1140	4253	2420937	2390322	4111334	105653164	109219	107956	1263	       20.01	       -0.07	2083	1117611	UNSAT	      241.41
84	cadical_v21	5	1280	C:/Users/cball/OneDrive/Documentos/Pessoal/ITA/SAT/Competições/SATRace2019-2/Benchmark/size_4_4_4_i4828_r8.cnf	1140	4253	3220293	3184878	4821187	134666251	106947	104678	2269	       20.16	       -0.06	3708	1127965	UNSAT	      362.64
85	cadical_v21	5	1280	C:/Users/cball/OneDrive/Documentos/Pessoal/ITA/SAT/Competições/SATRace2019-2/Benchmark/size_5_5_5_i003_r12.cnf	3220	12314	972489	958069	2595522	71254487	36284	35497	787	       37.18	       -0.09	1278	302814	SAT	       68.09
86	cadical_v21	5	1280	C:/Users/cball/OneDrive/Documentos/Pessoal/ITA/SAT/Competições/SATRace2019-2/Benchmark/size_5_5_5_i044_r12.cnf	3220	12314	8790128	8656478	25132710	567866479	452480	448418	4062	       31.71	       -0.10	6642	4915249	SAT	     1295.61
87	cadical_v21	5	1280	C:/Users/cball/OneDrive/Documentos/Pessoal/ITA/SAT/Competições/SATRace2019-2/Benchmark/size_5_5_5_i063_r12.cnf	3220	12314	861347	847950	2514232	62784216	36195	35559	636	       35.40	       -0.10	1041	300277	SAT	       65.19
88	cadical_v21	5	1280	C:/Users/cball/OneDrive/Documentos/Pessoal/ITA/SAT/Competições/SATRace2019-2/Benchmark/size_5_5_5_i116_r12.cnf	3220	12314	2377004	2338353	7936804	167598739	128210	127016	1194	       31.63	       -0.11	1980	1226521	SAT	      252.66
89	cadical_v21	5	1280	C:/Users/cball/OneDrive/Documentos/Pessoal/ITA/SAT/Competições/SATRace2019-2/Benchmark/size_5_5_5_i171_r12.cnf	3220	12314	2493208	2455048	7388438	174300842	121338	119969	1369	       32.35	       -0.10	2246	1180542	SAT	      261.19
90	cadical_v21	5	1280	C:/Users/cball/OneDrive/Documentos/Pessoal/ITA/SAT/Competições/SATRace2019-2/Benchmark/size_5_5_5_i198_r12.cnf	3220	12314	3079629	3034258	8337714	227169544	127013	124870	2143	       35.67	       -0.09	3473	1215445	SAT	      348.53
91	cadical_v21	5	1280	C:/Users/cball/OneDrive/Documentos/Pessoal/ITA/SAT/Competições/SATRace2019-2/Benchmark/size_5_5_5_i218_r12.cnf	3220	12314	987521	973085	2586389	73465416	35758	34943	815	       37.25	       -0.08	1317	293196	SAT	       79.16
92	cadical_v21	5	1280	C:/Users/cball/OneDrive/Documentos/Pessoal/ITA/SAT/Competições/SATRace2019-2/Benchmark/size_5_5_5_i223_r12.cnf	3220	12314	3953827	3896820	10353870	294494635	141010	137790	3220	       39.32	       -0.08	5225	1163440	SAT	      530.67
93	cadical_v21	5	1280	C:/Users/cball/OneDrive/Documentos/Pessoal/ITA/SAT/Competições/SATRace2019-2/Benchmark/size_5_5_5_i235_r12.cnf	3220	12314	3511081	3459713	9223387	259688798	134653	131999	2654	       37.50	       -0.08	4317	1186598	SAT	      415.23
94	cadical_v21	5	1280	C:/Users/cball/OneDrive/Documentos/Pessoal/ITA/SAT/Competições/SATRace2019-2/Benchmark/size_5_5_5_i251_r12.cnf	3220	12314	10337879	10184000	29551587	689599884	477827	471800	6027	       34.17	       -0.09	9804	4795673	SAT	     1803.42
95	cadical_v21	5	1280	C:/Users/cball/OneDrive/Documentos/Pessoal/ITA/SAT/Competições/SATRace2019-2/Benchmark/size_5_5_5_i260_r12.cnf	3220	12314	9778309	9632892	29502284	681871493	508473	503092	5381	       33.51	       -0.10	8725	4619919	SAT	     1764.97
96	cadical_v21	5	1280	C:/Users/cball/OneDrive/Documentos/Pessoal/ITA/SAT/Competições/SATRace2019-2/Benchmark/size_5_5_5_i272_r12.cnf	3220	12314	9018107	8875414	28440482	640063194	486352	481855	4497	       34.51	       -0.11	7252	4856714	SAT	     1660.16
97	cadical_v21	5	1280	C:/Users/cball/OneDrive/Documentos/Pessoal/ITA/SAT/Competições/SATRace2019-2/Benchmark/slp-synthesis-aes-bottom13-sc2011.cnf	19995	62866	334518	326644	708676	80540321	11868	11642	226	       33.38	       -0.07	359	146168	UNSAT	       38.22
98	cadical_v21	5	1280	C:/Users/cball/OneDrive/Documentos/Pessoal/ITA/SAT/Competições/SATRace2019-2/Benchmark/slp-synthesis-aes-bottom18-sc2011.cnf	36410	115054	15893145	15600978	35630827	4222613676	445753	432792	12961	       64.43	       -0.06	21029	4667881	IND	     4997.27
99	cadical_v21	5	1280	C:/Users/cball/OneDrive/Documentos/Pessoal/ITA/SAT/Competições/SATRace2019-2/Benchmark/slp-synthesis-aes-bottom22-sc2011.cnf	53118	168346	14668440	14370406	45445115	5601380043	482326	470864	11462	       73.09	       -0.08	18584	4878331	IND	     4997.44
100	cadical_v21	5	1280	C:/Users/cball/OneDrive/Documentos/Pessoal/ITA/SAT/Competições/SATRace2019-2/Benchmark/slp-synthesis-aes-bottom26-sc2011.cnf	73074	231921	13289972	13002394	49704923	6413818492	490533	480895	9638	       83.08	       -0.09	15695	5078482	IND	     4995.70
101	cadical_v21	5	1280	C:/Users/cball/OneDrive/Documentos/Pessoal/ITA/SAT/Competições/SATRace2019-2/Benchmark/slp-synthesis-aes-top21-sc2011.cnf	51138	153348	19480095	19201215	30863129	2058393102	620432	607173	13259	       25.84	       -0.05	21711	7445784	IND	     4984.53
102	cadical_v21	5	1280	C:/Users/cball/OneDrive/Documentos/Pessoal/ITA/SAT/Competições/SATRace2019-2/Benchmark/slp-synthesis-aes-top26-sc2011.cnf	76943	231299	765062	748917	3114672	349255162	44684	44185	499	       45.83	       -0.14	830	372779	SAT	      140.45
103	cadical_v21	5	1280	C:/Users/cball/OneDrive/Documentos/Pessoal/ITA/SAT/Competições/SATRace2019-2/Benchmark/smtlib-qfbv-aigs-countbits128-tseitin-sc2011.cnf	95810	287043	5827874	5715818	15743980	2215574933	251930	248736	3194	       77.88	       -0.10	5310	3090325	UNSAT	     1280.55
104	cadical_v21	5	1280	C:/Users/cball/OneDrive/Documentos/Pessoal/ITA/SAT/Competições/SATRace2019-2/Benchmark/smulo032-sc2012.cnf	11785	35160	1388787	1361580	3225055	270938964	66618	65763	855	       27.68	       -0.10	1385	631621	UNSAT	      195.45
105	cadical_v21	5	1280	C:/Users/cball/OneDrive/Documentos/Pessoal/ITA/SAT/Competições/SATRace2019-2/Benchmark/snw_13_8_pre-sc2016.cnf	20446	689272	2018100	1969727	3560003	3945582362	89543	88773	770	       26.13	       -0.08	1301	1274360	UNSAT	     1852.64
106	cadical_v21	5	1280	C:/Users/cball/OneDrive/Documentos/Pessoal/ITA/SAT/Competições/SATRace2019-2/Benchmark/snw_16_8_nopre-sc2016.cnf	103136	4673415	1315186	1277749	2361973	6452150346	39936	39089	847	       27.39	       -0.07	1376	716820	UNSAT	     3567.80
107	cadical_v21	5	1280	C:/Users/cball/OneDrive/Documentos/Pessoal/ITA/SAT/Competições/SATRace2019-2/Benchmark/snw_16_8_pre-sc2016.cnf	76006	3192315	1112783	1083067	1902574	5480437032	28147	27358	789	       27.31	       -0.07	1319	490409	UNSAT	     2913.08
108	cadical_v21	5	1280	C:/Users/cball/OneDrive/Documentos/Pessoal/ITA/SAT/Competições/SATRace2019-2/Benchmark/sokoban-p16.sas.ex.15-sc2016.cnf	2343808	5010575	1378974	1240548	11329333	1506999577	27629	26671	958	      396.55	       -0.07	1486	1849739	UNSAT	     1562.47
109	cadical_v21	5	1280	C:/Users/cball/OneDrive/Documentos/Pessoal/ITA/SAT/Competições/SATRace2019-2/Benchmark/sokoban-p16.sas.ex.19-sc2016.cnf	2929760	6277585	3399112	3072670	32074178	4010684149	54894	51862	3032	      633.34	       -0.07	4596	4041800	IND	     4999.77
110	cadical_v21	5	1280	C:/Users/cball/OneDrive/Documentos/Pessoal/ITA/SAT/Competições/SATRace2019-2/Benchmark/sokoban-p16.sas.ex.21-sc2016.cnf	3222736	6910393	2248015	1978222	32472267	2797373308	53636	52308	1328	      565.65	       -0.09	2008	4527078	SAT	     3024.20
111	cadical_v21	5	1280	C:/Users/cball/OneDrive/Documentos/Pessoal/ITA/SAT/Competições/SATRace2019-2/Benchmark/sokoban-p16.sas.ex.23-sc2016.cnf	3515712	7543854	3504781	3141328	41158086	4360841425	55323	52173	3150	      686.63	       -0.07	4797	5131642	IND	     4999.81
112	cadical_v21	5	1280	C:/Users/cball/OneDrive/Documentos/Pessoal/ITA/SAT/Competições/SATRace2019-2/Benchmark/sokoban-p20.sas.cr.35-sc2016.cnf	172512	1477968	3191520	2798336	32594461	9285396524	53286	50720	2566	      716.00	       -0.07	3973	3339827	IND	     4999.77
113	cadical_v21	5	1280	C:/Users/cball/OneDrive/Documentos/Pessoal/ITA/SAT/Competições/SATRace2019-2/Benchmark/sokoban-p20.sas.ex.15-sc2016.cnf	2430976	5169846	3436817	3106641	36492424	3954014417	57373	54415	2958	      619.08	       -0.07	4553	4135128	IND	     4999.81
114	cadical_v21	5	1280	C:/Users/cball/OneDrive/Documentos/Pessoal/ITA/SAT/Competições/SATRace2019-2/Benchmark/sokoban-p20.sas.ex.17-sc2016.cnf	2734848	5821656	3504977	3148393	41572011	3959727541	57960	54760	3200	      657.95	       -0.07	4846	4942549	IND	     4999.73
115	cadical_v21	5	1280	C:/Users/cball/OneDrive/Documentos/Pessoal/ITA/SAT/Competições/SATRace2019-2/Benchmark/sokoban-p20.sas.ex.23-sc2016.cnf	3646464	7777501	3526881	3121381	50314681	4053581577	57717	54530	3187	      645.78	       -0.08	4848	6695844	IND	     4999.75
116	cadical_v21	5	1280	C:/Users/cball/OneDrive/Documentos/Pessoal/ITA/SAT/Competições/SATRace2019-2/Benchmark/squ_ali_s10x10_c39_abix_SAT-sc2017.cnf	1672	5262	779892	765643	1772740	57021540	36171	35638	533	       24.80	       -0.09	874	266664	SAT	       53.00
117	cadical_v21	5	1280	C:/Users/cball/OneDrive/Documentos/Pessoal/ITA/SAT/Competições/SATRace2019-2/Benchmark/squ_any_s09x07_c27_abio_UNS-sc2017.cnf	851	2702	7636754	7539170	10943847	259584081	368827	365565	3262	       17.72	       -0.06	5378	3963833	UNSAT	     1328.73
118	cadical_v21	5	1280	C:/Users/cball/OneDrive/Documentos/Pessoal/ITA/SAT/Competições/SATRace2019-2/Benchmark/srhd-sgi-m62-q1504.5-n60-p30-s88600538-sc2011.cnf	3651	926696	15136006	14879536	17954988	1877133180	265189	250656	14533	      204.56	       -0.02	21995	5352457	IND	     4999.06
119	cadical_v21	5	1280	C:/Users/cball/OneDrive/Documentos/Pessoal/ITA/SAT/Competições/SATRace2019-2/Benchmark/stable-400-0.1-4-9876543214004-sc2014.cnf	400	30664	17728341	17252944	22044824	467802519	322621	307805	14816	       80.72	       -0.04	23248	6766235	IND	     4999.88
120	cadical_v21	5	1280	C:/Users/cball/OneDrive/Documentos/Pessoal/ITA/SAT/Competições/SATRace2019-2/Benchmark/sted1_0x0-380-sc2018.cnf	13431	335655	8241059	7984021	29983551	3230661192	411487	408046	3441	       56.11	       -0.10	5593	4843732	IND	     4996.31
121	cadical_v21	5	1280	C:/Users/cball/OneDrive/Documentos/Pessoal/ITA/SAT/Competições/SATRace2019-2/Benchmark/stone-width3chain-nmarkers-20_shuffled-sc2016.cnf	3906	13611728	13861939	13672100	193897799	435873971	199617	182079	17538	       72.30	       -0.02	23933	76671503	IND	     4997.05
122	cadical_v21	5	1280	C:/Users/cball/OneDrive/Documentos/Pessoal/ITA/SAT/Competições/SATRace2019-2/Benchmark/sv-comp19_prop-reachsafety.25_stack_longest_false-unreach-call.i-witness.cnf	3738383	16651874	1833	1626	2108250	23026303	71	71	0	       20.67	       -0.22	1	3992	SAT	       54.08
123	cadical_v21	5	1280	C:/Users/cball/OneDrive/Documentos/Pessoal/ITA/SAT/Competições/SATRace2019-2/Benchmark/sv-comp19_prop-reachsafety.26_stack_cas_longer_false-unreach-call.i-witness.cnf	2633376	12055676	2483	2327	594857	17460821	126	126	0	      101.56	       -0.23	2	9823	SAT	       45.64
124	cadical_v21	5	1280	C:/Users/cball/OneDrive/Documentos/Pessoal/ITA/SAT/Competições/SATRace2019-2/Benchmark/sv-comp19_prop-reachsafety.barrier_3t_true-unreach-call.i-witness.cnf	9582411	46593859	35813	33030	4142231	469369886	1973	1967	6	      184.07	       -0.23	19	1475914	SAT	     1429.12
125	cadical_v21	5	1280	C:/Users/cball/OneDrive/Documentos/Pessoal/ITA/SAT/Competições/SATRace2019-2/Benchmark/sv-comp19_prop-reachsafety.fib_bench_longest_false-unreach-call.i-witness.cnf	33721	157681	1860383	1778142	7652859	597784655	63242	62399	843	       72.25	       -0.10	1372	1524189	SAT	      346.39
126	cadical_v21	5	1280	C:/Users/cball/OneDrive/Documentos/Pessoal/ITA/SAT/Competições/SATRace2019-2/Benchmark/sv-comp19_prop-reachsafety.newton_2_2_true-unreach-call_true-termination.i-witness.cnf	110108	506714	330008	321103	636829	1598338600	15517	15291	226	       97.24	       -0.06	359	166525	UNSAT	      421.06
127	cadical_v21	5	1280	C:/Users/cball/OneDrive/Documentos/Pessoal/ITA/SAT/Competições/SATRace2019-2/Benchmark/sv-comp19_prop-reachsafety.newton_2_3_true-unreach-call_true-termination.i-witness.cnf	110108	506718	255028	247287	547263	1135639066	4940	4709	231	       77.52	       -0.07	364	117231	UNSAT	      327.59
128	cadical_v21	5	1280	C:/Users/cball/OneDrive/Documentos/Pessoal/ITA/SAT/Competições/SATRace2019-2/Benchmark/sv-comp19_prop-reachsafety.newton_2_4_true-unreach-call_true-termination.i-witness.cnf	110108	506714	274166	266329	566528	1293410357	7067	6848	219	       96.01	       -0.07	352	133975	UNSAT	      398.64
129	cadical_v21	5	1280	C:/Users/cball/OneDrive/Documentos/Pessoal/ITA/SAT/Competições/SATRace2019-2/Benchmark/sv-comp19_prop-reachsafety.newton_2_6_false-unreach-call_true-termination.i-witness.cnf	110108	506718	62656	60046	138188	166166696	673	623	50	       83.55	       -0.07	84	34150	SAT	       62.41
130	cadical_v21	5	1280	C:/Users/cball/OneDrive/Documentos/Pessoal/ITA/SAT/Competições/SATRace2019-2/Benchmark/sv-comp19_prop-reachsafety.newton_2_8_false-unreach-call_true-termination.i-witness.cnf	110079	506624	69215	66622	207528	191113182	2352	2303	49	      101.93	       -0.10	83	41411	SAT	       73.39
131	cadical_v21	5	1280	C:/Users/cball/OneDrive/Documentos/Pessoal/ITA/SAT/Competições/SATRace2019-2/Benchmark/sv-comp19_prop-reachsafety.newton_3_6_false-unreach-call_true-termination.i-witness.cnf	164916	759313	162096	155038	564008	413794447	6140	6053	87	      108.10	       -0.12	149	125766	SAT	      161.94
132	cadical_v21	5	1280	C:/Users/cball/OneDrive/Documentos/Pessoal/ITA/SAT/Competições/SATRace2019-2/Benchmark/sv-comp19_prop-reachsafety.newton_3_7_false-unreach-call_true-termination.i-witness.cnf	164915	759314	116352	110949	357158	356576828	3952	3906	46	       72.95	       -0.11	80	122903	SAT	      132.66
133	cadical_v21	5	1280	C:/Users/cball/OneDrive/Documentos/Pessoal/ITA/SAT/Competições/SATRace2019-2/Benchmark/sv-comp19_prop-reachsafety.newton_3_8_false-unreach-call_true-termination.i-witness.cnf	164887	759228	320421	307547	766128	1269981110	9119	8913	206	      106.52	       -0.08	339	211440	SAT	      395.95
134	cadical_v21	5	1280	C:/Users/cball/OneDrive/Documentos/Pessoal/ITA/SAT/Competições/SATRace2019-2/Benchmark/sv-comp19_prop-reachsafety.queue_longer_false-unreach-call.i-witness.cnf	8043699	39376148	11680	11214	2104536	82573133	288	285	3	       50.95	       -0.18	9	18521	SAT	      854.09
135	cadical_v21	5	1280	C:/Users/cball/OneDrive/Documentos/Pessoal/ITA/SAT/Competições/SATRace2019-2/Benchmark/sv-comp19_prop-reachsafety.race-4_2-thread_local_vars_false-unreach-call.i-witness.cnf	693001	3661576	9619	8924	1045295	23276745	477	477	0	       28.18	       -0.21	5	801333	SAT	       51.72
136	cadical_v21	5	1280	C:/Users/cball/OneDrive/Documentos/Pessoal/ITA/SAT/Competições/SATRace2019-2/Benchmark/sv-comp19_prop-reachsafety.sigma_false-unreach-call.i-witness.cnf	1094922	5009021	588264	560845	14010111	1516383473	47785	47615	170	       54.56	       -0.26	364	1163091	SAT	      633.83
137	cadical_v21	5	1280	C:/Users/cball/OneDrive/Documentos/Pessoal/ITA/SAT/Competições/SATRace2019-2/Benchmark/sv-comp19_prop-reachsafety.sine_8_true-unreach-call_true-termination.i-witness.cnf	26421	122125	30001	29066	63366	75919225	2189	2180	9	       51.87	       -0.09	18	20725	UNSAT	       22.92
138	cadical_v21	5	1280	C:/Users/cball/OneDrive/Documentos/Pessoal/ITA/SAT/Competições/SATRace2019-2/Benchmark/sv-comp19_prop-reachsafety.square_5_true-unreach-call_true-termination.i-witness.cnf	26275	121056	125795	122990	160015	391259253	4907	4853	54	       50.44	       -0.04	88	80871	UNSAT	      102.81
139	cadical_v21	5	1280	C:/Users/cball/OneDrive/Documentos/Pessoal/ITA/SAT/Competições/SATRace2019-2/Benchmark/sv-comp19_prop-reachsafety.triangular-longer_false-unreach-call.i-witness.cnf	20965	93387	6998691	6654284	24387141	865213449	230544	226937	3607	       55.69	       -0.09	5719	6852863	SAT	      988.33
140	cadical_v21	5	1280	C:/Users/cball/OneDrive/Documentos/Pessoal/ITA/SAT/Competições/SATRace2019-2/Benchmark/test_v7_r12_vr10_c1_s18160.smt2-stp212-sc2016.cnf	314295	1258522	5915901	5746392	21098993	9523916224	284634	281485	3149	       63.19	       -0.15	5264	4242151	IND	     4996.91
141	cadical_v21	5	1280	C:/Users/cball/OneDrive/Documentos/Pessoal/ITA/SAT/Competições/SATRace2019-2/Benchmark/total-10-15-s-sc2007.cnf	270120	1227441	231314	219802	702191	230045626	3409	3229	180	      184.99	       -0.04	295	99889	SAT	       91.36
142	cadical_v21	5	1280	C:/Users/cball/OneDrive/Documentos/Pessoal/ITA/SAT/Competições/SATRace2019-2/Benchmark/total-10-15-u-sc2007.cnf	269416	1214079	21308046	20924658	39139810	5811403254	727435	713438	13997	       42.36	       -0.06	22442	8845171	IND	     4997.44
143	cadical_v21	5	1280	C:/Users/cball/OneDrive/Documentos/Pessoal/ITA/SAT/Competições/SATRace2019-2/Benchmark/toughsat_22bits_0.cnf	600	16790	408143	405413	639044	35151796	26095	25881	214	       21.12	       -0.06	348	174203	SAT	       64.89
144	cadical_v21	5	1280	C:/Users/cball/OneDrive/Documentos/Pessoal/ITA/SAT/Competições/SATRace2019-2/Benchmark/toughsat_22bits_1.cnf	600	16668	270564	268309	431235	19306487	10740	10508	232	       20.77	       -0.06	365	78502	SAT	       36.53
145	cadical_v21	5	1280	C:/Users/cball/OneDrive/Documentos/Pessoal/ITA/SAT/Competições/SATRace2019-2/Benchmark/toughsat_23bits_0.cnf	679	18374	537267	531799	997152	46391672	33475	33202	273	       20.58	       -0.08	427	267822	SAT	       90.81
146	cadical_v21	5	1280	C:/Users/cball/OneDrive/Documentos/Pessoal/ITA/SAT/Competições/SATRace2019-2/Benchmark/toughsat_23bits_1.cnf	679	18401	432687	428448	776879	34187324	27061	26841	220	       21.05	       -0.08	354	203695	SAT	       56.19
147	cadical_v21	5	1280	C:/Users/cball/OneDrive/Documentos/Pessoal/ITA/SAT/Competições/SATRace2019-2/Benchmark/toughsat_23bits_2.cnf	679	18422	1034329	1027772	1508014	105616958	37490	36575	915	       21.57	       -0.05	1444	271263	SAT	      234.69
148	cadical_v21	5	1280	C:/Users/cball/OneDrive/Documentos/Pessoal/ITA/SAT/Competições/SATRace2019-2/Benchmark/toughsat_23bits_3.cnf	679	18292	749219	743897	1169995	71904796	35864	35306	558	       21.38	       -0.06	876	258612	SAT	      140.67
149	cadical_v21	5	1280	C:/Users/cball/OneDrive/Documentos/Pessoal/ITA/SAT/Competições/SATRace2019-2/Benchmark/toughsat_24bits_0.cnf	686	19093	752357	746450	1220018	68386548	35633	35073	560	       21.19	       -0.06	880	262113	SAT	      135.39
150	cadical_v21	5	1280	C:/Users/cball/OneDrive/Documentos/Pessoal/ITA/SAT/Competições/SATRace2019-2/Benchmark/toughsat_24bits_1.cnf	687	19618	130147	128342	284909	7804778	8792	8736	56	       19.95	       -0.11	93	70339	SAT	        9.62
151	cadical_v21	5	1280	C:/Users/cball/OneDrive/Documentos/Pessoal/ITA/SAT/Competições/SATRace2019-2/Benchmark/toughsat_24bits_2.cnf	686	19096	1204386	1195857	1819961	125667105	49259	48387	872	       20.97	       -0.05	1402	410875	SAT	      265.41
152	cadical_v21	5	1280	C:/Users/cball/OneDrive/Documentos/Pessoal/ITA/SAT/Competições/SATRace2019-2/Benchmark/toughsat_24bits_3.cnf	687	19681	843830	837371	1330779	78184568	34424	33738	686	       22.09	       -0.05	1077	267887	SAT	      154.39
153	cadical_v21	5	1280	C:/Users/cball/OneDrive/Documentos/Pessoal/ITA/SAT/Competições/SATRace2019-2/Benchmark/toughsat_25bits_0.cnf	827	20662	659268	653562	1155676	63454502	35533	35088	445	       22.66	       -0.07	693	262713	SAT	      102.98
154	cadical_v21	5	1280	C:/Users/cball/OneDrive/Documentos/Pessoal/ITA/SAT/Competições/SATRace2019-2/Benchmark/toughsat_25bits_1.cnf	827	20629	2725692	2706331	4553072	315002154	148620	146867	1753	       24.01	       -0.06	2808	998064	SAT	     1004.06
155	cadical_v21	5	1280	C:/Users/cball/OneDrive/Documentos/Pessoal/ITA/SAT/Competições/SATRace2019-2/Benchmark/toughsat_25bits_2.cnf	827	20669	1452696	1439127	2594166	150167934	80038	79113	925	       23.17	       -0.07	1454	585916	SAT	      361.81
156	cadical_v21	5	1280	C:/Users/cball/OneDrive/Documentos/Pessoal/ITA/SAT/Competições/SATRace2019-2/Benchmark/toughsat_25bits_3.cnf	827	20730	194933	193004	333938	16098698	9263	9100	163	       22.12	       -0.07	250	67106	SAT	       19.17
157	cadical_v21	5	1280	C:/Users/cball/OneDrive/Documentos/Pessoal/ITA/SAT/Competições/SATRace2019-2/Benchmark/toughsat_26bits_0.cnf	895	20751	2965692	2946165	4513764	359055096	137337	135153	2184	       25.36	       -0.05	3424	1038522	SAT	     1006.48
158	cadical_v21	5	1280	C:/Users/cball/OneDrive/Documentos/Pessoal/ITA/SAT/Competições/SATRace2019-2/Benchmark/toughsat_26bits_1.cnf	895	20847	2278515	2260344	3835872	237444606	138207	136961	1246	       25.52	       -0.06	1955	1026187	SAT	      715.53
159	cadical_v21	5	1280	C:/Users/cball/OneDrive/Documentos/Pessoal/ITA/SAT/Competições/SATRace2019-2/Benchmark/toughsat_26bits_2.cnf	895	20756	2400631	2382472	3938079	275649775	136623	135302	1321	       25.52	       -0.06	2124	1042040	SAT	      769.73
160	cadical_v21	5	1280	C:/Users/cball/OneDrive/Documentos/Pessoal/ITA/SAT/Competições/SATRace2019-2/Benchmark/toughsat_26bits_3.cnf	895	20818	1603228	1589280	2822444	173994632	94062	93157	905	       24.40	       -0.07	1435	699039	SAT	      412.11
161	cadical_v21	5	1280	C:/Users/cball/OneDrive/Documentos/Pessoal/ITA/SAT/Competições/SATRace2019-2/Benchmark/toughsat_27bits_0.cnf	984	22937	5729514	5687960	10642863	789396845	266623	262942	3681	       29.47	       -0.06	5794	2387819	SAT	     2848.36
162	cadical_v21	5	1280	C:/Users/cball/OneDrive/Documentos/Pessoal/ITA/SAT/Competições/SATRace2019-2/Benchmark/toughsat_28bits_0.cnf	1046	22804	7485647	7432195	13770627	1007723569	455131	451349	3782	       28.66	       -0.07	5895	3650017	SAT	     4601.55
163	cadical_v21	5	1280	C:/Users/cball/OneDrive/Documentos/Pessoal/ITA/SAT/Competições/SATRace2019-2/Benchmark/toughsat_29bits_0.cnf	1085	25464	9050908	8974866	18749711	1137092514	479706	475017	4689	       31.54	       -0.07	7468	4372419	IND	     4999.78
164	cadical_v21	5	1280	C:/Users/cball/OneDrive/Documentos/Pessoal/ITA/SAT/Competições/SATRace2019-2/Benchmark/toughsat_30bits_0.cnf	1110	27596	9505879	9430229	19314893	1116083365	494267	488637	5630	       32.49	       -0.07	8760	4331109	IND	     4999.80
165	cadical_v21	5	1280	C:/Users/cball/OneDrive/Documentos/Pessoal/ITA/SAT/Competições/SATRace2019-2/Benchmark/tseitingrid7x160_shuffled-sc2016.cnf	