ID	version	restart base fast	restart base slow	file	vars	clauses	conflicts	learned	decisions	propagations	restarts	restarts unstable	restarts stable	learned avg. size	learnt stack avg	learnt stack stable counter	learnt stack unstable counter	answer	cpu time
1	cadical_v21	10	320	C:/Users/cball/OneDrive/Documentos/Pessoal/ITA/SAT/Competições/SATRace2015-Sample/Benchmark/002-80-4.cnf	13408	308391	2046356	1989562	57435277	273042809	132424	130877	1547	       23.27	       -0.29	3613	10060283	SAT	      214.06
2	cadical_v21	10	320	C:/Users/cball/OneDrive/Documentos/Pessoal/ITA/SAT/Competições/SATRace2015-Sample/Benchmark/004-80-8.cnf	13408	308391	4425922	4335498	61611392	1305780435	166971	158539	8432	      108.41	       -0.15	16605	7887723	SAT	     1422.44
3	cadical_v21	10	320	C:/Users/cball/OneDrive/Documentos/Pessoal/ITA/SAT/Competições/SATRace2015-Sample/Benchmark/007-80-8.cnf	13408	308391	3056957	2976174	61737472	528161928	138200	133219	4981	       57.97	       -0.22	10058	9588441	SAT	      454.11
4	cadical_v21	10	320	C:/Users/cball/OneDrive/Documentos/Pessoal/ITA/SAT/Competições/SATRace2015-Sample/Benchmark/010-80-12.cnf	13408	308391	3154335	3068206	61428590	695403638	133707	128234	5473	       78.76	       -0.21	10829	10111273	SAT	      625.44
5	cadical_v21	10	320	C:/Users/cball/OneDrive/Documentos/Pessoal/ITA/SAT/Competições/SATRace2015-Sample/Benchmark/11pipe_k.cnf	89315	5584002	1305694	1254038	11097064	1853718618	35091	32336	2755	      170.61	       -0.09	4760	3381157	UNSAT	      801.39
6	cadical_v21	10	320	C:/Users/cball/OneDrive/Documentos/Pessoal/ITA/SAT/Competições/SATRace2015-Sample/Benchmark/38bits_10.dimacs.cnf	448	12700	109573	108565	174875	6420172	6939	6740	199	       17.59	       -0.07	323	52093	SAT	       10.20
7	cadical_v21	10	320	C:/Users/cball/OneDrive/Documentos/Pessoal/ITA/SAT/Competições/SATRace2015-Sample/Benchmark/46bits_11.dimacs.cnf	689	16922	923292	917411	1354214	90374731	37850	35167	2683	       22.19	       -0.05	4397	260274	SAT	      178.91
8	cadical_v21	10	320	C:/Users/cball/OneDrive/Documentos/Pessoal/ITA/SAT/Competições/SATRace2015-Sample/Benchmark/50bits_10.dimacs.cnf	842	19430	2688254	2670790	4377991	333783707	144942	138841	6101	       25.09	       -0.06	9995	1024392	SAT	      937.17
9	cadical_v21	10	320	C:/Users/cball/OneDrive/Documentos/Pessoal/ITA/SAT/Competições/SATRace2015-Sample/Benchmark/62bits_14.dimacs.cnf	1164	28980	10336667	10252255	19143396	1241827906	509569	487195	22374	       33.57	       -0.06	36719	4361122	IND	     4999.38
10	cadical_v21	10	320	C:/Users/cball/OneDrive/Documentos/Pessoal/ITA/SAT/Competições/SATRace2015-Sample/Benchmark/6s13-opt.cnf	52436	151783	2262596	2232008	9085051	423107661	142743	139118	3625	       25.30	       -0.11	6284	1672412	UNSAT	      288.92
11	cadical_v21	10	320	C:/Users/cball/OneDrive/Documentos/Pessoal/ITA/SAT/Competições/SATRace2015-Sample/Benchmark/6s130-opt.cnf	49370	144360	2005936	1974451	12808858	415254368	143509	140782	2727	       21.54	       -0.13	4748	2080952	UNSAT	      249.59
12	cadical_v21	10	320	C:/Users/cball/OneDrive/Documentos/Pessoal/ITA/SAT/Competições/SATRace2015-Sample/Benchmark/6s165-nonopt.cnf	3295	9585	207161	204333	498556	16137948	8625	8065	560	       28.42	       -0.08	921	71921	UNSAT	       11.80
13	cadical_v21	10	320	C:/Users/cball/OneDrive/Documentos/Pessoal/ITA/SAT/Competições/SATRace2015-Sample/Benchmark/ACG-15-10p0.cnf	262253	1120813	438273	345962	2745532	2808543447	10782	10074	708	      199.60	       -0.08	1191	505766	UNSAT	      542.83
14	cadical_v21	10	320	C:/Users/cball/OneDrive/Documentos/Pessoal/ITA/SAT/Competições/SATRace2015-Sample/Benchmark/ACG-20-10p1.cnf	381708	1618887	624372	504016	5026097	5222516269	18209	17115	1094	      256.66	       -0.10	1915	676250	SAT	     1083.38
15	cadical_v21	10	320	C:/Users/cball/OneDrive/Documentos/Pessoal/ITA/SAT/Competições/SATRace2015-Sample/Benchmark/AProVE07-03.cnf	3114	10580	1779736	1752423	3463118	187999583	69364	66430	2934	       46.80	       -0.06	4944	1012320	UNSAT	      229.53
16	cadical_v21	10	320	C:/Users/cball/OneDrive/Documentos/Pessoal/ITA/SAT/Competições/SATRace2015-Sample/Benchmark/AProVE09-06.cnf	77262	262886	175473	169037	454665	347983049	10044	9683	361	       48.54	       -0.12	630	69782	SAT	       76.23
17	cadical_v21	10	320	C:/Users/cball/OneDrive/Documentos/Pessoal/ITA/SAT/Competições/SATRace2015-Sample/Benchmark/E02F22.cnf	13574	1300429	1009336	965889	3185340	403494875	28758	26162	2596	       89.37	       -0.09	4573	397397	SAT	      358.41
18	cadical_v21	10	320	C:/Users/cball/OneDrive/Documentos/Pessoal/ITA/SAT/Competições/SATRace2015-Sample/Benchmark/MD5-29-2.cnf	8590	65066	16530129	16097867	187510261	2715204616	418605	379485	39120	      105.15	       -0.15	71607	22802929	IND	     4999.50
19	cadical_v21	10	320	C:/Users/cball/OneDrive/Documentos/Pessoal/ITA/SAT/Competições/SATRace2015-Sample/Benchmark/MD5-30-5.cnf	8905	67838	16021159	15604742	180445838	2825774848	409758	371801	37957	      119.18	       -0.15	69363	24451117	IND	     4999.42
20	cadical_v21	10	320	C:/Users/cball/OneDrive/Documentos/Pessoal/ITA/SAT/Competições/SATRace2015-Sample/Benchmark/SAT_dat.k80-24_1_rule_1.cnf	1295022	5034037	1378308	1337627	6148700	4511907048	86285	83803	2482	       55.46	       -0.15	4508	971392	UNSAT	     1286.56
21	cadical_v21	10	320	C:/Users/cball/OneDrive/Documentos/Pessoal/ITA/SAT/Competições/SATRace2015-Sample/Benchmark/SAT_dat.k90.debugged.cnf	1458392	5670187	1593421	1547198	7159470	5529419002	102281	99831	2450	       37.52	       -0.16	4480	1371268	UNSAT	     1549.22
22	cadical_v21	10	320	C:/Users/cball/OneDrive/Documentos/Pessoal/ITA/SAT/Competições/SATRace2015-Sample/Benchmark/SAT_dat.k95-24_1_rule_3.cnf	1540071	5988250	1705142	1659734	7520766	5880961289	105834	103393	2441	       27.23	       -0.16	4471	1845625	UNSAT	     1656.72
23	cadical_v21	10	320	C:/Users/cball/OneDrive/Documentos/Pessoal/ITA/SAT/Competições/SATRace2015-Sample/Benchmark/UCG-15-10p1.cnf	200003	1008302	424300	343362	2597031	1457276080	9595	8872	723	      225.09	       -0.08	1211	499201	SAT	      354.05
24	cadical_v21	10	320	C:/Users/cball/OneDrive/Documentos/Pessoal/ITA/SAT/Competições/SATRace2015-Sample/Benchmark/UCG-20-10p1.cnf	259258	1373987	533398	429017	4311806	2070968278	16601	15839	762	      235.51	       -0.10	1317	658119	SAT	      521.30
25	cadical_v21	10	320	C:/Users/cball/OneDrive/Documentos/Pessoal/ITA/SAT/Competições/SATRace2015-Sample/Benchmark/UR-15-10p1.cnf	199996	1008281	526762	421064	4606892	1363442616	18261	17511	750	      277.43	       -0.10	1285	660034	SAT	      385.23
26	cadical_v21	10	320	C:/Users/cball/OneDrive/Documentos/Pessoal/ITA/SAT/Competições/SATRace2015-Sample/Benchmark/UR-20-10p0.cnf	258781	1358076	2088215	1730539	17453250	7172963296	71997	69085	2912	      293.53	       -0.10	5008	2460435	UNSAT	     2313.81
27	cadical_v21	10	320	C:/Users/cball/OneDrive/Documentos/Pessoal/ITA/SAT/Competições/SATRace2015-Sample/Benchmark/UTI-20-10p1.cnf	260342	1377238	1997738	1799985	13915929	3420116956	79810	77091	2719	      221.95	       -0.10	4713	1933889	SAT	     1277.27
28	cadical_v21	10	320	C:/Users/cball/OneDrive/Documentos/Pessoal/ITA/SAT/Competições/SATRace2015-Sample/Benchmark/UTI-20-5p1.cnf	225926	1195096	1312746	1209225	7336168	1548533090	45477	42878	2599	      141.96	       -0.11	4605	879627	SAT	      579.22
29	cadical_v21	10	320	C:/Users/cball/OneDrive/Documentos/Pessoal/ITA/SAT/Competições/SATRace2015-Sample/Benchmark/aaai10-planning-ipc5-TPP-21-step11.cnf	99736	783852	602235	572911	1848520	2139921087	20356	19336	1020	       97.98	       -0.08	1792	386518	UNSAT	      375.88
30	cadical_v21	10	320	C:/Users/cball/OneDrive/Documentos/Pessoal/ITA/SAT/Competições/SATRace2015-Sample/Benchmark/aaai10-planning-ipc5-pathways-13-step17.cnf	25631	141997	992053	969453	2308377	457310130	25088	22409	2679	       54.59	       -0.06	4599	342116	UNSAT	      158.56
31	cadical_v21	10	320	C:/Users/cball/OneDrive/Documentos/Pessoal/ITA/SAT/Competições/SATRace2015-Sample/Benchmark/aes_24_4_keyfind_5.cnf	520	5760	11591636	11579163	12541181	792694821	480411	450766	29645	       26.30	       -0.01	47634	4235837	IND	     4999.36
32	cadical_v21	10	320	C:/Users/cball/OneDrive/Documentos/Pessoal/ITA/SAT/Competições/SATRace2015-Sample/Benchmark/aes_32_3_keyfind_1.cnf	708	2540	6397213	6387078	7581155	461244462	317910	305057	12853	       30.62	       -0.02	20877	2851107	SAT	     1399.45
33	cadical_v21	10	320	C:/Users/cball/OneDrive/Documentos/Pessoal/ITA/SAT/Competições/SATRace2015-Sample/Benchmark/aes_id.cnf	325041	1161166	930517	922227	2836105	10132971377	17853	15356	2497	       87.80	       -0.04	4239	579580	IND	     4999.25
34	cadical_v21	10	320	C:/Users/cball/OneDrive/Documentos/Pessoal/ITA/SAT/Competições/SATRace2015-Sample/Benchmark/atco_enc1_opt1_04_32.cnf	57220	558589	161331	155914	1413542	177256332	16119	15827	292	       26.10	       -0.23	520	119835	SAT	       71.06
35	cadical_v21	10	320	C:/Users/cball/OneDrive/Documentos/Pessoal/ITA/SAT/Competições/SATRace2015-Sample/Benchmark/atco_enc2_opt2_20_11.cnf	167075	6549347	1129220	1117374	1800239	690021373	36242	33324	2918	       25.11	       -0.05	4931	370724	UNSAT	      682.14
36	cadical_v21	10	320	C:/Users/cball/OneDrive/Documentos/Pessoal/ITA/SAT/Competições/SATRace2015-Sample/Benchmark/atco_enc3_opt2_18_44.cnf	1322728	5284254	13621	13164	170105	459384467	884	859	25	       17.00	       -0.16	51	4882	SAT	      104.17
37	cadical_v21	10	320	C:/Users/cball/OneDrive/Documentos/Pessoal/ITA/SAT/Competições/SATRace2015-Sample/Benchmark/beempgsol5b1.cnf	26455	76533	2468495	2433269	5740517	844845594	98532	93625	4907	       62.19	       -0.07	8160	1244851	UNSAT	      615.61
38	cadical_v21	10	320	C:/Users/cball/OneDrive/Documentos/Pessoal/ITA/SAT/Competições/SATRace2015-Sample/Benchmark/bjrb07amba10andenv.cnf	196289	588609	766450	754997	2187107	1069714141	40894	39131	1763	       14.42	       -0.11	3022	336897	UNSAT	      354.08
39	cadical_v21	10	320	C:/Users/cball/OneDrive/Documentos/Pessoal/ITA/SAT/Competições/SATRace2015-Sample/Benchmark/bob12m09-opt.cnf	51144	152445	476629	468002	1481553	248850818	32408	31667	741	       24.44	       -0.10	1243	324411	UNSAT	       89.08
40	cadical_v21	10	320	C:/Users/cball/OneDrive/Documentos/Pessoal/ITA/SAT/Competições/SATRace2015-Sample/Benchmark/complete-400-0.1-3-9876543214003.cnf	800	47369	0	0	0	0	0	0	0	        0.00	        0.00	0	0	SAT	        0.20
41	cadical_v21	10	320	C:/Users/cball/OneDrive/Documentos/Pessoal/ITA/SAT/Competições/SATRace2015-Sample/Benchmark/complete-500-0.1-15-98765432150015.cnf	1000	74037	0	0	0	0	0	0	0	        0.00	        0.00	0	0	SAT	        0.38
42	cadical_v21	10	320	C:/Users/cball/OneDrive/Documentos/Pessoal/ITA/SAT/Competições/SATRace2015-Sample/Benchmark/countbitssrl032.cnf	18607	55722	338426	332791	672230	162555434	13511	12762	749	       37.33	       -0.07	1251	150234	UNSAT	       70.66
43	cadical_v21	10	320	C:/Users/cball/OneDrive/Documentos/Pessoal/ITA/SAT/Competições/SATRace2015-Sample/Benchmark/dated-10-17-u.cnf	229544	1051601	6208869	6087628	9611985	942620221	237589	225749	11840	       25.87	       -0.05	19869	3054985	UNSAT	      745.70
44	cadical_v21	10	320	C:/Users/cball/OneDrive/Documentos/Pessoal/ITA/SAT/Competições/SATRace2015-Sample/Benchmark/dated-5-13-u.cnf	138808	614789	8313634	8159867	13093761	833799255	388023	375645	12378	       27.16	       -0.06	20770	4524477	UNSAT	     1250.70
45	cadical_v21	10	320	C:/Users/cball/OneDrive/Documentos/Pessoal/ITA/SAT/Competições/SATRace2015-Sample/Benchmark/dimacs.cnf	2835	9746	2815342	2766445	5925144	411235503	149250	142651	6599	       28.78	       -0.07	10866	983656	UNSAT	     1971.44
46	cadical_v21	10	320	C:/Users/cball/OneDrive/Documentos/Pessoal/ITA/SAT/Competições/SATRace2015-Sample/Benchmark/grieu-vmpc-31.cnf	961	146909	11786344	11386815	24066692	1407240272	322972	294074	28898	       52.37	       -0.06	47325	8169890	IND	     4998.33
47	cadical_v21	10	320	C:/Users/cball/OneDrive/Documentos/Pessoal/ITA/SAT/Competições/SATRace2015-Sample/Benchmark/group_mulr.cnf	1052072	4612280	4831	4722	31599	6540223	27	22	5	       27.61	       -0.12	12	25161	UNSAT	       37.50
48	cadical_v21	10	320	C:/Users/cball/OneDrive/Documentos/Pessoal/ITA/SAT/Competições/SATRace2015-Sample/Benchmark/gss-19-s100.cnf	31435	94348	111218	111093	114702	533977698	3039	2845	194	       31.38	       -0.00	319	61547	SAT	      134.30
49	cadical_v21	10	320	C:/Users/cball/OneDrive/Documentos/Pessoal/ITA/SAT/Competições/SATRace2015-Sample/Benchmark/hitag2-10-60-0-0x8edc44db7837bbf-65.cnf	2271	30201	9811227	9752805	13294626	553415333	439955	420369	19586	       20.25	       -0.04	32393	4292368	UNSAT	     2766.84
50	cadical_v21	10	320	C:/Users/cball/OneDrive/Documentos/Pessoal/ITA/SAT/Competições/SATRace2015-Sample/Benchmark/hitag2-10-60-0-0xe14721bd199894a-99.cnf	2294	30304	14888830	14811455	18176228	761896592	444179	401928	42251	       21.29	       -0.02	70013	4350199	UNSAT	     4153.23
51	cadical_v21	10	320	C:/Users/cball/OneDrive/Documentos/Pessoal/ITA/SAT/Competições/SATRace2015-Sample/Benchmark/hwmcc10-timeframe-expansion-k45-pdtvisns3p02-tseitin.cnf	163622	488118	4340051	4255741	12871197	1562153424	173528	162396	11132	       33.67	       -0.10	19200	1750922	UNSAT	     1218.08
52	cadical_v21	10	320	C:/Users/cball/OneDrive/Documentos/Pessoal/ITA/SAT/Competições/SATRace2015-Sample/Benchmark/hwmcc10-timeframe-expansion-k50-pdtvisns3p00-tseitin.cnf	183325	546912	4241070	4152442	13855046	1637820577	163666	152836	10830	       39.01	       -0.11	18908	1889200	UNSAT	     1179.48
53	cadical_v21	10	320	C:/Users/cball/OneDrive/Documentos/Pessoal/ITA/SAT/Competições/SATRace2015-Sample/Benchmark/itox_vc1130.cnf	152428	429691	1181	1139	36385	1380077	24	24	0	       18.78	       -0.24	1	10479	SAT	        1.31
54	cadical_v21	10	320	C:/Users/cball/OneDrive/Documentos/Pessoal/ITA/SAT/Competições/SATRace2015-Sample/Benchmark/jgiraldezlevy.2200.9086.08.40.149.cnf	2200	9086	163260	158104	691311	33273414	15267	14964	303	       22.14	       -0.18	536	61650	SAT	       15.59
55	cadical_v21	10	320	C:/Users/cball/OneDrive/Documentos/Pessoal/ITA/SAT/Competições/SATRace2015-Sample/Benchmark/jgiraldezlevy.2200.9086.08.40.2.cnf	2200	9086	2152051	2097263	5445851	387650537	121869	118503	3366	       27.19	       -0.10	5687	1111296	SAT	      459.92
56	cadical_v21	10	320	C:/Users/cball/OneDrive/Documentos/Pessoal/ITA/SAT/Competições/SATRace2015-Sample/Benchmark/jgiraldezlevy.2200.9086.08.40.28.cnf	2200	9086	2463460	2401055	5874838	435910903	120599	116034	4565	       28.71	       -0.09	7806	1127682	SAT	      493.11
57	cadical_v21	10	320	C:/Users/cball/OneDrive/Documentos/Pessoal/ITA/SAT/Competições/SATRace2015-Sample/Benchmark/jgiraldezlevy.2200.9086.08.40.83.cnf	2200	9086	163063	157638	799966	33153758	16080	15765	315	       24.04	       -0.19	549	59648	SAT	       15.83
58	cadical_v21	10	320	C:/Users/cball/OneDrive/Documentos/Pessoal/ITA/SAT/Competições/SATRace2015-Sample/Benchmark/k2fix_gr_rcs_w9.shuffled.cnf	11313	305160	252114	249379	345194	37562018	2940	2198	742	       31.65	       -0.04	1235	87300	UNSAT	       30.44
59	cadical_v21	10	320	C:/Users/cball/OneDrive/Documentos/Pessoal/ITA/SAT/Competições/SATRace2015-Sample/Benchmark/manol-pipe-c10nid_i.cnf	252516	750876	703229	685975	5293735	220402549	23255	21988	1267	       24.50	       -0.13	2347	1704968	UNSAT	      104.08
60	cadical_v21	10	320	C:/Users/cball/OneDrive/Documentos/Pessoal/ITA/SAT/Competições/SATRace2015-Sample/Benchmark/manthey_DimacsSorterHalf_30_0.cnf	3612	11612	238883	234614	370109	53611000	6557	5870	687	       35.64	       -0.05	1140	73146	SAT	       25.25
61	cadical_v21	10	320	C:/Users/cball/OneDrive/Documentos/Pessoal/ITA/SAT/Competições/SATRace2015-Sample/Benchmark/manthey_DimacsSorterHalf_35_9.cnf	8300	28853	3178446	3120638	5274447	1048309205	101325	93226	8099	       43.44	       -0.06	13425	1167188	SAT	      693.67
62	cadical_v21	10	320	C:/Users/cball/OneDrive/Documentos/Pessoal/ITA/SAT/Competições/SATRace2015-Sample/Benchmark/manthey_DimacsSorterHalf_37_6.cnf	7665	26841	863723	845221	1684487	325954852	21255	18923	2332	       76.27	       -0.05	3865	309583	SAT	      156.58
63	cadical_v21	10	320	C:/Users/cball/OneDrive/Documentos/Pessoal/ITA/SAT/Competições/SATRace2015-Sample/Benchmark/manthey_DimacsSorter_28_0.cnf	3986	13057	3076	2993	5271	2705092	84	76	8	       31.80	       -0.06	14	859	SAT	        0.47
64	cadical_v21	10	320	C:/Users/cball/OneDrive/Documentos/Pessoal/ITA/SAT/Competições/SATRace2015-Sample/Benchmark/manthey_DimacsSorter_30_6.cnf	3638	11677	641028	630488	985654	118022135	23526	22172	1354	       28.71	       -0.06	2236	291539	SAT	       70.91
65	cadical_v21	10	320	C:/Users/cball/OneDrive/Documentos/Pessoal/ITA/SAT/Competições/SATRace2015-Sample/Benchmark/manthey_DimacsSorter_35_8.cnf	7351	24835	8435556	8291121	13733142	2154199093	365504	352525	12979	       38.77	       -0.06	21728	4663761	SAT	     2138.30
66	cadical_v21	10	320	C:/Users/cball/OneDrive/Documentos/Pessoal/ITA/SAT/Competições/SATRace2015-Sample/Benchmark/manthey_single-ordered-initialized-w14-b7.cnf	1225	7028	0	0	0	71	0	0	0	        0.00	        0.00	0	0	SAT	        0.00
67	cadical_v21	10	320	C:/Users/cball/OneDrive/Documentos/Pessoal/ITA/SAT/Competições/SATRace2015-Sample/Benchmark/manthey_single-ordered-initialized-w24-b7.cnf	2940	20028	8456	8268	15283	2521963	252	235	17	       18.16	       -0.06	28	5661	UNSAT	        0.73
68	cadical_v21	10	320	C:/Users/cball/OneDrive/Documentos/Pessoal/ITA/SAT/Competições/SATRace2015-Sample/Benchmark/manthey_single-ordered-initialized-w42-b8.cnf	9072	69944	879225	862336	1353449	374816857	22699	20404	2295	       27.85	       -0.04	3878	344645	UNSAT	      184.26
69	cadical_v21	10	320	C:/Users/cball/OneDrive/Documentos/Pessoal/ITA/SAT/Competições/SATRace2015-Sample/Benchmark/manthey_single-ordered-initialized-w54-b9.cnf	16281	130806	238722	233012	584974	226771569	5217	4571	646	       35.57	       -0.05	1100	140978	SAT	       69.13
70	cadical_v21	10	320	C:/Users/cball/OneDrive/Documentos/Pessoal/ITA/SAT/Competições/SATRace2015-Sample/Benchmark/minandmaxor128.cnf	249327	746442	1819300	1736778	15032673	2597293700	76284	74019	2265	       85.03	       -0.13	4291	2272441	UNSAT	      813.50
71	cadical_v21	10	320	C:/Users/cball/OneDrive/Documentos/Pessoal/ITA/SAT/Competições/SATRace2015-Sample/Benchmark/minxorminand064.cnf	40042	119355	524388	502202	3677495	64516496	23200	22438	762	       67.78	       -0.09	1301	1155304	UNSAT	       56.00
72	cadical_v21	10	320	C:/Users/cball/OneDrive/Documentos/Pessoal/ITA/SAT/Competições/SATRace2015-Sample/Benchmark/mrpp_4x4#4_4.cnf	748	3763	267	261	535	5685	0	0	0	        3.21	       -0.16	0	520	UNSAT	        0.00
73	cadical_v21	10	320	C:/Users/cball/OneDrive/Documentos/Pessoal/ITA/SAT/Competições/SATRace2015-Sample/Benchmark/mrpp_4x4#6_16.cnf	3328	17780	9442	9071	121503	1081704	708	701	7	        8.68	       -0.27	22	19391	SAT	        0.44
74	cadical_v21	10	320	C:/Users/cball/OneDrive/Documentos/Pessoal/ITA/SAT/Competições/SATRace2015-Sample/Benchmark/mrpp_6x6#12_8.cnf	3893	25257	20	19	26	614	0	0	0	        1.63	       -0.21	0	17	UNSAT	        0.03
75	cadical_v21	10	320	C:/Users/cball/OneDrive/Documentos/Pessoal/ITA/SAT/Competições/SATRace2015-Sample/Benchmark/mrpp_6x6#20_10.cnf	5291	41200	362981	353900	1016153	28145098	25904	25242	662	       21.06	       -0.15	1168	160870	UNSAT	       29.70
76	cadical_v21	10	320	C:/Users/cball/OneDrive/Documentos/Pessoal/ITA/SAT/Competições/SATRace2015-Sample/Benchmark/mrpp_8x8#24_24.cnf	22022	169452	3156160	3050759	32330156	331781703	136245	131676	4569	       20.19	       -0.19	9968	6176396	SAT	      294.01
77	cadical_v21	10	320	C:/Users/cball/OneDrive/Documentos/Pessoal/ITA/SAT/Competições/SATRace2015-Sample/Benchmark/openstacks-p30_3.085-SAT.cnf	324116	1430857	62254	59828	493796	205342212	734	575	159	     3626.50	       -0.07	278	59448	SAT	      191.28
78	cadical_v21	10	320	C:/Users/cball/OneDrive/Documentos/Pessoal/ITA/SAT/Competições/SATRace2015-Sample/Benchmark/partial-10-11-s.cnf	189456	835269	821525	757880	7607047	1628789989	24989	23061	1928	      398.55	       -0.09	3339	481133	SAT	      594.78
79	cadical_v21	10	320	C:/Users/cball/OneDrive/Documentos/Pessoal/ITA/SAT/Competições/SATRace2015-Sample/Benchmark/partial-5-17-s.cnf	252328	1169811	227940	205018	1771901	430386517	5989	5453	536	      405.20	       -0.10	959	190111	SAT	      157.98
80	cadical_v21	10	320	C:/Users/cball/OneDrive/Documentos/Pessoal/ITA/SAT/Competições/SATRace2015-Sample/Benchmark/post-c32s-ss-8.cnf	53752	135726	626188	610795	2995643	144869829	24612	23621	991	       19.00	       -0.13	1842	809305	UNSAT	       45.91
81	cadical_v21	10	320	C:/Users/cball/OneDrive/Documentos/Pessoal/ITA/SAT/Competições/SATRace2015-Sample/Benchmark/post-cbmc-aes-d-r2-noholes.cnf	276895	1356467	1230889	1225909	3499536	58451919	35398	32247	3151	       15.89	       -0.05	5158	737536	UNSAT	      129.81
82	cadical_v21	10	320	C:/Users/cball/OneDrive/Documentos/Pessoal/ITA/SAT/Competições/SATRace2015-Sample/Benchmark/post-cbmc-aes-d-r2.cnf	279119	1356467	1111884	1107377	3513363	55736676	38634	35458	3176	       14.88	       -0.05	5182	529844	UNSAT	      122.09
83	cadical_v21	10	320	C:/Users/cball/OneDrive/Documentos/Pessoal/ITA/SAT/Competições/SATRace2015-Sample/Benchmark/q_query_3_L200_coli.sat.cnf	670867	3355019	395460	387992	942887	671406216	21872	21223	649	       25.11	       -0.13	1155	224677	UNSAT	      218.66
84	cadical_v21	10	320	C:/Users/cball/OneDrive/Documentos/Pessoal/ITA/SAT/Competições/SATRace2015-Sample/Benchmark/q_query_3_L80_coli.sat.cnf	250567	1108439	362015	355515	1111591	205811976	17978	17331	647	       29.84	       -0.12	1153	508145	UNSAT	       72.81
85	cadical_v21	10	320	C:/Users/cball/OneDrive/Documentos/Pessoal/ITA/SAT/Competições/SATRace2015-Sample/Benchmark/transport-transport-city-sequential-25nodes-1000size-3degree-100mindistance-3trucks-10packages-2008seed.040-NOTKNOWN.cnf	482210	2306140	708442	598251	12424244	1542579156	9195	7751	1444	     1302.60	       -0.07	2488	1662522	SAT	      851.34
86	cadical_v21	10	320	C:/Users/cball/OneDrive/Documentos/Pessoal/ITA/SAT/Competições/SATRace2015-Sample/Benchmark/transport-transport-city-sequential-35nodes-1000size-4degree-100mindistance-4trucks-14packages-2008seed.040-NOTKNOWN.cnf	1260306	6039417	2520959	2012716	53326600	10391830569	24153	19694	4459	     2064.81	       -0.07	7571	7445651	IND	     4999.14
87	cadical_v21	10	320	C:/Users/cball/OneDrive/Documentos/Pessoal/ITA/SAT/Competições/SATRace2015-Sample/Benchmark/velev-vliw-uns-2.0-uq5.cnf	151669	2465730	424894	411628	11679374	616812662	20860	20250	610	       60.90	       -0.12	1116	2136849	UNSAT	      229.47
88	cadical_v21	10	320	C:/Users/cball/OneDrive/Documentos/Pessoal/ITA/SAT/Competições/SATRace2015-Sample/Benchmark/velev-vliw-uns-4.0-9-i1.cnf	154309	3230737	1206203	1166303	16590331	1618209548	41167	38483	2684	       70.99	       -0.11	4700	3636654	UNSAT	      502.52
89	cadical_v21	10	320	C:/Users/cball/OneDrive/Documentos/Pessoal/ITA/SAT/Competições/SATRace2015-Sample/Benchmark/vmpc_29.cnf 841 120147  8073205 7784570 17140188    840048897   299173  287034  12139   44.66   -0.07   20116   7581318 SAT 3080.56
90	cadical_v21	10	320	C:/Users/cball/OneDrive/Documentos/Pessoal/ITA/SAT/Competições/SATRace2015-Sample/Benchmark/vmpc_33.cnf 1089    177375  12090450    11663398    25976830    1556875395  319650  289892  29758   55.80   -0.06   49100   8641021 IND 4999.02